#
# TABLE STRUCTURE FOR: communities
#

DROP TABLE IF EXISTS `communities`;

CREATE TABLE `communities` (
  `id` int(11) NOT NULL AUTO_INCREMENT,
  `name` varchar(245) COLLATE utf8_unicode_ci NOT NULL,
  `admin_id` int(11) NOT NULL,
  PRIMARY KEY (`id`),
  KEY `fk_communities_users1_idx` (`admin_id`),
  CONSTRAINT `fk_communities_users1` FOREIGN KEY (`admin_id`) REFERENCES `users` (`id`) ON DELETE NO ACTION ON UPDATE NO ACTION
) ENGINE=InnoDB AUTO_INCREMENT=101 DEFAULT CHARSET=utf8 COLLATE=utf8_unicode_ci;

INSERT INTO `communities` (`id`, `name`, `admin_id`) VALUES (1, 'quisquam', 201);
INSERT INTO `communities` (`id`, `name`, `admin_id`) VALUES (2, 'cum', 202);
INSERT INTO `communities` (`id`, `name`, `admin_id`) VALUES (3, 'rerum', 203);
INSERT INTO `communities` (`id`, `name`, `admin_id`) VALUES (4, 'incidunt', 204);
INSERT INTO `communities` (`id`, `name`, `admin_id`) VALUES (5, 'velit', 205);
INSERT INTO `communities` (`id`, `name`, `admin_id`) VALUES (6, 'atque', 206);
INSERT INTO `communities` (`id`, `name`, `admin_id`) VALUES (7, 'aliquam', 208);
INSERT INTO `communities` (`id`, `name`, `admin_id`) VALUES (8, 'omnis', 209);
INSERT INTO `communities` (`id`, `name`, `admin_id`) VALUES (9, 'omnis', 210);
INSERT INTO `communities` (`id`, `name`, `admin_id`) VALUES (10, 'maiores', 211);
INSERT INTO `communities` (`id`, `name`, `admin_id`) VALUES (11, 'sapiente', 212);
INSERT INTO `communities` (`id`, `name`, `admin_id`) VALUES (12, 'ullam', 213);
INSERT INTO `communities` (`id`, `name`, `admin_id`) VALUES (13, 'iusto', 216);
INSERT INTO `communities` (`id`, `name`, `admin_id`) VALUES (14, 'tenetur', 217);
INSERT INTO `communities` (`id`, `name`, `admin_id`) VALUES (15, 'maiores', 218);
INSERT INTO `communities` (`id`, `name`, `admin_id`) VALUES (16, 'et', 220);
INSERT INTO `communities` (`id`, `name`, `admin_id`) VALUES (17, 'recusandae', 221);
INSERT INTO `communities` (`id`, `name`, `admin_id`) VALUES (18, 'voluptate', 222);
INSERT INTO `communities` (`id`, `name`, `admin_id`) VALUES (19, 'corrupti', 226);
INSERT INTO `communities` (`id`, `name`, `admin_id`) VALUES (20, 'quis', 227);
INSERT INTO `communities` (`id`, `name`, `admin_id`) VALUES (21, 'reprehenderit', 228);
INSERT INTO `communities` (`id`, `name`, `admin_id`) VALUES (22, 'mollitia', 229);
INSERT INTO `communities` (`id`, `name`, `admin_id`) VALUES (23, 'explicabo', 230);
INSERT INTO `communities` (`id`, `name`, `admin_id`) VALUES (24, 'hic', 231);
INSERT INTO `communities` (`id`, `name`, `admin_id`) VALUES (25, 'nemo', 232);
INSERT INTO `communities` (`id`, `name`, `admin_id`) VALUES (26, 'non', 233);
INSERT INTO `communities` (`id`, `name`, `admin_id`) VALUES (27, 'architecto', 234);
INSERT INTO `communities` (`id`, `name`, `admin_id`) VALUES (28, 'dolor', 236);
INSERT INTO `communities` (`id`, `name`, `admin_id`) VALUES (29, 'odio', 237);
INSERT INTO `communities` (`id`, `name`, `admin_id`) VALUES (30, 'suscipit', 238);
INSERT INTO `communities` (`id`, `name`, `admin_id`) VALUES (31, 'consequuntur', 240);
INSERT INTO `communities` (`id`, `name`, `admin_id`) VALUES (32, 'in', 241);
INSERT INTO `communities` (`id`, `name`, `admin_id`) VALUES (33, 'vel', 242);
INSERT INTO `communities` (`id`, `name`, `admin_id`) VALUES (34, 'dolores', 245);
INSERT INTO `communities` (`id`, `name`, `admin_id`) VALUES (35, 'enim', 246);
INSERT INTO `communities` (`id`, `name`, `admin_id`) VALUES (36, 'quisquam', 247);
INSERT INTO `communities` (`id`, `name`, `admin_id`) VALUES (37, 'beatae', 248);
INSERT INTO `communities` (`id`, `name`, `admin_id`) VALUES (38, 'ut', 250);
INSERT INTO `communities` (`id`, `name`, `admin_id`) VALUES (39, 'et', 253);
INSERT INTO `communities` (`id`, `name`, `admin_id`) VALUES (40, 'ipsum', 254);
INSERT INTO `communities` (`id`, `name`, `admin_id`) VALUES (41, 'iure', 255);
INSERT INTO `communities` (`id`, `name`, `admin_id`) VALUES (42, 'recusandae', 257);
INSERT INTO `communities` (`id`, `name`, `admin_id`) VALUES (43, 'aut', 258);
INSERT INTO `communities` (`id`, `name`, `admin_id`) VALUES (44, 'vero', 261);
INSERT INTO `communities` (`id`, `name`, `admin_id`) VALUES (45, 'ea', 262);
INSERT INTO `communities` (`id`, `name`, `admin_id`) VALUES (46, 'mollitia', 263);
INSERT INTO `communities` (`id`, `name`, `admin_id`) VALUES (47, 'voluptas', 264);
INSERT INTO `communities` (`id`, `name`, `admin_id`) VALUES (48, 'possimus', 265);
INSERT INTO `communities` (`id`, `name`, `admin_id`) VALUES (49, 'nulla', 267);
INSERT INTO `communities` (`id`, `name`, `admin_id`) VALUES (50, 'pariatur', 269);
INSERT INTO `communities` (`id`, `name`, `admin_id`) VALUES (51, 'sed', 270);
INSERT INTO `communities` (`id`, `name`, `admin_id`) VALUES (52, 'quidem', 273);
INSERT INTO `communities` (`id`, `name`, `admin_id`) VALUES (53, 'repellendus', 274);
INSERT INTO `communities` (`id`, `name`, `admin_id`) VALUES (54, 'maiores', 275);
INSERT INTO `communities` (`id`, `name`, `admin_id`) VALUES (55, 'et', 276);
INSERT INTO `communities` (`id`, `name`, `admin_id`) VALUES (56, 'officia', 278);
INSERT INTO `communities` (`id`, `name`, `admin_id`) VALUES (57, 'cumque', 279);
INSERT INTO `communities` (`id`, `name`, `admin_id`) VALUES (58, 'vero', 280);
INSERT INTO `communities` (`id`, `name`, `admin_id`) VALUES (59, 'omnis', 281);
INSERT INTO `communities` (`id`, `name`, `admin_id`) VALUES (60, 'accusantium', 284);
INSERT INTO `communities` (`id`, `name`, `admin_id`) VALUES (61, 'quisquam', 286);
INSERT INTO `communities` (`id`, `name`, `admin_id`) VALUES (62, 'quia', 287);
INSERT INTO `communities` (`id`, `name`, `admin_id`) VALUES (63, 'dolore', 288);
INSERT INTO `communities` (`id`, `name`, `admin_id`) VALUES (64, 'labore', 289);
INSERT INTO `communities` (`id`, `name`, `admin_id`) VALUES (65, 'sapiente', 290);
INSERT INTO `communities` (`id`, `name`, `admin_id`) VALUES (66, 'et', 292);
INSERT INTO `communities` (`id`, `name`, `admin_id`) VALUES (67, 'exercitationem', 295);
INSERT INTO `communities` (`id`, `name`, `admin_id`) VALUES (68, 'rerum', 296);
INSERT INTO `communities` (`id`, `name`, `admin_id`) VALUES (69, 'alias', 297);
INSERT INTO `communities` (`id`, `name`, `admin_id`) VALUES (70, 'odit', 298);
INSERT INTO `communities` (`id`, `name`, `admin_id`) VALUES (71, 'ipsa', 304);
INSERT INTO `communities` (`id`, `name`, `admin_id`) VALUES (72, 'distinctio', 305);
INSERT INTO `communities` (`id`, `name`, `admin_id`) VALUES (73, 'provident', 307);
INSERT INTO `communities` (`id`, `name`, `admin_id`) VALUES (74, 'sunt', 309);
INSERT INTO `communities` (`id`, `name`, `admin_id`) VALUES (75, 'voluptatibus', 310);
INSERT INTO `communities` (`id`, `name`, `admin_id`) VALUES (76, 'quidem', 312);
INSERT INTO `communities` (`id`, `name`, `admin_id`) VALUES (77, 'ex', 314);
INSERT INTO `communities` (`id`, `name`, `admin_id`) VALUES (78, 'officia', 315);
INSERT INTO `communities` (`id`, `name`, `admin_id`) VALUES (79, 'adipisci', 317);
INSERT INTO `communities` (`id`, `name`, `admin_id`) VALUES (80, 'consequatur', 319);
INSERT INTO `communities` (`id`, `name`, `admin_id`) VALUES (81, 'ut', 322);
INSERT INTO `communities` (`id`, `name`, `admin_id`) VALUES (82, 'corrupti', 323);
INSERT INTO `communities` (`id`, `name`, `admin_id`) VALUES (83, 'nulla', 324);
INSERT INTO `communities` (`id`, `name`, `admin_id`) VALUES (84, 'rerum', 325);
INSERT INTO `communities` (`id`, `name`, `admin_id`) VALUES (85, 'rerum', 326);
INSERT INTO `communities` (`id`, `name`, `admin_id`) VALUES (86, 'incidunt', 327);
INSERT INTO `communities` (`id`, `name`, `admin_id`) VALUES (87, 'at', 328);
INSERT INTO `communities` (`id`, `name`, `admin_id`) VALUES (88, 'ad', 329);
INSERT INTO `communities` (`id`, `name`, `admin_id`) VALUES (89, 'tenetur', 331);
INSERT INTO `communities` (`id`, `name`, `admin_id`) VALUES (90, 'quia', 332);
INSERT INTO `communities` (`id`, `name`, `admin_id`) VALUES (91, 'impedit', 333);
INSERT INTO `communities` (`id`, `name`, `admin_id`) VALUES (92, 'rerum', 334);
INSERT INTO `communities` (`id`, `name`, `admin_id`) VALUES (93, 'ut', 335);
INSERT INTO `communities` (`id`, `name`, `admin_id`) VALUES (94, 'aut', 336);
INSERT INTO `communities` (`id`, `name`, `admin_id`) VALUES (95, 'nisi', 337);
INSERT INTO `communities` (`id`, `name`, `admin_id`) VALUES (96, 'et', 340);
INSERT INTO `communities` (`id`, `name`, `admin_id`) VALUES (97, 'aperiam', 342);
INSERT INTO `communities` (`id`, `name`, `admin_id`) VALUES (98, 'in', 344);
INSERT INTO `communities` (`id`, `name`, `admin_id`) VALUES (99, 'nemo', 345);
INSERT INTO `communities` (`id`, `name`, `admin_id`) VALUES (100, 'nobis', 347);


#
# TABLE STRUCTURE FOR: friend_requests
#

DROP TABLE IF EXISTS `friend_requests`;

CREATE TABLE `friend_requests` (
  `from_user_id` int(11) NOT NULL,
  `to_user_id` int(11) NOT NULL,
  `status` tinyint(1) unsigned NOT NULL COMMENT 'статус: 0 - запрос, 1 - подтвержден, 2 - отклонен',
  PRIMARY KEY (`from_user_id`,`to_user_id`),
  KEY `fk_friend_requests_users1_idx` (`from_user_id`),
  KEY `fk_friend_requests_users2_idx` (`to_user_id`),
  CONSTRAINT `fk_friend_requests_users1` FOREIGN KEY (`from_user_id`) REFERENCES `users` (`id`) ON DELETE NO ACTION ON UPDATE NO ACTION,
  CONSTRAINT `fk_friend_requests_users2` FOREIGN KEY (`to_user_id`) REFERENCES `users` (`id`) ON DELETE NO ACTION ON UPDATE NO ACTION
) ENGINE=InnoDB DEFAULT CHARSET=utf8 COLLATE=utf8_unicode_ci;

INSERT INTO `friend_requests` (`from_user_id`, `to_user_id`, `status`) VALUES (201, 201, 0);
INSERT INTO `friend_requests` (`from_user_id`, `to_user_id`, `status`) VALUES (202, 202, 0);
INSERT INTO `friend_requests` (`from_user_id`, `to_user_id`, `status`) VALUES (203, 203, 0);
INSERT INTO `friend_requests` (`from_user_id`, `to_user_id`, `status`) VALUES (204, 204, 0);
INSERT INTO `friend_requests` (`from_user_id`, `to_user_id`, `status`) VALUES (205, 205, 0);
INSERT INTO `friend_requests` (`from_user_id`, `to_user_id`, `status`) VALUES (206, 206, 0);
INSERT INTO `friend_requests` (`from_user_id`, `to_user_id`, `status`) VALUES (208, 208, 0);
INSERT INTO `friend_requests` (`from_user_id`, `to_user_id`, `status`) VALUES (209, 209, 0);
INSERT INTO `friend_requests` (`from_user_id`, `to_user_id`, `status`) VALUES (210, 210, 0);
INSERT INTO `friend_requests` (`from_user_id`, `to_user_id`, `status`) VALUES (211, 211, 0);
INSERT INTO `friend_requests` (`from_user_id`, `to_user_id`, `status`) VALUES (212, 212, 0);
INSERT INTO `friend_requests` (`from_user_id`, `to_user_id`, `status`) VALUES (213, 213, 0);
INSERT INTO `friend_requests` (`from_user_id`, `to_user_id`, `status`) VALUES (216, 216, 0);
INSERT INTO `friend_requests` (`from_user_id`, `to_user_id`, `status`) VALUES (217, 217, 0);
INSERT INTO `friend_requests` (`from_user_id`, `to_user_id`, `status`) VALUES (218, 218, 0);
INSERT INTO `friend_requests` (`from_user_id`, `to_user_id`, `status`) VALUES (220, 220, 0);
INSERT INTO `friend_requests` (`from_user_id`, `to_user_id`, `status`) VALUES (221, 221, 0);
INSERT INTO `friend_requests` (`from_user_id`, `to_user_id`, `status`) VALUES (222, 222, 0);
INSERT INTO `friend_requests` (`from_user_id`, `to_user_id`, `status`) VALUES (226, 226, 0);
INSERT INTO `friend_requests` (`from_user_id`, `to_user_id`, `status`) VALUES (227, 227, 0);
INSERT INTO `friend_requests` (`from_user_id`, `to_user_id`, `status`) VALUES (228, 228, 0);
INSERT INTO `friend_requests` (`from_user_id`, `to_user_id`, `status`) VALUES (229, 229, 0);
INSERT INTO `friend_requests` (`from_user_id`, `to_user_id`, `status`) VALUES (230, 230, 0);
INSERT INTO `friend_requests` (`from_user_id`, `to_user_id`, `status`) VALUES (231, 231, 0);
INSERT INTO `friend_requests` (`from_user_id`, `to_user_id`, `status`) VALUES (232, 232, 0);
INSERT INTO `friend_requests` (`from_user_id`, `to_user_id`, `status`) VALUES (233, 233, 0);
INSERT INTO `friend_requests` (`from_user_id`, `to_user_id`, `status`) VALUES (234, 234, 0);
INSERT INTO `friend_requests` (`from_user_id`, `to_user_id`, `status`) VALUES (236, 236, 0);
INSERT INTO `friend_requests` (`from_user_id`, `to_user_id`, `status`) VALUES (237, 237, 0);
INSERT INTO `friend_requests` (`from_user_id`, `to_user_id`, `status`) VALUES (238, 238, 0);
INSERT INTO `friend_requests` (`from_user_id`, `to_user_id`, `status`) VALUES (240, 240, 0);
INSERT INTO `friend_requests` (`from_user_id`, `to_user_id`, `status`) VALUES (241, 241, 0);
INSERT INTO `friend_requests` (`from_user_id`, `to_user_id`, `status`) VALUES (242, 242, 0);
INSERT INTO `friend_requests` (`from_user_id`, `to_user_id`, `status`) VALUES (245, 245, 0);
INSERT INTO `friend_requests` (`from_user_id`, `to_user_id`, `status`) VALUES (246, 246, 0);
INSERT INTO `friend_requests` (`from_user_id`, `to_user_id`, `status`) VALUES (247, 247, 0);
INSERT INTO `friend_requests` (`from_user_id`, `to_user_id`, `status`) VALUES (248, 248, 0);
INSERT INTO `friend_requests` (`from_user_id`, `to_user_id`, `status`) VALUES (250, 250, 0);
INSERT INTO `friend_requests` (`from_user_id`, `to_user_id`, `status`) VALUES (253, 253, 0);
INSERT INTO `friend_requests` (`from_user_id`, `to_user_id`, `status`) VALUES (254, 254, 0);
INSERT INTO `friend_requests` (`from_user_id`, `to_user_id`, `status`) VALUES (255, 255, 0);
INSERT INTO `friend_requests` (`from_user_id`, `to_user_id`, `status`) VALUES (257, 257, 0);
INSERT INTO `friend_requests` (`from_user_id`, `to_user_id`, `status`) VALUES (258, 258, 0);
INSERT INTO `friend_requests` (`from_user_id`, `to_user_id`, `status`) VALUES (261, 261, 0);
INSERT INTO `friend_requests` (`from_user_id`, `to_user_id`, `status`) VALUES (262, 262, 0);
INSERT INTO `friend_requests` (`from_user_id`, `to_user_id`, `status`) VALUES (263, 263, 0);
INSERT INTO `friend_requests` (`from_user_id`, `to_user_id`, `status`) VALUES (264, 264, 0);
INSERT INTO `friend_requests` (`from_user_id`, `to_user_id`, `status`) VALUES (265, 265, 0);
INSERT INTO `friend_requests` (`from_user_id`, `to_user_id`, `status`) VALUES (267, 267, 0);
INSERT INTO `friend_requests` (`from_user_id`, `to_user_id`, `status`) VALUES (269, 269, 0);
INSERT INTO `friend_requests` (`from_user_id`, `to_user_id`, `status`) VALUES (270, 270, 0);
INSERT INTO `friend_requests` (`from_user_id`, `to_user_id`, `status`) VALUES (273, 273, 0);
INSERT INTO `friend_requests` (`from_user_id`, `to_user_id`, `status`) VALUES (274, 274, 0);
INSERT INTO `friend_requests` (`from_user_id`, `to_user_id`, `status`) VALUES (275, 275, 0);
INSERT INTO `friend_requests` (`from_user_id`, `to_user_id`, `status`) VALUES (276, 276, 0);
INSERT INTO `friend_requests` (`from_user_id`, `to_user_id`, `status`) VALUES (278, 278, 0);
INSERT INTO `friend_requests` (`from_user_id`, `to_user_id`, `status`) VALUES (279, 279, 0);
INSERT INTO `friend_requests` (`from_user_id`, `to_user_id`, `status`) VALUES (280, 280, 0);
INSERT INTO `friend_requests` (`from_user_id`, `to_user_id`, `status`) VALUES (281, 281, 0);
INSERT INTO `friend_requests` (`from_user_id`, `to_user_id`, `status`) VALUES (284, 284, 0);
INSERT INTO `friend_requests` (`from_user_id`, `to_user_id`, `status`) VALUES (286, 286, 0);
INSERT INTO `friend_requests` (`from_user_id`, `to_user_id`, `status`) VALUES (287, 287, 0);
INSERT INTO `friend_requests` (`from_user_id`, `to_user_id`, `status`) VALUES (288, 288, 0);
INSERT INTO `friend_requests` (`from_user_id`, `to_user_id`, `status`) VALUES (289, 289, 0);
INSERT INTO `friend_requests` (`from_user_id`, `to_user_id`, `status`) VALUES (290, 290, 0);
INSERT INTO `friend_requests` (`from_user_id`, `to_user_id`, `status`) VALUES (292, 292, 0);
INSERT INTO `friend_requests` (`from_user_id`, `to_user_id`, `status`) VALUES (295, 295, 0);
INSERT INTO `friend_requests` (`from_user_id`, `to_user_id`, `status`) VALUES (296, 296, 0);
INSERT INTO `friend_requests` (`from_user_id`, `to_user_id`, `status`) VALUES (297, 297, 0);
INSERT INTO `friend_requests` (`from_user_id`, `to_user_id`, `status`) VALUES (298, 298, 0);
INSERT INTO `friend_requests` (`from_user_id`, `to_user_id`, `status`) VALUES (304, 304, 0);
INSERT INTO `friend_requests` (`from_user_id`, `to_user_id`, `status`) VALUES (305, 305, 0);
INSERT INTO `friend_requests` (`from_user_id`, `to_user_id`, `status`) VALUES (307, 307, 0);
INSERT INTO `friend_requests` (`from_user_id`, `to_user_id`, `status`) VALUES (309, 309, 0);
INSERT INTO `friend_requests` (`from_user_id`, `to_user_id`, `status`) VALUES (310, 310, 0);
INSERT INTO `friend_requests` (`from_user_id`, `to_user_id`, `status`) VALUES (312, 312, 0);
INSERT INTO `friend_requests` (`from_user_id`, `to_user_id`, `status`) VALUES (314, 314, 0);
INSERT INTO `friend_requests` (`from_user_id`, `to_user_id`, `status`) VALUES (315, 315, 0);
INSERT INTO `friend_requests` (`from_user_id`, `to_user_id`, `status`) VALUES (317, 317, 0);
INSERT INTO `friend_requests` (`from_user_id`, `to_user_id`, `status`) VALUES (319, 319, 0);
INSERT INTO `friend_requests` (`from_user_id`, `to_user_id`, `status`) VALUES (322, 322, 0);
INSERT INTO `friend_requests` (`from_user_id`, `to_user_id`, `status`) VALUES (323, 323, 0);
INSERT INTO `friend_requests` (`from_user_id`, `to_user_id`, `status`) VALUES (324, 324, 0);
INSERT INTO `friend_requests` (`from_user_id`, `to_user_id`, `status`) VALUES (325, 325, 0);
INSERT INTO `friend_requests` (`from_user_id`, `to_user_id`, `status`) VALUES (326, 326, 0);
INSERT INTO `friend_requests` (`from_user_id`, `to_user_id`, `status`) VALUES (327, 327, 0);
INSERT INTO `friend_requests` (`from_user_id`, `to_user_id`, `status`) VALUES (328, 328, 0);
INSERT INTO `friend_requests` (`from_user_id`, `to_user_id`, `status`) VALUES (329, 329, 0);
INSERT INTO `friend_requests` (`from_user_id`, `to_user_id`, `status`) VALUES (331, 331, 0);
INSERT INTO `friend_requests` (`from_user_id`, `to_user_id`, `status`) VALUES (332, 332, 0);
INSERT INTO `friend_requests` (`from_user_id`, `to_user_id`, `status`) VALUES (333, 333, 0);
INSERT INTO `friend_requests` (`from_user_id`, `to_user_id`, `status`) VALUES (334, 334, 0);
INSERT INTO `friend_requests` (`from_user_id`, `to_user_id`, `status`) VALUES (335, 335, 0);
INSERT INTO `friend_requests` (`from_user_id`, `to_user_id`, `status`) VALUES (336, 336, 0);
INSERT INTO `friend_requests` (`from_user_id`, `to_user_id`, `status`) VALUES (337, 337, 0);
INSERT INTO `friend_requests` (`from_user_id`, `to_user_id`, `status`) VALUES (340, 340, 0);
INSERT INTO `friend_requests` (`from_user_id`, `to_user_id`, `status`) VALUES (342, 342, 0);
INSERT INTO `friend_requests` (`from_user_id`, `to_user_id`, `status`) VALUES (344, 344, 0);
INSERT INTO `friend_requests` (`from_user_id`, `to_user_id`, `status`) VALUES (345, 345, 0);
INSERT INTO `friend_requests` (`from_user_id`, `to_user_id`, `status`) VALUES (347, 347, 0);


#
# TABLE STRUCTURE FOR: likes
#

DROP TABLE IF EXISTS `likes`;

CREATE TABLE `likes` (
  `id` int(11) NOT NULL,
  `media_id` int(11) NOT NULL,
  `users_id` int(11) NOT NULL,
  `posts_id` int(11) NOT NULL,
  PRIMARY KEY (`id`),
  KEY `fk_likes_media1_idx` (`media_id`),
  KEY `fk_likes_users1_idx` (`users_id`),
  KEY `fk_likes_posts1_idx` (`posts_id`),
  CONSTRAINT `fk_likes_media1` FOREIGN KEY (`media_id`) REFERENCES `media` (`id`) ON DELETE NO ACTION ON UPDATE NO ACTION,
  CONSTRAINT `fk_likes_posts1` FOREIGN KEY (`posts_id`) REFERENCES `posts` (`id`) ON DELETE NO ACTION ON UPDATE NO ACTION,
  CONSTRAINT `fk_likes_users1` FOREIGN KEY (`users_id`) REFERENCES `users` (`id`) ON DELETE NO ACTION ON UPDATE NO ACTION
) ENGINE=InnoDB DEFAULT CHARSET=utf8 COLLATE=utf8_unicode_ci;

INSERT INTO `likes` (`id`, `media_id`, `users_id`, `posts_id`) VALUES (0, 13, 216, 55);
INSERT INTO `likes` (`id`, `media_id`, `users_id`, `posts_id`) VALUES (1, 91, 333, 89736329);
INSERT INTO `likes` (`id`, `media_id`, `users_id`, `posts_id`) VALUES (2, 95, 337, 368051427);
INSERT INTO `likes` (`id`, `media_id`, `users_id`, `posts_id`) VALUES (4, 17, 221, 80);
INSERT INTO `likes` (`id`, `media_id`, `users_id`, `posts_id`) VALUES (5, 75, 310, 5207861);
INSERT INTO `likes` (`id`, `media_id`, `users_id`, `posts_id`) VALUES (7, 16, 220, 78);
INSERT INTO `likes` (`id`, `media_id`, `users_id`, `posts_id`) VALUES (8, 28, 236, 663);
INSERT INTO `likes` (`id`, `media_id`, `users_id`, `posts_id`) VALUES (9, 77, 314, 6314947);
INSERT INTO `likes` (`id`, `media_id`, `users_id`, `posts_id`) VALUES (15, 89, 331, 78463186);
INSERT INTO `likes` (`id`, `media_id`, `users_id`, `posts_id`) VALUES (23, 42, 257, 8720);
INSERT INTO `likes` (`id`, `media_id`, `users_id`, `posts_id`) VALUES (31, 100, 347, 775408494);
INSERT INTO `likes` (`id`, `media_id`, `users_id`, `posts_id`) VALUES (52, 80, 319, 8954407);
INSERT INTO `likes` (`id`, `media_id`, `users_id`, `posts_id`) VALUES (55, 99, 345, 627126795);
INSERT INTO `likes` (`id`, `media_id`, `users_id`, `posts_id`) VALUES (58, 30, 238, 735);
INSERT INTO `likes` (`id`, `media_id`, `users_id`, `posts_id`) VALUES (63, 41, 255, 8232);
INSERT INTO `likes` (`id`, `media_id`, `users_id`, `posts_id`) VALUES (87, 90, 332, 81339881);
INSERT INTO `likes` (`id`, `media_id`, `users_id`, `posts_id`) VALUES (94, 4, 204, 3);
INSERT INTO `likes` (`id`, `media_id`, `users_id`, `posts_id`) VALUES (186, 27, 234, 634);
INSERT INTO `likes` (`id`, `media_id`, `users_id`, `posts_id`) VALUES (321, 1, 201, 0);
INSERT INTO `likes` (`id`, `media_id`, `users_id`, `posts_id`) VALUES (506, 19, 226, 132);
INSERT INTO `likes` (`id`, `media_id`, `users_id`, `posts_id`) VALUES (581, 70, 298, 1597709);
INSERT INTO `likes` (`id`, `media_id`, `users_id`, `posts_id`) VALUES (661, 94, 336, 99219438);
INSERT INTO `likes` (`id`, `media_id`, `users_id`, `posts_id`) VALUES (678, 23, 230, 294);
INSERT INTO `likes` (`id`, `media_id`, `users_id`, `posts_id`) VALUES (735, 47, 264, 28346);
INSERT INTO `likes` (`id`, `media_id`, `users_id`, `posts_id`) VALUES (866, 25, 232, 379);
INSERT INTO `likes` (`id`, `media_id`, `users_id`, `posts_id`) VALUES (869, 88, 329, 53716536);
INSERT INTO `likes` (`id`, `media_id`, `users_id`, `posts_id`) VALUES (1940, 52, 273, 56809);
INSERT INTO `likes` (`id`, `media_id`, `users_id`, `posts_id`) VALUES (4060, 53, 274, 73122);
INSERT INTO `likes` (`id`, `media_id`, `users_id`, `posts_id`) VALUES (4209, 61, 286, 199014);
INSERT INTO `likes` (`id`, `media_id`, `users_id`, `posts_id`) VALUES (4621, 58, 280, 95578);
INSERT INTO `likes` (`id`, `media_id`, `users_id`, `posts_id`) VALUES (5288, 10, 211, 9);
INSERT INTO `likes` (`id`, `media_id`, `users_id`, `posts_id`) VALUES (6488, 63, 288, 281965);
INSERT INTO `likes` (`id`, `media_id`, `users_id`, `posts_id`) VALUES (6763, 38, 250, 7401);
INSERT INTO `likes` (`id`, `media_id`, `users_id`, `posts_id`) VALUES (6848, 36, 247, 5592);
INSERT INTO `likes` (`id`, `media_id`, `users_id`, `posts_id`) VALUES (7505, 65, 290, 507845);
INSERT INTO `likes` (`id`, `media_id`, `users_id`, `posts_id`) VALUES (7757, 49, 267, 49698);
INSERT INTO `likes` (`id`, `media_id`, `users_id`, `posts_id`) VALUES (7979, 59, 281, 98563);
INSERT INTO `likes` (`id`, `media_id`, `users_id`, `posts_id`) VALUES (9223, 82, 323, 18827127);
INSERT INTO `likes` (`id`, `media_id`, `users_id`, `posts_id`) VALUES (17332, 11, 212, 32);
INSERT INTO `likes` (`id`, `media_id`, `users_id`, `posts_id`) VALUES (33241, 86, 327, 42590991);
INSERT INTO `likes` (`id`, `media_id`, `users_id`, `posts_id`) VALUES (37297, 97, 342, 591943593);
INSERT INTO `likes` (`id`, `media_id`, `users_id`, `posts_id`) VALUES (46726, 14, 217, 61);
INSERT INTO `likes` (`id`, `media_id`, `users_id`, `posts_id`) VALUES (47091, 37, 248, 6415);
INSERT INTO `likes` (`id`, `media_id`, `users_id`, `posts_id`) VALUES (48798, 69, 297, 817333);
INSERT INTO `likes` (`id`, `media_id`, `users_id`, `posts_id`) VALUES (68100, 51, 270, 52962);
INSERT INTO `likes` (`id`, `media_id`, `users_id`, `posts_id`) VALUES (69006, 87, 328, 43542174);
INSERT INTO `likes` (`id`, `media_id`, `users_id`, `posts_id`) VALUES (73995, 54, 275, 80163);
INSERT INTO `likes` (`id`, `media_id`, `users_id`, `posts_id`) VALUES (74480, 22, 229, 282);
INSERT INTO `likes` (`id`, `media_id`, `users_id`, `posts_id`) VALUES (79750, 46, 263, 24619);
INSERT INTO `likes` (`id`, `media_id`, `users_id`, `posts_id`) VALUES (83427, 64, 289, 383637);
INSERT INTO `likes` (`id`, `media_id`, `users_id`, `posts_id`) VALUES (85406, 85, 326, 39347766);
INSERT INTO `likes` (`id`, `media_id`, `users_id`, `posts_id`) VALUES (87100, 72, 305, 3575862);
INSERT INTO `likes` (`id`, `media_id`, `users_id`, `posts_id`) VALUES (96108, 66, 292, 568833);
INSERT INTO `likes` (`id`, `media_id`, `users_id`, `posts_id`) VALUES (98239, 9, 210, 8);
INSERT INTO `likes` (`id`, `media_id`, `users_id`, `posts_id`) VALUES (133443, 50, 269, 51119);
INSERT INTO `likes` (`id`, `media_id`, `users_id`, `posts_id`) VALUES (407805, 71, 304, 1645781);
INSERT INTO `likes` (`id`, `media_id`, `users_id`, `posts_id`) VALUES (612848, 92, 334, 92036215);
INSERT INTO `likes` (`id`, `media_id`, `users_id`, `posts_id`) VALUES (1335875, 6, 206, 5);
INSERT INTO `likes` (`id`, `media_id`, `users_id`, `posts_id`) VALUES (2095940, 35, 246, 4864);
INSERT INTO `likes` (`id`, `media_id`, `users_id`, `posts_id`) VALUES (3400294, 79, 317, 8140082);
INSERT INTO `likes` (`id`, `media_id`, `users_id`, `posts_id`) VALUES (3768643, 73, 307, 4014906);
INSERT INTO `likes` (`id`, `media_id`, `users_id`, `posts_id`) VALUES (4081768, 20, 227, 134);
INSERT INTO `likes` (`id`, `media_id`, `users_id`, `posts_id`) VALUES (4414319, 31, 240, 979);
INSERT INTO `likes` (`id`, `media_id`, `users_id`, `posts_id`) VALUES (4477666, 78, 315, 7712598);
INSERT INTO `likes` (`id`, `media_id`, `users_id`, `posts_id`) VALUES (4482861, 12, 213, 38);
INSERT INTO `likes` (`id`, `media_id`, `users_id`, `posts_id`) VALUES (6000274, 55, 276, 82353);
INSERT INTO `likes` (`id`, `media_id`, `users_id`, `posts_id`) VALUES (6484121, 33, 242, 3505);
INSERT INTO `likes` (`id`, `media_id`, `users_id`, `posts_id`) VALUES (8005324, 39, 253, 7418);
INSERT INTO `likes` (`id`, `media_id`, `users_id`, `posts_id`) VALUES (8297980, 44, 261, 14238);
INSERT INTO `likes` (`id`, `media_id`, `users_id`, `posts_id`) VALUES (9918745, 32, 241, 3194);
INSERT INTO `likes` (`id`, `media_id`, `users_id`, `posts_id`) VALUES (19806485, 68, 296, 692396);
INSERT INTO `likes` (`id`, `media_id`, `users_id`, `posts_id`) VALUES (20600722, 76, 312, 5676592);
INSERT INTO `likes` (`id`, `media_id`, `users_id`, `posts_id`) VALUES (23874290, 8, 209, 7);
INSERT INTO `likes` (`id`, `media_id`, `users_id`, `posts_id`) VALUES (24625820, 43, 258, 9416);
INSERT INTO `likes` (`id`, `media_id`, `users_id`, `posts_id`) VALUES (35783285, 93, 335, 96341447);
INSERT INTO `likes` (`id`, `media_id`, `users_id`, `posts_id`) VALUES (47757749, 74, 309, 4383229);
INSERT INTO `likes` (`id`, `media_id`, `users_id`, `posts_id`) VALUES (49564470, 45, 262, 20484);
INSERT INTO `likes` (`id`, `media_id`, `users_id`, `posts_id`) VALUES (55806985, 67, 295, 680615);
INSERT INTO `likes` (`id`, `media_id`, `users_id`, `posts_id`) VALUES (70836243, 57, 279, 88344);
INSERT INTO `likes` (`id`, `media_id`, `users_id`, `posts_id`) VALUES (73253831, 34, 245, 3567);
INSERT INTO `likes` (`id`, `media_id`, `users_id`, `posts_id`) VALUES (77722468, 96, 340, 556089964);
INSERT INTO `likes` (`id`, `media_id`, `users_id`, `posts_id`) VALUES (89143293, 48, 265, 45922);
INSERT INTO `likes` (`id`, `media_id`, `users_id`, `posts_id`) VALUES (90781918, 5, 205, 4);
INSERT INTO `likes` (`id`, `media_id`, `users_id`, `posts_id`) VALUES (91458176, 62, 287, 280707);
INSERT INTO `likes` (`id`, `media_id`, `users_id`, `posts_id`) VALUES (93143197, 26, 233, 545);
INSERT INTO `likes` (`id`, `media_id`, `users_id`, `posts_id`) VALUES (96055324, 81, 322, 17021692);
INSERT INTO `likes` (`id`, `media_id`, `users_id`, `posts_id`) VALUES (96678560, 83, 324, 21825232);
INSERT INTO `likes` (`id`, `media_id`, `users_id`, `posts_id`) VALUES (233997217, 24, 231, 311);
INSERT INTO `likes` (`id`, `media_id`, `users_id`, `posts_id`) VALUES (255635788, 15, 218, 68);
INSERT INTO `likes` (`id`, `media_id`, `users_id`, `posts_id`) VALUES (317068966, 18, 222, 85);
INSERT INTO `likes` (`id`, `media_id`, `users_id`, `posts_id`) VALUES (338521306, 7, 208, 6);
INSERT INTO `likes` (`id`, `media_id`, `users_id`, `posts_id`) VALUES (369101610, 84, 325, 32819124);
INSERT INTO `likes` (`id`, `media_id`, `users_id`, `posts_id`) VALUES (465308445, 98, 344, 619609278);
INSERT INTO `likes` (`id`, `media_id`, `users_id`, `posts_id`) VALUES (469442199, 60, 284, 177711);
INSERT INTO `likes` (`id`, `media_id`, `users_id`, `posts_id`) VALUES (528485147, 2, 202, 1);
INSERT INTO `likes` (`id`, `media_id`, `users_id`, `posts_id`) VALUES (598003700, 21, 228, 262);
INSERT INTO `likes` (`id`, `media_id`, `users_id`, `posts_id`) VALUES (747709698, 3, 203, 2);
INSERT INTO `likes` (`id`, `media_id`, `users_id`, `posts_id`) VALUES (850772094, 40, 254, 7592);
INSERT INTO `likes` (`id`, `media_id`, `users_id`, `posts_id`) VALUES (854966116, 56, 278, 82788);
INSERT INTO `likes` (`id`, `media_id`, `users_id`, `posts_id`) VALUES (903065932, 29, 237, 688);


#
# TABLE STRUCTURE FOR: media
#

DROP TABLE IF EXISTS `media`;

CREATE TABLE `media` (
  `id` int(11) NOT NULL AUTO_INCREMENT,
  `media_type_id` int(11) NOT NULL,
  `text` text COLLATE utf8_unicode_ci DEFAULT NULL,
  `file` blob DEFAULT NULL COMMENT '/files/img/01.jpg',
  `size` int(11) DEFAULT NULL,
  `metadata` longtext CHARACTER SET utf8mb4 COLLATE utf8mb4_bin DEFAULT NULL CHECK (json_valid(`metadata`)),
  PRIMARY KEY (`id`),
  KEY `fk_media_media_types1_idx` (`media_type_id`),
  CONSTRAINT `fk_media_media_types1` FOREIGN KEY (`media_type_id`) REFERENCES `media_types` (`id`) ON DELETE NO ACTION ON UPDATE NO ACTION
) ENGINE=InnoDB AUTO_INCREMENT=101 DEFAULT CHARSET=utf8 COLLATE=utf8_unicode_ci;

INSERT INTO `media` (`id`, `media_type_id`, `text`, `file`, `size`, `metadata`) VALUES (1, 1, 'Velit vitae maxime cumque error optio laboriosam. Quod velit incidunt fugit rerum impedit quod ipsum. Dolorem est explicabo sed qui. Nesciunt magnam tenetur corrupti necessitatibus dolores autem.', NULL, 3, NULL);
INSERT INTO `media` (`id`, `media_type_id`, `text`, `file`, `size`, `metadata`) VALUES (2, 2, 'Cupiditate sed voluptatum est dolorum eveniet. Beatae atque minus voluptatem minima. Nesciunt minus voluptatem qui debitis aut veritatis.', NULL, 8541703, NULL);
INSERT INTO `media` (`id`, `media_type_id`, `text`, `file`, `size`, `metadata`) VALUES (3, 3, 'Doloribus magni at voluptatem in eos neque. Ut voluptas accusamus et accusantium placeat. Sint illo reprehenderit quaerat recusandae necessitatibus.', NULL, 289816729, NULL);
INSERT INTO `media` (`id`, `media_type_id`, `text`, `file`, `size`, `metadata`) VALUES (4, 4, 'Magni nisi et non incidunt voluptates. Nostrum et placeat molestiae aperiam. Nobis rerum ut optio et totam. Nostrum ab eius ipsam reprehenderit ex quidem.', NULL, 825836, NULL);
INSERT INTO `media` (`id`, `media_type_id`, `text`, `file`, `size`, `metadata`) VALUES (5, 5, 'Et iure eum architecto omnis nihil vel ea aut. Voluptas ullam ratione velit aut in velit tempore. Ipsam velit aut dolor rerum et ut.', NULL, 1835, NULL);
INSERT INTO `media` (`id`, `media_type_id`, `text`, `file`, `size`, `metadata`) VALUES (6, 6, 'Facere est ipsam consequatur reiciendis aut quia eos. Molestias aut voluptatem quae hic. Debitis accusamus ut voluptates quia iusto aut laborum. Maiores sint enim perspiciatis quaerat.', NULL, 660372, NULL);
INSERT INTO `media` (`id`, `media_type_id`, `text`, `file`, `size`, `metadata`) VALUES (7, 7, 'Est sed facilis laboriosam quam illum. In velit dolore cupiditate. Eum rerum laborum non.', NULL, 5451524, NULL);
INSERT INTO `media` (`id`, `media_type_id`, `text`, `file`, `size`, `metadata`) VALUES (8, 8, 'Deserunt cum magni voluptatem et neque sit. At fuga commodi velit numquam in velit sint aliquid. Quis dolore labore ut omnis odio. Repudiandae sunt magni dolores aliquam est laudantium.', NULL, 286583, NULL);
INSERT INTO `media` (`id`, `media_type_id`, `text`, `file`, `size`, `metadata`) VALUES (9, 9, 'Omnis modi ut error ratione voluptate labore. Odit rerum fugiat sit nam. Accusantium provident quasi voluptatem.', NULL, 8343684, NULL);
INSERT INTO `media` (`id`, `media_type_id`, `text`, `file`, `size`, `metadata`) VALUES (10, 10, 'Sapiente libero placeat iste. Unde nobis odio maiores praesentium cumque explicabo fuga earum. Exercitationem ut repudiandae dignissimos occaecati unde.', NULL, 62343, NULL);
INSERT INTO `media` (`id`, `media_type_id`, `text`, `file`, `size`, `metadata`) VALUES (11, 11, 'Ratione ducimus numquam sequi sed harum. Sed in vitae expedita minus aut dolores laborum. Aut qui similique atque eum pariatur.', NULL, 51836, NULL);
INSERT INTO `media` (`id`, `media_type_id`, `text`, `file`, `size`, `metadata`) VALUES (12, 12, 'Architecto et omnis voluptatem nisi. Reprehenderit mollitia animi quis. Aut ut recusandae qui doloribus nisi. Et illo magni voluptate.', NULL, 25972, NULL);
INSERT INTO `media` (`id`, `media_type_id`, `text`, `file`, `size`, `metadata`) VALUES (13, 13, 'Sed sunt aut tempore perferendis harum. Expedita libero ut et soluta consequuntur quasi. Id ut at vero amet eveniet nobis voluptatum. Qui tenetur velit eos aut dolore ea.', NULL, 4443, NULL);
INSERT INTO `media` (`id`, `media_type_id`, `text`, `file`, `size`, `metadata`) VALUES (14, 14, 'Atque qui omnis dolores consequatur inventore in. Numquam voluptas facere excepturi. Deserunt dolores quia rerum ut at quia.\nVoluptas quasi enim magni magnam. Odit nisi eos debitis vel est sit.', NULL, 7203, NULL);
INSERT INTO `media` (`id`, `media_type_id`, `text`, `file`, `size`, `metadata`) VALUES (15, 15, 'Atque repellat et et magni ex ex. Et sunt dolores est assumenda illo facere accusantium. Quo nam est recusandae adipisci est dolorem nisi. Accusamus sed facere culpa dolore.', NULL, 629215, NULL);
INSERT INTO `media` (`id`, `media_type_id`, `text`, `file`, `size`, `metadata`) VALUES (16, 16, 'Voluptas odio rerum hic nisi quaerat qui voluptatibus. Autem praesentium nulla necessitatibus asperiores eos molestiae et. Dolorem exercitationem enim est sint tempore inventore.', NULL, 777, NULL);
INSERT INTO `media` (`id`, `media_type_id`, `text`, `file`, `size`, `metadata`) VALUES (17, 17, 'Possimus placeat possimus quia in sit ea a. Dolor tempora et doloremque necessitatibus sit quas harum. Vel commodi enim dolorem magnam.', NULL, 1, NULL);
INSERT INTO `media` (`id`, `media_type_id`, `text`, `file`, `size`, `metadata`) VALUES (18, 18, 'Qui dolorem ut enim illo distinctio temporibus quis asperiores. Ut repellendus aspernatur quia eum molestiae consequatur dolores. Suscipit molestiae est est nemo aliquid.', NULL, 8, NULL);
INSERT INTO `media` (`id`, `media_type_id`, `text`, `file`, `size`, `metadata`) VALUES (19, 19, 'Minus error saepe nesciunt adipisci. Quam voluptatibus ducimus non maxime. Consequatur et officia eius quidem dignissimos dolorum.', NULL, 28692, NULL);
INSERT INTO `media` (`id`, `media_type_id`, `text`, `file`, `size`, `metadata`) VALUES (20, 20, 'Doloremque perspiciatis hic nemo mollitia error provident. Quaerat aliquid quis corrupti quia perferendis in et. Aut et iste voluptatum natus qui sit totam.', NULL, 970458, NULL);
INSERT INTO `media` (`id`, `media_type_id`, `text`, `file`, `size`, `metadata`) VALUES (21, 21, 'Nihil amet molestiae sed vel quia. Rerum dicta ut hic nemo nemo qui debitis. Et ut sed impedit architecto. Dolorem eveniet velit sint quo consectetur quibusdam.', NULL, 7, NULL);
INSERT INTO `media` (`id`, `media_type_id`, `text`, `file`, `size`, `metadata`) VALUES (22, 22, 'Minus laudantium eligendi et molestias. Et officia error nisi non quia eum. Est et sit placeat vel quae.', NULL, 6586, NULL);
INSERT INTO `media` (`id`, `media_type_id`, `text`, `file`, `size`, `metadata`) VALUES (23, 23, 'Eos nam ut itaque pariatur. Voluptates et voluptates molestias doloribus repellendus. Aut voluptate et veritatis. Possimus consequuntur numquam rerum id quasi.', NULL, 7, NULL);
INSERT INTO `media` (`id`, `media_type_id`, `text`, `file`, `size`, `metadata`) VALUES (24, 24, 'Praesentium maiores explicabo rerum voluptatum sed. Recusandae rem vitae explicabo reiciendis a repellat. Commodi sunt nihil nihil optio.', NULL, 8027582, NULL);
INSERT INTO `media` (`id`, `media_type_id`, `text`, `file`, `size`, `metadata`) VALUES (25, 25, 'Ratione quis neque et ab porro. Nihil accusantium nisi id magni molestias ut laboriosam earum. Voluptas earum at non soluta provident.', NULL, 30, NULL);
INSERT INTO `media` (`id`, `media_type_id`, `text`, `file`, `size`, `metadata`) VALUES (26, 26, 'Quis nisi suscipit quas rerum. Omnis tenetur cumque quae neque explicabo aliquam voluptas. Aut ipsum ut dolorum qui vitae.', NULL, 796955, NULL);
INSERT INTO `media` (`id`, `media_type_id`, `text`, `file`, `size`, `metadata`) VALUES (27, 27, 'Aspernatur rem et incidunt assumenda id expedita repellat. Rerum voluptates esse sit quasi sed. In eveniet sit rerum perspiciatis provident nemo magni.', NULL, 625780991, NULL);
INSERT INTO `media` (`id`, `media_type_id`, `text`, `file`, `size`, `metadata`) VALUES (28, 28, 'Et ipsam blanditiis occaecati quis illo corrupti. Non voluptatem modi provident modi voluptatibus explicabo aut ducimus. Doloribus eos iure aut modi.', NULL, 7730, NULL);
INSERT INTO `media` (`id`, `media_type_id`, `text`, `file`, `size`, `metadata`) VALUES (29, 29, 'Molestias quia consectetur optio. Consequatur officia est maiores autem aperiam. Error laboriosam dolorem quis.', NULL, 272, NULL);
INSERT INTO `media` (`id`, `media_type_id`, `text`, `file`, `size`, `metadata`) VALUES (30, 30, 'Adipisci velit a quos quia. Debitis unde deserunt laborum ea autem veniam dolores. Dolores dolor est inventore. Officia quia quisquam voluptatem impedit molestias amet.', NULL, 63, NULL);
INSERT INTO `media` (`id`, `media_type_id`, `text`, `file`, `size`, `metadata`) VALUES (31, 31, 'Non quis aut officia itaque est dolore praesentium. Id perspiciatis ea voluptas illo. Ut in voluptas alias eum quia corporis facilis.', NULL, 1113881, NULL);
INSERT INTO `media` (`id`, `media_type_id`, `text`, `file`, `size`, `metadata`) VALUES (32, 32, 'Est nesciunt nostrum vitae eum perferendis. Quam veritatis nisi velit illo incidunt nulla quia.', NULL, 0, NULL);
INSERT INTO `media` (`id`, `media_type_id`, `text`, `file`, `size`, `metadata`) VALUES (33, 33, 'Sed sit ipsum voluptas doloremque rerum magni esse. Ex et quibusdam accusantium nulla sit sunt possimus.', NULL, 292845395, NULL);
INSERT INTO `media` (`id`, `media_type_id`, `text`, `file`, `size`, `metadata`) VALUES (34, 34, 'Ratione debitis ipsa necessitatibus animi sint vel voluptatum. Perferendis temporibus dolores sed aliquid libero non.', NULL, 167, NULL);
INSERT INTO `media` (`id`, `media_type_id`, `text`, `file`, `size`, `metadata`) VALUES (35, 35, 'Minus assumenda qui ipsam quae non libero nostrum. Itaque minus eum animi et cum facilis accusamus voluptas.', NULL, 759, NULL);
INSERT INTO `media` (`id`, `media_type_id`, `text`, `file`, `size`, `metadata`) VALUES (36, 36, 'Quidem est quibusdam enim earum. Molestiae nihil accusantium vel ut eum. Iure corrupti hic dolor voluptatem delectus ducimus. Corrupti aspernatur doloremque ea repudiandae.', NULL, 0, NULL);
INSERT INTO `media` (`id`, `media_type_id`, `text`, `file`, `size`, `metadata`) VALUES (37, 37, 'Magni velit similique eligendi ipsam rem quos. Praesentium placeat magni sequi et animi. Aliquam ullam et minus maxime veritatis ab optio. Aut rerum est corporis temporibus.', NULL, 932301, NULL);
INSERT INTO `media` (`id`, `media_type_id`, `text`, `file`, `size`, `metadata`) VALUES (38, 38, 'Quod saepe ut magni optio et quas quia. Voluptates rerum at reiciendis omnis asperiores. Ut alias placeat nihil id et aliquam sapiente.\nEst sed cumque qui omnis. Nemo deserunt dolore et et id soluta.', NULL, 13549196, NULL);
INSERT INTO `media` (`id`, `media_type_id`, `text`, `file`, `size`, `metadata`) VALUES (39, 39, 'Adipisci voluptate sit ex et culpa consequuntur nisi. Dolor repellendus dolor iure et. Accusantium maxime et dolore aliquam adipisci atque.', NULL, 0, NULL);
INSERT INTO `media` (`id`, `media_type_id`, `text`, `file`, `size`, `metadata`) VALUES (40, 40, 'Dolorem et sed alias magni natus aut vel qui. Assumenda nisi corporis quam et est. Labore natus sed et autem dolorem.', NULL, 62, NULL);
INSERT INTO `media` (`id`, `media_type_id`, `text`, `file`, `size`, `metadata`) VALUES (41, 41, 'Perspiciatis qui incidunt amet ea. Vitae saepe quia vitae velit sit dolore molestiae sint. Quis dolores aut praesentium qui facilis minus voluptate veritatis.', NULL, 575636, NULL);
INSERT INTO `media` (`id`, `media_type_id`, `text`, `file`, `size`, `metadata`) VALUES (42, 42, 'Tenetur rem vero iusto provident ducimus totam. Aperiam molestiae est non dicta hic et aut quaerat. Assumenda eos deserunt distinctio non quae.', NULL, 0, NULL);
INSERT INTO `media` (`id`, `media_type_id`, `text`, `file`, `size`, `metadata`) VALUES (43, 43, 'Recusandae eius veniam doloribus voluptatem animi accusantium ut. Placeat culpa at laboriosam minus est quod veniam maiores.\nOdio est et non. Commodi impedit iure qui. Rerum expedita eum omnis.', NULL, 461038, NULL);
INSERT INTO `media` (`id`, `media_type_id`, `text`, `file`, `size`, `metadata`) VALUES (44, 44, 'Hic quibusdam adipisci esse doloribus aut repellendus est ut. Quia quo modi rerum unde velit accusamus. Eum consequatur reiciendis quaerat atque. Delectus sit numquam voluptas accusamus.', NULL, 4, NULL);
INSERT INTO `media` (`id`, `media_type_id`, `text`, `file`, `size`, `metadata`) VALUES (45, 45, 'Omnis quis neque et ex perferendis nisi modi ad. Ut cumque pariatur necessitatibus ut consequuntur ut. Porro omnis quas non et. Facilis laborum molestiae eos. Nihil ea omnis a a.', NULL, 4, NULL);
INSERT INTO `media` (`id`, `media_type_id`, `text`, `file`, `size`, `metadata`) VALUES (46, 46, 'Consequatur non velit fugiat quis consequatur. Et sequi nam delectus ratione officia rerum doloribus. Ipsam repellendus laudantium illum accusantium. Atque ad optio alias ullam voluptatem voluptate.', NULL, 3023116, NULL);
INSERT INTO `media` (`id`, `media_type_id`, `text`, `file`, `size`, `metadata`) VALUES (47, 47, 'Est quas atque minima doloremque soluta. In non sequi similique dicta aut perspiciatis ea et. Beatae omnis aperiam veniam sit in accusantium. Ipsum qui et et.', NULL, 0, NULL);
INSERT INTO `media` (`id`, `media_type_id`, `text`, `file`, `size`, `metadata`) VALUES (48, 48, 'Nostrum optio omnis voluptas quisquam consequatur. Ducimus aut qui blanditiis qui. Aut aut enim ex ea inventore. Vero dolores ut optio est.', NULL, 46904, NULL);
INSERT INTO `media` (`id`, `media_type_id`, `text`, `file`, `size`, `metadata`) VALUES (49, 49, 'Labore doloribus maxime sit dolore qui molestiae cum. Saepe quaerat dolor eveniet ipsam commodi a sint. Dolor modi repudiandae et placeat facilis.', NULL, 6, NULL);
INSERT INTO `media` (`id`, `media_type_id`, `text`, `file`, `size`, `metadata`) VALUES (50, 50, 'Et nisi dolorem ipsum enim voluptatem. Quibusdam inventore id officia et aut. Tempore tempore dolores quaerat iusto. Quia maxime ut voluptatem.', NULL, 754289, NULL);
INSERT INTO `media` (`id`, `media_type_id`, `text`, `file`, `size`, `metadata`) VALUES (51, 51, 'Sit amet quaerat esse sequi sed quis praesentium rerum. Distinctio nam aut nam qui id. Non nostrum beatae repellendus non. Hic et sit nobis sit.', NULL, 51, NULL);
INSERT INTO `media` (`id`, `media_type_id`, `text`, `file`, `size`, `metadata`) VALUES (52, 52, 'Assumenda pariatur occaecati dolorem eum quo et. Inventore ipsa eos excepturi ducimus illum dolorem. Totam iure excepturi dolorem cumque ullam quia sit.', NULL, 9581369, NULL);
INSERT INTO `media` (`id`, `media_type_id`, `text`, `file`, `size`, `metadata`) VALUES (53, 53, 'Dolor occaecati mollitia aspernatur numquam expedita quaerat. Saepe nemo dolores vel perspiciatis magni dolore odio maiores. Ut aperiam non omnis sint illum.', NULL, 79435, NULL);
INSERT INTO `media` (`id`, `media_type_id`, `text`, `file`, `size`, `metadata`) VALUES (54, 54, 'Iste voluptatibus sequi temporibus totam eius facere itaque. Nam labore asperiores ea quia modi aperiam. Voluptas dolorem nostrum impedit est ullam suscipit perspiciatis molestias.', NULL, 890417, NULL);
INSERT INTO `media` (`id`, `media_type_id`, `text`, `file`, `size`, `metadata`) VALUES (55, 55, 'Pariatur et sed ab et sint quia. Dignissimos quia tempore accusantium voluptatem minima facere ipsa animi.', NULL, 797248145, NULL);
INSERT INTO `media` (`id`, `media_type_id`, `text`, `file`, `size`, `metadata`) VALUES (56, 56, 'Quasi nemo qui aperiam sunt nesciunt praesentium. Dolor nesciunt voluptatem voluptate corporis aut. Optio perferendis et excepturi ad eum aut ut. Quo saepe iure delectus ipsa est ex culpa eligendi.', NULL, 91835233, NULL);
INSERT INTO `media` (`id`, `media_type_id`, `text`, `file`, `size`, `metadata`) VALUES (57, 57, 'In atque sint harum quia saepe sit non. Ipsum alias eligendi est recusandae.', NULL, 0, NULL);
INSERT INTO `media` (`id`, `media_type_id`, `text`, `file`, `size`, `metadata`) VALUES (58, 58, 'Accusamus blanditiis sequi sequi dolores. Impedit molestiae ipsa porro esse. Voluptatum ab hic quas qui tempore reprehenderit esse in.', NULL, 737, NULL);
INSERT INTO `media` (`id`, `media_type_id`, `text`, `file`, `size`, `metadata`) VALUES (59, 59, 'Qui saepe officia temporibus voluptas laborum iste distinctio. Ut qui voluptate ut facilis. Modi aut inventore corporis. Sit accusantium placeat qui nemo reiciendis voluptas.', NULL, 93, NULL);
INSERT INTO `media` (`id`, `media_type_id`, `text`, `file`, `size`, `metadata`) VALUES (60, 60, 'Sed autem perferendis enim voluptatem. Nihil adipisci sunt aut voluptatem voluptas. Fuga laudantium libero vel porro. Unde doloremque nisi autem officiis quia reiciendis.', NULL, 9, NULL);
INSERT INTO `media` (`id`, `media_type_id`, `text`, `file`, `size`, `metadata`) VALUES (61, 61, 'Officia et voluptas sunt rerum numquam. Odio nisi esse dolor. Nihil eius in similique rem maiores autem non.', NULL, 13, NULL);
INSERT INTO `media` (`id`, `media_type_id`, `text`, `file`, `size`, `metadata`) VALUES (62, 62, 'Deserunt eius perferendis voluptatem. Facilis adipisci et doloribus. Sed ut laborum autem sit quae dolor fugit.', NULL, 44, NULL);
INSERT INTO `media` (`id`, `media_type_id`, `text`, `file`, `size`, `metadata`) VALUES (63, 63, 'Quia placeat dicta amet repudiandae. Eos ex alias non porro eum ex. Sit voluptatem consequatur nihil esse. Omnis quos quaerat id.', NULL, 20, NULL);
INSERT INTO `media` (`id`, `media_type_id`, `text`, `file`, `size`, `metadata`) VALUES (64, 64, 'Ut sed distinctio amet non sint. A expedita quia qui amet modi cumque voluptatibus rerum. Dolor voluptas earum minima qui. Eos labore impedit explicabo magnam quis rerum similique.', NULL, 3438248, NULL);
INSERT INTO `media` (`id`, `media_type_id`, `text`, `file`, `size`, `metadata`) VALUES (65, 65, 'Amet asperiores qui ut repellat natus unde optio. Totam voluptates voluptate nihil non odit quasi. Quos dolorem ea est sapiente iure.', NULL, 3037230, NULL);
INSERT INTO `media` (`id`, `media_type_id`, `text`, `file`, `size`, `metadata`) VALUES (66, 66, 'Ex maxime dolorem aut et et sint rerum reiciendis. Et rerum rerum non aut ex soluta tempore excepturi. Pariatur omnis ipsum saepe.', NULL, 13, NULL);
INSERT INTO `media` (`id`, `media_type_id`, `text`, `file`, `size`, `metadata`) VALUES (67, 67, 'Cum quo qui nam. Cumque quas vel perferendis. Excepturi quo minus porro ut beatae ipsam. Et veritatis adipisci porro alias.', NULL, 968981587, NULL);
INSERT INTO `media` (`id`, `media_type_id`, `text`, `file`, `size`, `metadata`) VALUES (68, 68, 'Molestias corporis ratione deleniti itaque totam ut. Sint soluta ipsam repudiandae quis. Ut nostrum corrupti mollitia consequatur.', NULL, 0, NULL);
INSERT INTO `media` (`id`, `media_type_id`, `text`, `file`, `size`, `metadata`) VALUES (69, 69, 'Inventore at dolores sed quidem. Sit eos adipisci voluptate tempore. Vel praesentium qui sapiente eos. Libero magni veniam nisi maiores non id voluptatibus et.', NULL, 824, NULL);
INSERT INTO `media` (`id`, `media_type_id`, `text`, `file`, `size`, `metadata`) VALUES (70, 70, 'Quos sed fuga qui et. Beatae aperiam eum fuga.\nQui adipisci illo aperiam aut facere nihil illum. In error maxime velit nisi perferendis. Consequatur similique ea commodi totam ut.', NULL, 25349, NULL);
INSERT INTO `media` (`id`, `media_type_id`, `text`, `file`, `size`, `metadata`) VALUES (71, 71, 'Rem neque iste est rerum est. Sapiente totam illum tenetur praesentium. Est laborum rerum est eligendi facere. Ut ex et a eos qui.', NULL, 597000, NULL);
INSERT INTO `media` (`id`, `media_type_id`, `text`, `file`, `size`, `metadata`) VALUES (72, 72, 'Suscipit similique numquam qui rerum autem. Aut reiciendis error libero sunt expedita. Non repellat nemo occaecati voluptatem voluptatem ut. Mollitia sequi sed porro saepe.', NULL, 5970556, NULL);
INSERT INTO `media` (`id`, `media_type_id`, `text`, `file`, `size`, `metadata`) VALUES (73, 73, 'Velit deleniti aperiam quidem aut est. Atque laborum quae ipsam ut ex est. In ut dicta harum fugit.', NULL, 274962, NULL);
INSERT INTO `media` (`id`, `media_type_id`, `text`, `file`, `size`, `metadata`) VALUES (74, 74, 'Tenetur nam eum tenetur praesentium. Labore voluptas dolorem itaque. Rerum nostrum rerum explicabo consequatur id accusamus aperiam. Nostrum delectus recusandae vitae quibusdam accusantium totam.', NULL, 2431211, NULL);
INSERT INTO `media` (`id`, `media_type_id`, `text`, `file`, `size`, `metadata`) VALUES (75, 75, 'Rerum dicta in iusto dicta iure qui eos et. Harum quo omnis veritatis sint sapiente voluptatem aut ipsa. Expedita autem ducimus qui dignissimos et quod eius.', NULL, 727817, NULL);
INSERT INTO `media` (`id`, `media_type_id`, `text`, `file`, `size`, `metadata`) VALUES (76, 76, 'Eum voluptas non architecto. Error sit explicabo quas est. Iure repudiandae provident voluptate praesentium sit itaque. Rerum voluptatem quaerat laborum rerum.', NULL, 0, NULL);
INSERT INTO `media` (`id`, `media_type_id`, `text`, `file`, `size`, `metadata`) VALUES (77, 77, 'Voluptatibus ut veniam ut recusandae vero. Sint assumenda praesentium voluptas at similique. Fuga voluptatum eaque veniam eligendi saepe consequatur dolorum.', NULL, 467352, NULL);
INSERT INTO `media` (`id`, `media_type_id`, `text`, `file`, `size`, `metadata`) VALUES (78, 78, 'Ipsa sit quia molestias numquam porro dolorem fugiat. Reiciendis omnis magnam facere id. Totam libero voluptate est culpa aut quaerat. Et architecto aliquam alias praesentium.', NULL, 846, NULL);
INSERT INTO `media` (`id`, `media_type_id`, `text`, `file`, `size`, `metadata`) VALUES (79, 79, 'Deserunt consequatur aperiam eligendi similique aut et. Molestias vel velit dolorem rerum rerum nemo eveniet minima. Aperiam dolores voluptatibus eligendi quia ab ea error. Dicta voluptas illum ea.', NULL, 69937, NULL);
INSERT INTO `media` (`id`, `media_type_id`, `text`, `file`, `size`, `metadata`) VALUES (80, 80, 'Enim libero ut quia nihil qui ipsa. Ex aut minima voluptatem. Dolorem eum laudantium adipisci. Accusantium ratione culpa commodi non dolorum quam perferendis quisquam.', NULL, 19032862, NULL);
INSERT INTO `media` (`id`, `media_type_id`, `text`, `file`, `size`, `metadata`) VALUES (81, 81, 'Laborum consequatur omnis tenetur quaerat architecto laborum voluptas. Nihil earum a modi magnam temporibus in. Mollitia minus quae repellat rerum.', NULL, 9676028, NULL);
INSERT INTO `media` (`id`, `media_type_id`, `text`, `file`, `size`, `metadata`) VALUES (82, 82, 'Vel velit nostrum praesentium dolorem quis dicta. Aut qui quas ratione et autem. Veniam dolor corporis exercitationem libero quis et. Saepe nesciunt natus impedit sint ipsam.', NULL, 577147565, NULL);
INSERT INTO `media` (`id`, `media_type_id`, `text`, `file`, `size`, `metadata`) VALUES (83, 83, 'Aliquam eum tempora autem voluptatibus eius quod voluptas. Asperiores doloremque minima magnam magni rem. Officia debitis labore nulla enim.', NULL, 830, NULL);
INSERT INTO `media` (`id`, `media_type_id`, `text`, `file`, `size`, `metadata`) VALUES (84, 84, 'Deleniti et quia magni id id. Et nulla exercitationem aut quas expedita laborum rerum.', NULL, 563, NULL);
INSERT INTO `media` (`id`, `media_type_id`, `text`, `file`, `size`, `metadata`) VALUES (85, 85, 'Et exercitationem fugit illum animi autem. Eligendi rem nihil dolor sint quidem delectus optio commodi. Cum voluptas quasi et consequatur voluptatem sint.', NULL, 67245199, NULL);
INSERT INTO `media` (`id`, `media_type_id`, `text`, `file`, `size`, `metadata`) VALUES (86, 86, 'Dicta debitis et illo tenetur error rerum quas. Porro omnis ducimus eos illum adipisci facilis minus. Consequuntur quam totam est et et perspiciatis impedit.', NULL, 6, NULL);
INSERT INTO `media` (`id`, `media_type_id`, `text`, `file`, `size`, `metadata`) VALUES (87, 87, 'Neque voluptas non repellendus consequatur odio corporis. Voluptatem voluptatibus et est soluta a rerum. Tempore harum deleniti vel.', NULL, 2728298, NULL);
INSERT INTO `media` (`id`, `media_type_id`, `text`, `file`, `size`, `metadata`) VALUES (88, 88, 'Sint minus officiis soluta facere officia porro quisquam saepe. Deserunt ut nostrum sunt asperiores consequatur doloremque. Quo mollitia et eveniet qui sunt. Et molestias rerum aut illo qui.', NULL, 0, NULL);
INSERT INTO `media` (`id`, `media_type_id`, `text`, `file`, `size`, `metadata`) VALUES (89, 89, 'Sit id consequatur eos qui. Et qui optio aut culpa nemo et. Accusantium earum quidem error. Doloremque ut animi dicta quibusdam velit.', NULL, 90786848, NULL);
INSERT INTO `media` (`id`, `media_type_id`, `text`, `file`, `size`, `metadata`) VALUES (90, 90, 'Repellat sit eos aut possimus. Ut suscipit sit vel dolores velit necessitatibus. Nemo veritatis sed hic in ipsum tempore id.', NULL, 2, NULL);
INSERT INTO `media` (`id`, `media_type_id`, `text`, `file`, `size`, `metadata`) VALUES (91, 91, 'Libero similique voluptatem aut aut odit dolore. At omnis est cum tempora necessitatibus et velit. Eaque dolorem sed et.', NULL, 5005, NULL);
INSERT INTO `media` (`id`, `media_type_id`, `text`, `file`, `size`, `metadata`) VALUES (92, 92, 'Dicta accusantium voluptatem eaque aperiam velit. Asperiores quis soluta reprehenderit dignissimos hic qui vel. Excepturi sunt delectus recusandae perferendis atque.', NULL, 55996771, NULL);
INSERT INTO `media` (`id`, `media_type_id`, `text`, `file`, `size`, `metadata`) VALUES (93, 93, 'Officiis eum amet qui magnam ut autem. Eveniet iusto ut delectus temporibus ut. Ut quia qui consequuntur placeat qui est voluptatem. Sit voluptatibus rerum aut vero repellendus velit.', NULL, 286, NULL);
INSERT INTO `media` (`id`, `media_type_id`, `text`, `file`, `size`, `metadata`) VALUES (94, 94, 'Sapiente placeat id est nam atque animi quidem. Itaque quibusdam illo accusamus ipsum. Nisi est harum reiciendis sed explicabo quisquam voluptatibus pariatur.', NULL, 9847463, NULL);
INSERT INTO `media` (`id`, `media_type_id`, `text`, `file`, `size`, `metadata`) VALUES (95, 95, 'Voluptate dignissimos doloribus voluptatem vitae omnis placeat possimus. Ea sed officia expedita consequatur id recusandae. Et id praesentium harum aut pariatur asperiores.', NULL, 1262746, NULL);
INSERT INTO `media` (`id`, `media_type_id`, `text`, `file`, `size`, `metadata`) VALUES (96, 96, 'Officiis ea ut mollitia. Ad voluptas aut quam laudantium. Asperiores consequatur aut nemo beatae. Est consequuntur quia cupiditate iste dolor.', NULL, 400134, NULL);
INSERT INTO `media` (`id`, `media_type_id`, `text`, `file`, `size`, `metadata`) VALUES (97, 97, 'Quia est tenetur in ex et aperiam nisi nostrum. Consequatur natus quos ut dolores nemo voluptatem. Inventore nihil nam mollitia nostrum aut qui. Deleniti et sed minus fugiat.', NULL, 895, NULL);
INSERT INTO `media` (`id`, `media_type_id`, `text`, `file`, `size`, `metadata`) VALUES (98, 98, 'Qui sunt omnis reprehenderit et labore et officia. Fugiat quia ratione quod. Quisquam ducimus error quis enim. Nam tempora inventore harum voluptates ipsum deserunt.', NULL, 166794, NULL);
INSERT INTO `media` (`id`, `media_type_id`, `text`, `file`, `size`, `metadata`) VALUES (99, 99, 'Illo inventore quas aliquam. Inventore eum autem minima enim voluptas voluptas.', NULL, 87, NULL);
INSERT INTO `media` (`id`, `media_type_id`, `text`, `file`, `size`, `metadata`) VALUES (100, 100, 'Possimus aut rerum sit non provident odio fugit. Vel velit perferendis eius ratione porro explicabo molestiae ea. Eos consequatur rerum officia. Porro tempore sed quia rem.', NULL, 0, NULL);


#
# TABLE STRUCTURE FOR: media_types
#

DROP TABLE IF EXISTS `media_types`;

CREATE TABLE `media_types` (
  `id` int(11) NOT NULL AUTO_INCREMENT,
  `name` varchar(245) COLLATE utf8_unicode_ci NOT NULL,
  PRIMARY KEY (`id`)
) ENGINE=InnoDB AUTO_INCREMENT=101 DEFAULT CHARSET=utf8 COLLATE=utf8_unicode_ci;

INSERT INTO `media_types` (`id`, `name`) VALUES (1, 'expedita');
INSERT INTO `media_types` (`id`, `name`) VALUES (2, 'unde');
INSERT INTO `media_types` (`id`, `name`) VALUES (3, 'explicabo');
INSERT INTO `media_types` (`id`, `name`) VALUES (4, 'qui');
INSERT INTO `media_types` (`id`, `name`) VALUES (5, 'eum');
INSERT INTO `media_types` (`id`, `name`) VALUES (6, 'sunt');
INSERT INTO `media_types` (`id`, `name`) VALUES (7, 'dolorem');
INSERT INTO `media_types` (`id`, `name`) VALUES (8, 'iste');
INSERT INTO `media_types` (`id`, `name`) VALUES (9, 'id');
INSERT INTO `media_types` (`id`, `name`) VALUES (10, 'fugit');
INSERT INTO `media_types` (`id`, `name`) VALUES (11, 'earum');
INSERT INTO `media_types` (`id`, `name`) VALUES (12, 'architecto');
INSERT INTO `media_types` (`id`, `name`) VALUES (13, 'dolore');
INSERT INTO `media_types` (`id`, `name`) VALUES (14, 'aut');
INSERT INTO `media_types` (`id`, `name`) VALUES (15, 'qui');
INSERT INTO `media_types` (`id`, `name`) VALUES (16, 'quae');
INSERT INTO `media_types` (`id`, `name`) VALUES (17, 'perspiciatis');
INSERT INTO `media_types` (`id`, `name`) VALUES (18, 'quibusdam');
INSERT INTO `media_types` (`id`, `name`) VALUES (19, 'quae');
INSERT INTO `media_types` (`id`, `name`) VALUES (20, 'eius');
INSERT INTO `media_types` (`id`, `name`) VALUES (21, 'eaque');
INSERT INTO `media_types` (`id`, `name`) VALUES (22, 'dolor');
INSERT INTO `media_types` (`id`, `name`) VALUES (23, 'qui');
INSERT INTO `media_types` (`id`, `name`) VALUES (24, 'est');
INSERT INTO `media_types` (`id`, `name`) VALUES (25, 'aut');
INSERT INTO `media_types` (`id`, `name`) VALUES (26, 'id');
INSERT INTO `media_types` (`id`, `name`) VALUES (27, 'ea');
INSERT INTO `media_types` (`id`, `name`) VALUES (28, 'soluta');
INSERT INTO `media_types` (`id`, `name`) VALUES (29, 'sunt');
INSERT INTO `media_types` (`id`, `name`) VALUES (30, 'harum');
INSERT INTO `media_types` (`id`, `name`) VALUES (31, 'vel');
INSERT INTO `media_types` (`id`, `name`) VALUES (32, 'explicabo');
INSERT INTO `media_types` (`id`, `name`) VALUES (33, 'dolores');
INSERT INTO `media_types` (`id`, `name`) VALUES (34, 'fugiat');
INSERT INTO `media_types` (`id`, `name`) VALUES (35, 'ut');
INSERT INTO `media_types` (`id`, `name`) VALUES (36, 'sit');
INSERT INTO `media_types` (`id`, `name`) VALUES (37, 'illum');
INSERT INTO `media_types` (`id`, `name`) VALUES (38, 'nihil');
INSERT INTO `media_types` (`id`, `name`) VALUES (39, 'dicta');
INSERT INTO `media_types` (`id`, `name`) VALUES (40, 'est');
INSERT INTO `media_types` (`id`, `name`) VALUES (41, 'perspiciatis');
INSERT INTO `media_types` (`id`, `name`) VALUES (42, 'illo');
INSERT INTO `media_types` (`id`, `name`) VALUES (43, 'consequatur');
INSERT INTO `media_types` (`id`, `name`) VALUES (44, 'dicta');
INSERT INTO `media_types` (`id`, `name`) VALUES (45, 'sunt');
INSERT INTO `media_types` (`id`, `name`) VALUES (46, 'iste');
INSERT INTO `media_types` (`id`, `name`) VALUES (47, 'in');
INSERT INTO `media_types` (`id`, `name`) VALUES (48, 'ab');
INSERT INTO `media_types` (`id`, `name`) VALUES (49, 'error');
INSERT INTO `media_types` (`id`, `name`) VALUES (50, 'ut');
INSERT INTO `media_types` (`id`, `name`) VALUES (51, 'doloremque');
INSERT INTO `media_types` (`id`, `name`) VALUES (52, 'ad');
INSERT INTO `media_types` (`id`, `name`) VALUES (53, 'pariatur');
INSERT INTO `media_types` (`id`, `name`) VALUES (54, 'blanditiis');
INSERT INTO `media_types` (`id`, `name`) VALUES (55, 'nam');
INSERT INTO `media_types` (`id`, `name`) VALUES (56, 'accusantium');
INSERT INTO `media_types` (`id`, `name`) VALUES (57, 'vitae');
INSERT INTO `media_types` (`id`, `name`) VALUES (58, 'deserunt');
INSERT INTO `media_types` (`id`, `name`) VALUES (59, 'dolorum');
INSERT INTO `media_types` (`id`, `name`) VALUES (60, 'laboriosam');
INSERT INTO `media_types` (`id`, `name`) VALUES (61, 'iusto');
INSERT INTO `media_types` (`id`, `name`) VALUES (62, 'fugiat');
INSERT INTO `media_types` (`id`, `name`) VALUES (63, 'impedit');
INSERT INTO `media_types` (`id`, `name`) VALUES (64, 'doloremque');
INSERT INTO `media_types` (`id`, `name`) VALUES (65, 'aut');
INSERT INTO `media_types` (`id`, `name`) VALUES (66, 'repudiandae');
INSERT INTO `media_types` (`id`, `name`) VALUES (67, 'qui');
INSERT INTO `media_types` (`id`, `name`) VALUES (68, 'illum');
INSERT INTO `media_types` (`id`, `name`) VALUES (69, 'sequi');
INSERT INTO `media_types` (`id`, `name`) VALUES (70, 'aut');
INSERT INTO `media_types` (`id`, `name`) VALUES (71, 'ut');
INSERT INTO `media_types` (`id`, `name`) VALUES (72, 'quam');
INSERT INTO `media_types` (`id`, `name`) VALUES (73, 'molestiae');
INSERT INTO `media_types` (`id`, `name`) VALUES (74, 'odio');
INSERT INTO `media_types` (`id`, `name`) VALUES (75, 'saepe');
INSERT INTO `media_types` (`id`, `name`) VALUES (76, 'assumenda');
INSERT INTO `media_types` (`id`, `name`) VALUES (77, 'in');
INSERT INTO `media_types` (`id`, `name`) VALUES (78, 'iure');
INSERT INTO `media_types` (`id`, `name`) VALUES (79, 'aut');
INSERT INTO `media_types` (`id`, `name`) VALUES (80, 'cum');
INSERT INTO `media_types` (`id`, `name`) VALUES (81, 'maxime');
INSERT INTO `media_types` (`id`, `name`) VALUES (82, 'quae');
INSERT INTO `media_types` (`id`, `name`) VALUES (83, 'iste');
INSERT INTO `media_types` (`id`, `name`) VALUES (84, 'consequatur');
INSERT INTO `media_types` (`id`, `name`) VALUES (85, 'magni');
INSERT INTO `media_types` (`id`, `name`) VALUES (86, 'rerum');
INSERT INTO `media_types` (`id`, `name`) VALUES (87, 'veritatis');
INSERT INTO `media_types` (`id`, `name`) VALUES (88, 'eum');
INSERT INTO `media_types` (`id`, `name`) VALUES (89, 'quam');
INSERT INTO `media_types` (`id`, `name`) VALUES (90, 'consectetur');
INSERT INTO `media_types` (`id`, `name`) VALUES (91, 'praesentium');
INSERT INTO `media_types` (`id`, `name`) VALUES (92, 'qui');
INSERT INTO `media_types` (`id`, `name`) VALUES (93, 'repellendus');
INSERT INTO `media_types` (`id`, `name`) VALUES (94, 'officia');
INSERT INTO `media_types` (`id`, `name`) VALUES (95, 'qui');
INSERT INTO `media_types` (`id`, `name`) VALUES (96, 'itaque');
INSERT INTO `media_types` (`id`, `name`) VALUES (97, 'dignissimos');
INSERT INTO `media_types` (`id`, `name`) VALUES (98, 'exercitationem');
INSERT INTO `media_types` (`id`, `name`) VALUES (99, 'eum');
INSERT INTO `media_types` (`id`, `name`) VALUES (100, 'et');


#
# TABLE STRUCTURE FOR: messages
#

DROP TABLE IF EXISTS `messages`;

CREATE TABLE `messages` (
  `id` int(11) NOT NULL AUTO_INCREMENT,
  `from_user_id` int(11) NOT NULL,
  `to_user_id` int(11) NOT NULL,
  `text` text COLLATE utf8_unicode_ci NOT NULL,
  `created_at` datetime NOT NULL DEFAULT current_timestamp(),
  PRIMARY KEY (`id`),
  KEY `fk_messages_users1_idx` (`from_user_id`),
  KEY `fk_messages_users2_idx` (`to_user_id`),
  CONSTRAINT `fk_messages_users1` FOREIGN KEY (`from_user_id`) REFERENCES `users` (`id`) ON DELETE NO ACTION ON UPDATE NO ACTION,
  CONSTRAINT `fk_messages_users2` FOREIGN KEY (`to_user_id`) REFERENCES `users` (`id`) ON DELETE NO ACTION ON UPDATE NO ACTION
) ENGINE=InnoDB AUTO_INCREMENT=101 DEFAULT CHARSET=utf8 COLLATE=utf8_unicode_ci;

INSERT INTO `messages` (`id`, `from_user_id`, `to_user_id`, `text`, `created_at`) VALUES (1, 201, 201, 'Nesciunt aut et dignissimos. Ipsum fugiat repellat quis sunt. Error consequuntur rerum ea explicabo nihil voluptatem. Quod repudiandae dolor deleniti et.', '2002-08-09 08:34:29');
INSERT INTO `messages` (`id`, `from_user_id`, `to_user_id`, `text`, `created_at`) VALUES (2, 202, 202, 'Dolor magnam debitis omnis id. Ratione consequatur sapiente id. Nobis vel id ut repellat magni. Voluptatem exercitationem reiciendis quis fugit quidem voluptas id.', '1981-07-28 18:40:35');
INSERT INTO `messages` (`id`, `from_user_id`, `to_user_id`, `text`, `created_at`) VALUES (3, 203, 203, 'Ea officiis sit nostrum perspiciatis. Quis earum consequatur vel quisquam unde eligendi. Reiciendis voluptates delectus architecto facilis ea.', '2007-06-22 12:46:18');
INSERT INTO `messages` (`id`, `from_user_id`, `to_user_id`, `text`, `created_at`) VALUES (4, 204, 204, 'Eius quia sed illo unde nisi. Aut fugit ab aspernatur minus et voluptate. Ab quaerat in reprehenderit eum laboriosam sint qui molestiae. Numquam quidem omnis itaque nobis repudiandae.', '2005-05-28 08:18:32');
INSERT INTO `messages` (`id`, `from_user_id`, `to_user_id`, `text`, `created_at`) VALUES (5, 205, 205, 'Maxime dolor hic qui occaecati. Accusantium alias eum nesciunt. Qui harum distinctio mollitia nam ipsum. Temporibus in quo voluptas aut aut neque.', '1986-08-15 07:17:23');
INSERT INTO `messages` (`id`, `from_user_id`, `to_user_id`, `text`, `created_at`) VALUES (6, 206, 206, 'Voluptas repudiandae ad occaecati minima unde commodi dignissimos. Voluptates porro quos ad odio atque eligendi a. Ut incidunt et culpa excepturi velit id. Cum eos et ipsa eum ea.', '1972-11-21 06:27:59');
INSERT INTO `messages` (`id`, `from_user_id`, `to_user_id`, `text`, `created_at`) VALUES (7, 208, 208, 'Ratione qui beatae accusantium. Ipsam iste quaerat modi velit veritatis eos reiciendis. Tempora voluptas sit aut amet sed quia.', '1993-06-13 23:49:18');
INSERT INTO `messages` (`id`, `from_user_id`, `to_user_id`, `text`, `created_at`) VALUES (8, 209, 209, 'Iure quis qui ad aliquid aut quis. Voluptatem quia quia et qui fuga neque repellat. Rem optio nihil dolor harum veniam officiis. Qui placeat quisquam dignissimos numquam cupiditate nobis.', '2014-05-30 11:13:48');
INSERT INTO `messages` (`id`, `from_user_id`, `to_user_id`, `text`, `created_at`) VALUES (9, 210, 210, 'Voluptatem itaque illo perferendis est voluptas. Ut est ut porro optio mollitia ut. Sed dolorem qui unde eum eveniet sint iusto. Ut sit ex aperiam sit qui.', '1987-10-28 18:50:18');
INSERT INTO `messages` (`id`, `from_user_id`, `to_user_id`, `text`, `created_at`) VALUES (10, 211, 211, 'Similique nisi eum delectus quia aut et. Nam neque voluptatem assumenda. Tenetur cupiditate quaerat enim totam voluptates commodi quis. Commodi culpa atque quod tenetur laborum et.', '2010-10-20 20:55:18');
INSERT INTO `messages` (`id`, `from_user_id`, `to_user_id`, `text`, `created_at`) VALUES (11, 212, 212, 'Sint et et est voluptas. Rerum est quo iste id enim. Animi excepturi assumenda enim qui hic itaque qui.', '1984-11-16 20:56:38');
INSERT INTO `messages` (`id`, `from_user_id`, `to_user_id`, `text`, `created_at`) VALUES (12, 213, 213, 'Id fuga ullam voluptatem. In ipsum blanditiis aperiam in nihil adipisci necessitatibus. Ullam sit ducimus quibusdam.', '1987-07-02 22:02:56');
INSERT INTO `messages` (`id`, `from_user_id`, `to_user_id`, `text`, `created_at`) VALUES (13, 216, 216, 'Sed veniam molestiae possimus voluptatem voluptatibus harum iusto. Quo qui exercitationem at labore aut velit atque. Est voluptatum harum quaerat consectetur et voluptatem.', '1993-11-05 09:49:08');
INSERT INTO `messages` (`id`, `from_user_id`, `to_user_id`, `text`, `created_at`) VALUES (14, 217, 217, 'Dolorum dolorem soluta debitis temporibus. Qui accusamus libero nam molestiae. Est earum sapiente hic facere velit dolorum.', '1996-04-02 04:57:52');
INSERT INTO `messages` (`id`, `from_user_id`, `to_user_id`, `text`, `created_at`) VALUES (15, 218, 218, 'Dolorum provident porro odio accusantium voluptate et non. Blanditiis perferendis nesciunt placeat quia. Quidem et quo voluptatibus eum commodi. Quasi id rerum iusto ipsa quaerat consectetur libero.', '2011-02-01 12:54:24');
INSERT INTO `messages` (`id`, `from_user_id`, `to_user_id`, `text`, `created_at`) VALUES (16, 220, 220, 'Quam similique recusandae fugiat. Quam reiciendis dolorum distinctio quia sit. Ducimus non quasi soluta soluta sint alias est. Optio dolorum animi ut consequatur.', '1971-08-25 21:24:37');
INSERT INTO `messages` (`id`, `from_user_id`, `to_user_id`, `text`, `created_at`) VALUES (17, 221, 221, 'Sunt asperiores quo dignissimos iste et. Porro culpa quis maiores cumque illo nemo maxime nulla. Cum illo quibusdam praesentium.', '2014-03-31 06:23:23');
INSERT INTO `messages` (`id`, `from_user_id`, `to_user_id`, `text`, `created_at`) VALUES (18, 222, 222, 'Tempora accusamus error quas modi veritatis nostrum fugit. Nihil et accusamus et illo. Aliquid impedit eos rerum pariatur.', '2018-03-24 21:10:26');
INSERT INTO `messages` (`id`, `from_user_id`, `to_user_id`, `text`, `created_at`) VALUES (19, 226, 226, 'Necessitatibus molestias rerum et eos vel. Et facilis quod est dignissimos ab. Odio voluptas a ex aliquam. Recusandae officiis occaecati ipsa soluta odio soluta.', '2002-03-12 19:21:42');
INSERT INTO `messages` (`id`, `from_user_id`, `to_user_id`, `text`, `created_at`) VALUES (20, 227, 227, 'Recusandae non harum et nisi. Id commodi voluptatem et voluptatem omnis quisquam expedita. Accusantium iusto voluptatem est.', '1979-03-01 18:41:50');
INSERT INTO `messages` (`id`, `from_user_id`, `to_user_id`, `text`, `created_at`) VALUES (21, 228, 228, 'Libero quam natus harum pariatur. Similique dicta reiciendis libero ut. Molestiae qui accusantium exercitationem sint aut.', '2014-06-18 13:16:34');
INSERT INTO `messages` (`id`, `from_user_id`, `to_user_id`, `text`, `created_at`) VALUES (22, 229, 229, 'Impedit a rem nostrum repellendus unde eum aut et. Ex officiis repellendus fuga mollitia repellendus possimus enim recusandae. Non pariatur officiis mollitia ut odit totam nam commodi.', '2002-02-25 18:25:42');
INSERT INTO `messages` (`id`, `from_user_id`, `to_user_id`, `text`, `created_at`) VALUES (23, 230, 230, 'Et qui quaerat non perferendis rem. Veritatis est consequuntur delectus tempora unde maxime eius. Quia illo possimus eum blanditiis.', '1991-09-18 03:34:57');
INSERT INTO `messages` (`id`, `from_user_id`, `to_user_id`, `text`, `created_at`) VALUES (24, 231, 231, 'Suscipit excepturi sed voluptatem odio. Libero provident fuga eum occaecati. Id voluptates fugit mollitia.', '2011-03-13 17:06:29');
INSERT INTO `messages` (`id`, `from_user_id`, `to_user_id`, `text`, `created_at`) VALUES (25, 232, 232, 'Est omnis cupiditate quisquam velit porro et qui. Harum eum accusamus enim inventore expedita. Enim animi in non qui illum consectetur ea.', '1981-01-11 05:53:18');
INSERT INTO `messages` (`id`, `from_user_id`, `to_user_id`, `text`, `created_at`) VALUES (26, 233, 233, 'Numquam corporis totam ut molestiae ut et quis tempore. Fugiat magnam eos ut consectetur error.', '2002-12-24 07:43:34');
INSERT INTO `messages` (`id`, `from_user_id`, `to_user_id`, `text`, `created_at`) VALUES (27, 234, 234, 'Eius sapiente sint quia alias quo in. Nostrum officia non dolor velit cupiditate alias quos. Adipisci perferendis alias totam. Ut cum voluptas itaque nihil.', '1972-12-17 07:10:02');
INSERT INTO `messages` (`id`, `from_user_id`, `to_user_id`, `text`, `created_at`) VALUES (28, 236, 236, 'Omnis inventore maiores necessitatibus impedit. Velit modi perferendis deleniti.', '2012-03-11 20:26:45');
INSERT INTO `messages` (`id`, `from_user_id`, `to_user_id`, `text`, `created_at`) VALUES (29, 237, 237, 'Est dignissimos sint unde temporibus inventore vitae. Amet fuga qui qui accusantium. Velit et maiores iusto officia. Qui a blanditiis similique sapiente consequatur aut sunt.', '2001-12-19 07:17:12');
INSERT INTO `messages` (`id`, `from_user_id`, `to_user_id`, `text`, `created_at`) VALUES (30, 238, 238, 'Impedit assumenda est rerum non architecto. Ut libero provident ut odit. Id perferendis ipsa architecto exercitationem aliquam.', '1979-11-06 15:50:14');
INSERT INTO `messages` (`id`, `from_user_id`, `to_user_id`, `text`, `created_at`) VALUES (31, 240, 240, 'Qui dolorum cumque quasi nulla. In ipsa qui et animi. Dolores minus velit est velit soluta voluptates. Doloribus cum autem ut rerum qui. Quae quia fugit consectetur accusamus aspernatur vitae.', '1982-09-23 23:41:35');
INSERT INTO `messages` (`id`, `from_user_id`, `to_user_id`, `text`, `created_at`) VALUES (32, 241, 241, 'Quibusdam occaecati molestias modi nisi. Et maxime sunt qui quos voluptatibus reiciendis maiores. Et facilis vitae atque. Possimus doloremque omnis officiis ut neque adipisci.', '1996-10-23 22:25:51');
INSERT INTO `messages` (`id`, `from_user_id`, `to_user_id`, `text`, `created_at`) VALUES (33, 242, 242, 'Autem fuga commodi et eligendi reprehenderit. Nemo rerum corporis dolorum vitae. Sit quo veniam pariatur dolores.', '2004-05-26 19:39:49');
INSERT INTO `messages` (`id`, `from_user_id`, `to_user_id`, `text`, `created_at`) VALUES (34, 245, 245, 'Aut et dolorem distinctio labore eos. Ut maxime quia culpa voluptatibus eum. Est porro voluptatem numquam dolorem.', '2000-06-11 08:28:30');
INSERT INTO `messages` (`id`, `from_user_id`, `to_user_id`, `text`, `created_at`) VALUES (35, 246, 246, 'Sequi cum nihil laudantium qui. Aut velit voluptas repudiandae atque. Nulla nihil necessitatibus exercitationem eligendi eos. Nihil est dicta aut occaecati.', '1999-03-25 03:10:18');
INSERT INTO `messages` (`id`, `from_user_id`, `to_user_id`, `text`, `created_at`) VALUES (36, 247, 247, 'Ullam reiciendis expedita architecto neque. Laudantium accusamus laboriosam non perspiciatis. Sit odio neque repudiandae quidem. Dignissimos veniam facere et ipsa.', '1983-01-22 21:11:42');
INSERT INTO `messages` (`id`, `from_user_id`, `to_user_id`, `text`, `created_at`) VALUES (37, 248, 248, 'Quia dignissimos delectus non. Est illo iste ut atque voluptate et laborum. Voluptates nostrum excepturi facilis quo sapiente. Nobis consequatur ab illo eaque totam commodi.', '2011-05-03 20:50:21');
INSERT INTO `messages` (`id`, `from_user_id`, `to_user_id`, `text`, `created_at`) VALUES (38, 250, 250, 'Consequuntur ut voluptatibus adipisci quia. Rerum nihil aperiam ab. Nihil in enim cum eum et distinctio hic.', '1981-05-02 11:45:00');
INSERT INTO `messages` (`id`, `from_user_id`, `to_user_id`, `text`, `created_at`) VALUES (39, 253, 253, 'Nulla ut illum eaque praesentium quo eligendi in. Ea sed ad fugiat deserunt suscipit. Magni sint nesciunt provident sequi soluta laborum. Sapiente rerum est alias ipsa consequatur quas rerum.', '1991-09-29 02:49:25');
INSERT INTO `messages` (`id`, `from_user_id`, `to_user_id`, `text`, `created_at`) VALUES (40, 254, 254, 'Iste sapiente quibusdam vel laborum quo accusantium. Amet nesciunt maiores et commodi quos. Quaerat in et officiis voluptas laboriosam doloribus. Omnis et nihil dolorum.', '2000-10-31 21:50:29');
INSERT INTO `messages` (`id`, `from_user_id`, `to_user_id`, `text`, `created_at`) VALUES (41, 255, 255, 'Quis officia nobis voluptatem ipsum quam saepe consequatur. Modi aut quis quidem. Quia aut reiciendis sit quia.', '1972-07-05 13:41:39');
INSERT INTO `messages` (`id`, `from_user_id`, `to_user_id`, `text`, `created_at`) VALUES (42, 257, 257, 'Quis qui impedit molestiae omnis. Est deleniti et necessitatibus suscipit laboriosam. Est dolorum assumenda ea ratione.', '1976-06-01 05:50:52');
INSERT INTO `messages` (`id`, `from_user_id`, `to_user_id`, `text`, `created_at`) VALUES (43, 258, 258, 'Aut voluptatem totam qui repellat explicabo ea. Eum quis error reiciendis ex.\nExpedita blanditiis voluptatem quo cumque. Similique deleniti id dignissimos. Hic quas quo libero voluptate.', '1998-11-13 21:49:33');
INSERT INTO `messages` (`id`, `from_user_id`, `to_user_id`, `text`, `created_at`) VALUES (44, 261, 261, 'Voluptas minus tenetur quia. Non consequuntur eveniet qui totam esse esse. Rem animi voluptas quod repellat corporis.', '2020-02-26 22:04:47');
INSERT INTO `messages` (`id`, `from_user_id`, `to_user_id`, `text`, `created_at`) VALUES (45, 262, 262, 'Harum pariatur quaerat hic ipsa rerum minima totam delectus. Nam quo odio quia quam tenetur magni omnis. Molestias at ut minus est porro non sapiente. Non iste non aliquam sed earum aspernatur.', '1993-08-22 20:24:04');
INSERT INTO `messages` (`id`, `from_user_id`, `to_user_id`, `text`, `created_at`) VALUES (46, 263, 263, 'At ut accusamus enim est magnam. Vitae ratione tempora ea et. Quos fuga quas sed asperiores facere sed.', '2015-09-13 22:55:51');
INSERT INTO `messages` (`id`, `from_user_id`, `to_user_id`, `text`, `created_at`) VALUES (47, 264, 264, 'Quisquam numquam ipsum esse nulla necessitatibus. Maxime optio ea unde. Eius laudantium eius repudiandae inventore. Qui sapiente et est nemo voluptate.', '1982-08-11 07:39:50');
INSERT INTO `messages` (`id`, `from_user_id`, `to_user_id`, `text`, `created_at`) VALUES (48, 265, 265, 'Consequatur perspiciatis iure est optio iure officiis. Qui quas eum laborum. Voluptatibus aut repellendus illo neque. Aliquam et nulla ducimus modi nesciunt et.', '2018-04-06 01:10:01');
INSERT INTO `messages` (`id`, `from_user_id`, `to_user_id`, `text`, `created_at`) VALUES (49, 267, 267, 'Rerum minus maxime consectetur doloribus illo. Nihil qui at ad. Sapiente blanditiis quia qui facere hic voluptas velit.', '1977-11-10 04:31:35');
INSERT INTO `messages` (`id`, `from_user_id`, `to_user_id`, `text`, `created_at`) VALUES (50, 269, 269, 'Corporis sunt itaque quis voluptatem rerum minima quo quia. Quam qui assumenda consequatur debitis est ea. Molestiae sed beatae molestias sed aut.', '1995-09-04 08:15:51');
INSERT INTO `messages` (`id`, `from_user_id`, `to_user_id`, `text`, `created_at`) VALUES (51, 270, 270, 'Corrupti sit mollitia qui eum sit. Qui similique eaque culpa rerum. Debitis officiis ipsam tempora quod ut earum fugiat tenetur.', '1988-01-06 21:00:18');
INSERT INTO `messages` (`id`, `from_user_id`, `to_user_id`, `text`, `created_at`) VALUES (52, 273, 273, 'Adipisci omnis reiciendis consequuntur eos facere. Et quo magni vitae ut. Reprehenderit laborum quod dolorum id. Quibusdam et dicta velit sit tempore consectetur consequuntur possimus.', '2016-09-04 01:26:21');
INSERT INTO `messages` (`id`, `from_user_id`, `to_user_id`, `text`, `created_at`) VALUES (53, 274, 274, 'Minima voluptatem illum cupiditate voluptatem perspiciatis. Quidem aut aut velit illum molestiae est. Earum omnis ratione voluptatem. Sed et et sed sit.', '2019-03-23 09:18:58');
INSERT INTO `messages` (`id`, `from_user_id`, `to_user_id`, `text`, `created_at`) VALUES (54, 275, 275, 'Nobis ut consectetur vitae fugit ratione. Possimus praesentium sint laboriosam. Reprehenderit nulla non quis quibusdam ipsum est iusto omnis. Sit rerum quia eaque nisi id velit.', '2007-05-18 02:42:38');
INSERT INTO `messages` (`id`, `from_user_id`, `to_user_id`, `text`, `created_at`) VALUES (55, 276, 276, 'Recusandae animi eaque occaecati quos. Molestiae temporibus rerum facilis cumque cumque magni accusantium. Qui ut harum labore maxime perferendis.', '1984-07-29 22:34:26');
INSERT INTO `messages` (`id`, `from_user_id`, `to_user_id`, `text`, `created_at`) VALUES (56, 278, 278, 'Optio rerum totam ipsam sed sint ea. Placeat quia iste sunt totam dolor. Eos maiores a qui officia rem.', '1975-12-17 09:30:13');
INSERT INTO `messages` (`id`, `from_user_id`, `to_user_id`, `text`, `created_at`) VALUES (57, 279, 279, 'Enim quo officiis exercitationem amet. Excepturi blanditiis officia sapiente consequatur autem cupiditate. Aperiam magni optio quasi doloremque. Praesentium ut et assumenda.', '1972-09-06 19:35:24');
INSERT INTO `messages` (`id`, `from_user_id`, `to_user_id`, `text`, `created_at`) VALUES (58, 280, 280, 'Et dolorum suscipit quaerat reiciendis aperiam dolores dolorem. Rerum et placeat voluptas mollitia. Libero quia perspiciatis amet quam suscipit ipsum voluptas labore.', '2003-06-27 03:53:26');
INSERT INTO `messages` (`id`, `from_user_id`, `to_user_id`, `text`, `created_at`) VALUES (59, 281, 281, 'Aut nihil aliquam sequi ad quos cupiditate enim. Adipisci quaerat sed labore quidem velit incidunt. Eligendi at possimus nesciunt dolores. Est mollitia maiores sint.', '1990-11-01 14:50:37');
INSERT INTO `messages` (`id`, `from_user_id`, `to_user_id`, `text`, `created_at`) VALUES (60, 284, 284, 'Tempora laborum at quis exercitationem. Commodi earum culpa qui non quibusdam magni repudiandae. Dignissimos commodi quos sit assumenda rerum ducimus.', '1978-07-03 09:30:06');
INSERT INTO `messages` (`id`, `from_user_id`, `to_user_id`, `text`, `created_at`) VALUES (61, 286, 286, 'Ab beatae excepturi error architecto. Voluptates sint vitae itaque. Cumque pariatur voluptas earum qui. Sequi enim praesentium consequatur.', '1991-05-09 06:15:32');
INSERT INTO `messages` (`id`, `from_user_id`, `to_user_id`, `text`, `created_at`) VALUES (62, 287, 287, 'Occaecati qui vitae non quos. Suscipit est ex et facere rem sit unde. Velit at labore necessitatibus iusto in.', '2005-04-08 19:58:27');
INSERT INTO `messages` (`id`, `from_user_id`, `to_user_id`, `text`, `created_at`) VALUES (63, 288, 288, 'Quo et et dolorem. Rerum explicabo blanditiis inventore. Quia repellat aliquid molestiae non. Quo ut aut maxime laudantium corporis nobis est sit.', '2020-03-08 17:14:13');
INSERT INTO `messages` (`id`, `from_user_id`, `to_user_id`, `text`, `created_at`) VALUES (64, 289, 289, 'Iusto aspernatur unde numquam error velit. Voluptate expedita tenetur quia aut qui quae. Et quia temporibus soluta saepe.', '1993-08-15 12:12:50');
INSERT INTO `messages` (`id`, `from_user_id`, `to_user_id`, `text`, `created_at`) VALUES (65, 290, 290, 'Vitae optio modi natus voluptates corrupti est ut. Quis error id maiores. Blanditiis est illo perspiciatis reiciendis.', '1999-02-23 01:04:39');
INSERT INTO `messages` (`id`, `from_user_id`, `to_user_id`, `text`, `created_at`) VALUES (66, 292, 292, 'Similique dolor in perspiciatis aperiam magni et alias. Autem cumque quasi enim ipsa maiores occaecati. Autem adipisci possimus rerum consequatur quaerat numquam. Quia nemo quo eaque.', '2009-06-13 08:10:55');
INSERT INTO `messages` (`id`, `from_user_id`, `to_user_id`, `text`, `created_at`) VALUES (67, 295, 295, 'Soluta aut aliquam mollitia. Quis vero ut earum ut ullam. Est tempora cumque eligendi qui.', '2016-10-07 07:42:57');
INSERT INTO `messages` (`id`, `from_user_id`, `to_user_id`, `text`, `created_at`) VALUES (68, 296, 296, 'Vel est cumque consectetur ipsum. Aperiam ut quis maiores deleniti non distinctio praesentium. Temporibus similique laborum assumenda omnis beatae quaerat. Quidem quibusdam sit qui.', '2003-09-22 06:53:04');
INSERT INTO `messages` (`id`, `from_user_id`, `to_user_id`, `text`, `created_at`) VALUES (69, 297, 297, 'Et omnis perspiciatis dolorem. Est ipsa quia provident beatae id quos. Dolore facilis ut beatae doloribus. At id autem quia autem excepturi.', '1974-03-03 05:47:03');
INSERT INTO `messages` (`id`, `from_user_id`, `to_user_id`, `text`, `created_at`) VALUES (70, 298, 298, 'Esse deleniti optio voluptatibus architecto dolor numquam est. Vero dolorum quia et sunt assumenda occaecati corporis officia. Non natus nisi eos consequatur.', '1981-08-06 06:05:58');
INSERT INTO `messages` (`id`, `from_user_id`, `to_user_id`, `text`, `created_at`) VALUES (71, 304, 304, 'Dolore veniam omnis vitae. Enim error sit ipsum doloremque ut labore. Qui voluptatem excepturi doloribus molestiae facilis. Veritatis qui facilis nihil maxime.', '2008-02-10 14:19:54');
INSERT INTO `messages` (`id`, `from_user_id`, `to_user_id`, `text`, `created_at`) VALUES (72, 305, 305, 'Sed et officia quasi neque commodi autem. Praesentium qui nulla asperiores doloremque et quod ut. Et vitae consequatur fuga quia rerum facilis omnis. Alias quibusdam doloribus impedit molestias.', '1993-05-21 16:27:32');
INSERT INTO `messages` (`id`, `from_user_id`, `to_user_id`, `text`, `created_at`) VALUES (73, 307, 307, 'Sunt et ullam eum ipsum. Autem reiciendis et tempore earum. Veniam sequi dolorem voluptate enim nobis quisquam corrupti.', '1988-09-14 00:52:00');
INSERT INTO `messages` (`id`, `from_user_id`, `to_user_id`, `text`, `created_at`) VALUES (74, 309, 309, 'Sunt illum et dolor totam beatae. Ducimus distinctio incidunt quaerat excepturi et dolore. Dignissimos soluta velit provident. Sint quibusdam alias quia.', '1999-06-30 12:50:50');
INSERT INTO `messages` (`id`, `from_user_id`, `to_user_id`, `text`, `created_at`) VALUES (75, 310, 310, 'Voluptates et iusto beatae aut. Eos mollitia est culpa voluptas aliquam dolorum. Nobis earum corrupti aperiam cumque minus sit.', '2011-02-06 21:21:05');
INSERT INTO `messages` (`id`, `from_user_id`, `to_user_id`, `text`, `created_at`) VALUES (76, 312, 312, 'Quos voluptatem earum consectetur quaerat repellendus. Adipisci at omnis voluptatem vitae fugiat ipsam magni est. Quo voluptatem enim et et aut. Explicabo magnam rerum consequatur minus.', '1972-10-27 11:37:49');
INSERT INTO `messages` (`id`, `from_user_id`, `to_user_id`, `text`, `created_at`) VALUES (77, 314, 314, 'Aspernatur perferendis dolores ipsa consequuntur. Eaque accusamus unde qui accusantium cumque. Modi ratione quod sed possimus aliquid molestiae voluptas.', '1974-08-13 08:12:34');
INSERT INTO `messages` (`id`, `from_user_id`, `to_user_id`, `text`, `created_at`) VALUES (78, 315, 315, 'Ex et labore assumenda quis dolores. Laudantium cum repudiandae ut quia. Fuga ut sint et ut tempore sit.', '1984-01-09 15:57:12');
INSERT INTO `messages` (`id`, `from_user_id`, `to_user_id`, `text`, `created_at`) VALUES (79, 317, 317, 'Consequuntur eveniet rerum assumenda iusto possimus. Quasi quo ut sint iusto. Eum rerum est aperiam doloribus modi aut.', '1987-01-11 22:37:49');
INSERT INTO `messages` (`id`, `from_user_id`, `to_user_id`, `text`, `created_at`) VALUES (80, 319, 319, 'Dicta commodi dignissimos explicabo cum aut. Temporibus enim architecto eaque aspernatur. Fugit eum qui et.', '1984-01-04 04:22:31');
INSERT INTO `messages` (`id`, `from_user_id`, `to_user_id`, `text`, `created_at`) VALUES (81, 322, 322, 'Sunt nostrum et eveniet consequatur sint sed. Cum eius aspernatur nesciunt tempore et odio. Non nemo sit aspernatur eveniet eos eius.', '2016-05-30 05:42:27');
INSERT INTO `messages` (`id`, `from_user_id`, `to_user_id`, `text`, `created_at`) VALUES (82, 323, 323, 'Blanditiis non amet quidem repellendus est praesentium et. Vero fugit et cumque. Voluptas aut illo vitae enim non. Molestiae ipsum recusandae mollitia fugit atque dolores blanditiis.', '1983-11-03 06:33:25');
INSERT INTO `messages` (`id`, `from_user_id`, `to_user_id`, `text`, `created_at`) VALUES (83, 324, 324, 'At et beatae rerum dolores voluptas. Sed non voluptates cupiditate quae nemo eligendi quam. Nulla veniam dolores ex voluptatem. Quidem aut voluptas voluptates.', '1994-02-21 18:22:05');
INSERT INTO `messages` (`id`, `from_user_id`, `to_user_id`, `text`, `created_at`) VALUES (84, 325, 325, 'Aspernatur animi sint eligendi occaecati architecto. Fuga a quisquam dignissimos aut omnis pariatur voluptates. Doloribus aliquid tempora nihil consequuntur officia qui eum.', '2018-07-02 20:32:47');
INSERT INTO `messages` (`id`, `from_user_id`, `to_user_id`, `text`, `created_at`) VALUES (85, 326, 326, 'Nihil non aut enim ex et vitae tenetur. Et ut velit non et. Iusto unde quo nam molestiae repudiandae ut. Dolorum magnam nisi nesciunt quis voluptatum placeat sed.', '1991-09-17 11:16:04');
INSERT INTO `messages` (`id`, `from_user_id`, `to_user_id`, `text`, `created_at`) VALUES (86, 327, 327, 'Consequatur minus sequi occaecati magni eum a dignissimos. Eveniet quia tempore voluptatem voluptatem maiores tempora minus optio. Aperiam distinctio autem inventore nemo laborum.', '2008-01-05 14:15:57');
INSERT INTO `messages` (`id`, `from_user_id`, `to_user_id`, `text`, `created_at`) VALUES (87, 328, 328, 'Dolorum quia eveniet est non aut dolore aperiam nostrum. Velit aliquid ducimus libero nihil eveniet corporis. Provident quos ipsam sit.', '1985-06-06 05:57:01');
INSERT INTO `messages` (`id`, `from_user_id`, `to_user_id`, `text`, `created_at`) VALUES (88, 329, 329, 'Quas ipsa id quos aut. Aspernatur iure provident a nesciunt tempore ipsum ex est. Qui illo omnis et et dolorem earum. Ut qui unde et quos facilis.', '1985-11-12 10:20:56');
INSERT INTO `messages` (`id`, `from_user_id`, `to_user_id`, `text`, `created_at`) VALUES (89, 331, 331, 'Magni consequatur reprehenderit iste id recusandae officiis. Minus nostrum debitis sed explicabo est hic quos. Sint et ut porro totam.', '2016-07-20 14:20:31');
INSERT INTO `messages` (`id`, `from_user_id`, `to_user_id`, `text`, `created_at`) VALUES (90, 332, 332, 'Modi laboriosam voluptates quo consequatur voluptas nesciunt sunt. Et et magnam omnis consequatur enim ut. Voluptatem voluptate qui porro aut esse quae.', '1987-03-01 11:08:36');
INSERT INTO `messages` (`id`, `from_user_id`, `to_user_id`, `text`, `created_at`) VALUES (91, 333, 333, 'Dolorem cum accusantium ut molestiae vel. Aut nam reiciendis aut nihil dolore provident. Ipsam omnis ipsa cupiditate.', '1985-07-23 00:18:06');
INSERT INTO `messages` (`id`, `from_user_id`, `to_user_id`, `text`, `created_at`) VALUES (92, 334, 334, 'Neque animi ad mollitia tempore aliquam. Illum non quia itaque cum quo ea tempora. Temporibus similique est error temporibus est autem officia eum.', '1990-11-17 19:11:54');
INSERT INTO `messages` (`id`, `from_user_id`, `to_user_id`, `text`, `created_at`) VALUES (93, 335, 335, 'Ipsam ea voluptatem exercitationem asperiores officiis quidem id. Cumque officiis id neque odio totam ut consectetur.', '1997-08-09 06:38:37');
INSERT INTO `messages` (`id`, `from_user_id`, `to_user_id`, `text`, `created_at`) VALUES (94, 336, 336, 'Voluptatem ratione repellat enim quo quia et. Nemo illo sit unde nostrum praesentium.', '1985-11-17 15:37:15');
INSERT INTO `messages` (`id`, `from_user_id`, `to_user_id`, `text`, `created_at`) VALUES (95, 337, 337, 'Aliquid deleniti omnis expedita voluptate laboriosam totam. Debitis eos suscipit assumenda ut aut repudiandae eligendi. Est voluptatibus ut omnis ut.', '1996-07-13 21:22:05');
INSERT INTO `messages` (`id`, `from_user_id`, `to_user_id`, `text`, `created_at`) VALUES (96, 340, 340, 'Voluptatem consequatur neque corrupti dolore ab. Suscipit amet rerum ipsam voluptatum ut voluptas aperiam. Vel officia quis repellendus eum.', '2013-05-19 05:10:12');
INSERT INTO `messages` (`id`, `from_user_id`, `to_user_id`, `text`, `created_at`) VALUES (97, 342, 342, 'Ad laudantium ut necessitatibus recusandae eos voluptates voluptatem. Totam facilis voluptatem molestiae odio id. Aut numquam est maxime repudiandae sed.', '2007-09-13 15:50:07');
INSERT INTO `messages` (`id`, `from_user_id`, `to_user_id`, `text`, `created_at`) VALUES (98, 344, 344, 'Unde qui itaque minus officiis quo at. Est qui quia sint doloribus quis. Possimus ex labore mollitia.', '2018-07-18 10:54:36');
INSERT INTO `messages` (`id`, `from_user_id`, `to_user_id`, `text`, `created_at`) VALUES (99, 345, 345, 'Consequatur nesciunt rerum cumque autem nihil. Quis a voluptate qui. Similique et inventore voluptates est. Nam voluptatum et tempore dolorem velit dolor nostrum qui.', '2013-01-17 23:51:53');
INSERT INTO `messages` (`id`, `from_user_id`, `to_user_id`, `text`, `created_at`) VALUES (100, 347, 347, 'Velit in ut iusto ipsum. Et quod nihil rem et. Repellendus est incidunt omnis placeat. Magnam repudiandae velit delectus magnam.', '2000-11-18 07:46:06');


#
# TABLE STRUCTURE FOR: photo_albums
#

DROP TABLE IF EXISTS `photo_albums`;

CREATE TABLE `photo_albums` (
  `id` int(11) NOT NULL AUTO_INCREMENT,
  `name` varchar(245) COLLATE utf8_unicode_ci NOT NULL,
  `decs` text COLLATE utf8_unicode_ci DEFAULT NULL,
  `user_id` int(11) NOT NULL,
  PRIMARY KEY (`id`),
  KEY `fk_photo_albums_users1_idx` (`user_id`),
  CONSTRAINT `fk_photo_albums_users1` FOREIGN KEY (`user_id`) REFERENCES `users` (`id`) ON DELETE NO ACTION ON UPDATE NO ACTION
) ENGINE=InnoDB AUTO_INCREMENT=101 DEFAULT CHARSET=utf8 COLLATE=utf8_unicode_ci;

INSERT INTO `photo_albums` (`id`, `name`, `decs`, `user_id`) VALUES (1, 'deleniti', NULL, 201);
INSERT INTO `photo_albums` (`id`, `name`, `decs`, `user_id`) VALUES (2, 'omnis', NULL, 202);
INSERT INTO `photo_albums` (`id`, `name`, `decs`, `user_id`) VALUES (3, 'sed', NULL, 203);
INSERT INTO `photo_albums` (`id`, `name`, `decs`, `user_id`) VALUES (4, 'nihil', NULL, 204);
INSERT INTO `photo_albums` (`id`, `name`, `decs`, `user_id`) VALUES (5, 'aspernatur', NULL, 205);
INSERT INTO `photo_albums` (`id`, `name`, `decs`, `user_id`) VALUES (6, 'cumque', NULL, 206);
INSERT INTO `photo_albums` (`id`, `name`, `decs`, `user_id`) VALUES (7, 'similique', NULL, 208);
INSERT INTO `photo_albums` (`id`, `name`, `decs`, `user_id`) VALUES (8, 'ut', NULL, 209);
INSERT INTO `photo_albums` (`id`, `name`, `decs`, `user_id`) VALUES (9, 'laboriosam', NULL, 210);
INSERT INTO `photo_albums` (`id`, `name`, `decs`, `user_id`) VALUES (10, 'qui', NULL, 211);
INSERT INTO `photo_albums` (`id`, `name`, `decs`, `user_id`) VALUES (11, 'eum', NULL, 212);
INSERT INTO `photo_albums` (`id`, `name`, `decs`, `user_id`) VALUES (12, 'libero', NULL, 213);
INSERT INTO `photo_albums` (`id`, `name`, `decs`, `user_id`) VALUES (13, 'beatae', NULL, 216);
INSERT INTO `photo_albums` (`id`, `name`, `decs`, `user_id`) VALUES (14, 'aliquam', NULL, 217);
INSERT INTO `photo_albums` (`id`, `name`, `decs`, `user_id`) VALUES (15, 'perspiciatis', NULL, 218);
INSERT INTO `photo_albums` (`id`, `name`, `decs`, `user_id`) VALUES (16, 'ut', NULL, 220);
INSERT INTO `photo_albums` (`id`, `name`, `decs`, `user_id`) VALUES (17, 'sint', NULL, 221);
INSERT INTO `photo_albums` (`id`, `name`, `decs`, `user_id`) VALUES (18, 'et', NULL, 222);
INSERT INTO `photo_albums` (`id`, `name`, `decs`, `user_id`) VALUES (19, 'a', NULL, 226);
INSERT INTO `photo_albums` (`id`, `name`, `decs`, `user_id`) VALUES (20, 'neque', NULL, 227);
INSERT INTO `photo_albums` (`id`, `name`, `decs`, `user_id`) VALUES (21, 'voluptatum', NULL, 228);
INSERT INTO `photo_albums` (`id`, `name`, `decs`, `user_id`) VALUES (22, 'dolores', NULL, 229);
INSERT INTO `photo_albums` (`id`, `name`, `decs`, `user_id`) VALUES (23, 'ad', NULL, 230);
INSERT INTO `photo_albums` (`id`, `name`, `decs`, `user_id`) VALUES (24, 'dolor', NULL, 231);
INSERT INTO `photo_albums` (`id`, `name`, `decs`, `user_id`) VALUES (25, 'explicabo', NULL, 232);
INSERT INTO `photo_albums` (`id`, `name`, `decs`, `user_id`) VALUES (26, 'dolorem', NULL, 233);
INSERT INTO `photo_albums` (`id`, `name`, `decs`, `user_id`) VALUES (27, 'facilis', NULL, 234);
INSERT INTO `photo_albums` (`id`, `name`, `decs`, `user_id`) VALUES (28, 'a', NULL, 236);
INSERT INTO `photo_albums` (`id`, `name`, `decs`, `user_id`) VALUES (29, 'a', NULL, 237);
INSERT INTO `photo_albums` (`id`, `name`, `decs`, `user_id`) VALUES (30, 'est', NULL, 238);
INSERT INTO `photo_albums` (`id`, `name`, `decs`, `user_id`) VALUES (31, 'et', NULL, 240);
INSERT INTO `photo_albums` (`id`, `name`, `decs`, `user_id`) VALUES (32, 'velit', NULL, 241);
INSERT INTO `photo_albums` (`id`, `name`, `decs`, `user_id`) VALUES (33, 'quo', NULL, 242);
INSERT INTO `photo_albums` (`id`, `name`, `decs`, `user_id`) VALUES (34, 'et', NULL, 245);
INSERT INTO `photo_albums` (`id`, `name`, `decs`, `user_id`) VALUES (35, 'ad', NULL, 246);
INSERT INTO `photo_albums` (`id`, `name`, `decs`, `user_id`) VALUES (36, 'minus', NULL, 247);
INSERT INTO `photo_albums` (`id`, `name`, `decs`, `user_id`) VALUES (37, 'beatae', NULL, 248);
INSERT INTO `photo_albums` (`id`, `name`, `decs`, `user_id`) VALUES (38, 'similique', NULL, 250);
INSERT INTO `photo_albums` (`id`, `name`, `decs`, `user_id`) VALUES (39, 'non', NULL, 253);
INSERT INTO `photo_albums` (`id`, `name`, `decs`, `user_id`) VALUES (40, 'optio', NULL, 254);
INSERT INTO `photo_albums` (`id`, `name`, `decs`, `user_id`) VALUES (41, 'ducimus', NULL, 255);
INSERT INTO `photo_albums` (`id`, `name`, `decs`, `user_id`) VALUES (42, 'ullam', NULL, 257);
INSERT INTO `photo_albums` (`id`, `name`, `decs`, `user_id`) VALUES (43, 'culpa', NULL, 258);
INSERT INTO `photo_albums` (`id`, `name`, `decs`, `user_id`) VALUES (44, 'vero', NULL, 261);
INSERT INTO `photo_albums` (`id`, `name`, `decs`, `user_id`) VALUES (45, 'ipsa', NULL, 262);
INSERT INTO `photo_albums` (`id`, `name`, `decs`, `user_id`) VALUES (46, 'hic', NULL, 263);
INSERT INTO `photo_albums` (`id`, `name`, `decs`, `user_id`) VALUES (47, 'sunt', NULL, 264);
INSERT INTO `photo_albums` (`id`, `name`, `decs`, `user_id`) VALUES (48, 'et', NULL, 265);
INSERT INTO `photo_albums` (`id`, `name`, `decs`, `user_id`) VALUES (49, 'et', NULL, 267);
INSERT INTO `photo_albums` (`id`, `name`, `decs`, `user_id`) VALUES (50, 'quibusdam', NULL, 269);
INSERT INTO `photo_albums` (`id`, `name`, `decs`, `user_id`) VALUES (51, 'veritatis', NULL, 270);
INSERT INTO `photo_albums` (`id`, `name`, `decs`, `user_id`) VALUES (52, 'voluptates', NULL, 273);
INSERT INTO `photo_albums` (`id`, `name`, `decs`, `user_id`) VALUES (53, 'ut', NULL, 274);
INSERT INTO `photo_albums` (`id`, `name`, `decs`, `user_id`) VALUES (54, 'repellendus', NULL, 275);
INSERT INTO `photo_albums` (`id`, `name`, `decs`, `user_id`) VALUES (55, 'ut', NULL, 276);
INSERT INTO `photo_albums` (`id`, `name`, `decs`, `user_id`) VALUES (56, 'sint', NULL, 278);
INSERT INTO `photo_albums` (`id`, `name`, `decs`, `user_id`) VALUES (57, 'omnis', NULL, 279);
INSERT INTO `photo_albums` (`id`, `name`, `decs`, `user_id`) VALUES (58, 'numquam', NULL, 280);
INSERT INTO `photo_albums` (`id`, `name`, `decs`, `user_id`) VALUES (59, 'et', NULL, 281);
INSERT INTO `photo_albums` (`id`, `name`, `decs`, `user_id`) VALUES (60, 'sit', NULL, 284);
INSERT INTO `photo_albums` (`id`, `name`, `decs`, `user_id`) VALUES (61, 'et', NULL, 286);
INSERT INTO `photo_albums` (`id`, `name`, `decs`, `user_id`) VALUES (62, 'voluptates', NULL, 287);
INSERT INTO `photo_albums` (`id`, `name`, `decs`, `user_id`) VALUES (63, 'assumenda', NULL, 288);
INSERT INTO `photo_albums` (`id`, `name`, `decs`, `user_id`) VALUES (64, 'autem', NULL, 289);
INSERT INTO `photo_albums` (`id`, `name`, `decs`, `user_id`) VALUES (65, 'aut', NULL, 290);
INSERT INTO `photo_albums` (`id`, `name`, `decs`, `user_id`) VALUES (66, 'corrupti', NULL, 292);
INSERT INTO `photo_albums` (`id`, `name`, `decs`, `user_id`) VALUES (67, 'adipisci', NULL, 295);
INSERT INTO `photo_albums` (`id`, `name`, `decs`, `user_id`) VALUES (68, 'natus', NULL, 296);
INSERT INTO `photo_albums` (`id`, `name`, `decs`, `user_id`) VALUES (69, 'minus', NULL, 297);
INSERT INTO `photo_albums` (`id`, `name`, `decs`, `user_id`) VALUES (70, 'et', NULL, 298);
INSERT INTO `photo_albums` (`id`, `name`, `decs`, `user_id`) VALUES (71, 'inventore', NULL, 304);
INSERT INTO `photo_albums` (`id`, `name`, `decs`, `user_id`) VALUES (72, 'autem', NULL, 305);
INSERT INTO `photo_albums` (`id`, `name`, `decs`, `user_id`) VALUES (73, 'ut', NULL, 307);
INSERT INTO `photo_albums` (`id`, `name`, `decs`, `user_id`) VALUES (74, 'quod', NULL, 309);
INSERT INTO `photo_albums` (`id`, `name`, `decs`, `user_id`) VALUES (75, 'accusantium', NULL, 310);
INSERT INTO `photo_albums` (`id`, `name`, `decs`, `user_id`) VALUES (76, 'enim', NULL, 312);
INSERT INTO `photo_albums` (`id`, `name`, `decs`, `user_id`) VALUES (77, 'officia', NULL, 314);
INSERT INTO `photo_albums` (`id`, `name`, `decs`, `user_id`) VALUES (78, 'numquam', NULL, 315);
INSERT INTO `photo_albums` (`id`, `name`, `decs`, `user_id`) VALUES (79, 'libero', NULL, 317);
INSERT INTO `photo_albums` (`id`, `name`, `decs`, `user_id`) VALUES (80, 'eum', NULL, 319);
INSERT INTO `photo_albums` (`id`, `name`, `decs`, `user_id`) VALUES (81, 'ratione', NULL, 322);
INSERT INTO `photo_albums` (`id`, `name`, `decs`, `user_id`) VALUES (82, 'facere', NULL, 323);
INSERT INTO `photo_albums` (`id`, `name`, `decs`, `user_id`) VALUES (83, 'dolorem', NULL, 324);
INSERT INTO `photo_albums` (`id`, `name`, `decs`, `user_id`) VALUES (84, 'dolorem', NULL, 325);
INSERT INTO `photo_albums` (`id`, `name`, `decs`, `user_id`) VALUES (85, 'quis', NULL, 326);
INSERT INTO `photo_albums` (`id`, `name`, `decs`, `user_id`) VALUES (86, 'reprehenderit', NULL, 327);
INSERT INTO `photo_albums` (`id`, `name`, `decs`, `user_id`) VALUES (87, 'repellendus', NULL, 328);
INSERT INTO `photo_albums` (`id`, `name`, `decs`, `user_id`) VALUES (88, 'itaque', NULL, 329);
INSERT INTO `photo_albums` (`id`, `name`, `decs`, `user_id`) VALUES (89, 'est', NULL, 331);
INSERT INTO `photo_albums` (`id`, `name`, `decs`, `user_id`) VALUES (90, 'fuga', NULL, 332);
INSERT INTO `photo_albums` (`id`, `name`, `decs`, `user_id`) VALUES (91, 'recusandae', NULL, 333);
INSERT INTO `photo_albums` (`id`, `name`, `decs`, `user_id`) VALUES (92, 'distinctio', NULL, 334);
INSERT INTO `photo_albums` (`id`, `name`, `decs`, `user_id`) VALUES (93, 'explicabo', NULL, 335);
INSERT INTO `photo_albums` (`id`, `name`, `decs`, `user_id`) VALUES (94, 'quia', NULL, 336);
INSERT INTO `photo_albums` (`id`, `name`, `decs`, `user_id`) VALUES (95, 'eos', NULL, 337);
INSERT INTO `photo_albums` (`id`, `name`, `decs`, `user_id`) VALUES (96, 'autem', NULL, 340);
INSERT INTO `photo_albums` (`id`, `name`, `decs`, `user_id`) VALUES (97, 'voluptates', NULL, 342);
INSERT INTO `photo_albums` (`id`, `name`, `decs`, `user_id`) VALUES (98, 'omnis', NULL, 344);
INSERT INTO `photo_albums` (`id`, `name`, `decs`, `user_id`) VALUES (99, 'non', NULL, 345);
INSERT INTO `photo_albums` (`id`, `name`, `decs`, `user_id`) VALUES (100, 'consequatur', NULL, 347);


#
# TABLE STRUCTURE FOR: photos
#

DROP TABLE IF EXISTS `photos`;

CREATE TABLE `photos` (
  `id` int(11) NOT NULL,
  `album_id` int(11) NOT NULL,
  `media_id` int(11) NOT NULL,
  PRIMARY KEY (`id`),
  KEY `fk_photos_photo_albums1_idx` (`album_id`),
  KEY `fk_photos_media1_idx` (`media_id`),
  CONSTRAINT `fk_photos_media1` FOREIGN KEY (`media_id`) REFERENCES `media` (`id`) ON DELETE NO ACTION ON UPDATE NO ACTION,
  CONSTRAINT `fk_photos_photo_albums1` FOREIGN KEY (`album_id`) REFERENCES `photo_albums` (`id`) ON DELETE NO ACTION ON UPDATE NO ACTION
) ENGINE=InnoDB DEFAULT CHARSET=utf8 COLLATE=utf8_unicode_ci;

INSERT INTO `photos` (`id`, `album_id`, `media_id`) VALUES (0, 34, 34);
INSERT INTO `photos` (`id`, `album_id`, `media_id`) VALUES (1, 51, 51);
INSERT INTO `photos` (`id`, `album_id`, `media_id`) VALUES (2, 17, 17);
INSERT INTO `photos` (`id`, `album_id`, `media_id`) VALUES (4, 67, 67);
INSERT INTO `photos` (`id`, `album_id`, `media_id`) VALUES (5, 97, 97);
INSERT INTO `photos` (`id`, `album_id`, `media_id`) VALUES (6, 29, 29);
INSERT INTO `photos` (`id`, `album_id`, `media_id`) VALUES (7, 38, 38);
INSERT INTO `photos` (`id`, `album_id`, `media_id`) VALUES (8, 9, 9);
INSERT INTO `photos` (`id`, `album_id`, `media_id`) VALUES (9, 79, 79);
INSERT INTO `photos` (`id`, `album_id`, `media_id`) VALUES (20, 6, 6);
INSERT INTO `photos` (`id`, `album_id`, `media_id`) VALUES (21, 25, 25);
INSERT INTO `photos` (`id`, `album_id`, `media_id`) VALUES (59, 3, 3);
INSERT INTO `photos` (`id`, `album_id`, `media_id`) VALUES (76, 30, 30);
INSERT INTO `photos` (`id`, `album_id`, `media_id`) VALUES (77, 91, 91);
INSERT INTO `photos` (`id`, `album_id`, `media_id`) VALUES (200, 63, 63);
INSERT INTO `photos` (`id`, `album_id`, `media_id`) VALUES (347, 59, 59);
INSERT INTO `photos` (`id`, `album_id`, `media_id`) VALUES (375, 5, 5);
INSERT INTO `photos` (`id`, `album_id`, `media_id`) VALUES (426, 40, 40);
INSERT INTO `photos` (`id`, `album_id`, `media_id`) VALUES (433, 44, 44);
INSERT INTO `photos` (`id`, `album_id`, `media_id`) VALUES (516, 84, 84);
INSERT INTO `photos` (`id`, `album_id`, `media_id`) VALUES (578, 43, 43);
INSERT INTO `photos` (`id`, `album_id`, `media_id`) VALUES (591, 64, 64);
INSERT INTO `photos` (`id`, `album_id`, `media_id`) VALUES (644, 54, 54);
INSERT INTO `photos` (`id`, `album_id`, `media_id`) VALUES (648, 4, 4);
INSERT INTO `photos` (`id`, `album_id`, `media_id`) VALUES (897, 98, 98);
INSERT INTO `photos` (`id`, `album_id`, `media_id`) VALUES (947, 99, 99);
INSERT INTO `photos` (`id`, `album_id`, `media_id`) VALUES (1955, 85, 85);
INSERT INTO `photos` (`id`, `album_id`, `media_id`) VALUES (3022, 96, 96);
INSERT INTO `photos` (`id`, `album_id`, `media_id`) VALUES (3222, 26, 26);
INSERT INTO `photos` (`id`, `album_id`, `media_id`) VALUES (4187, 76, 76);
INSERT INTO `photos` (`id`, `album_id`, `media_id`) VALUES (5192, 82, 82);
INSERT INTO `photos` (`id`, `album_id`, `media_id`) VALUES (5789, 88, 88);
INSERT INTO `photos` (`id`, `album_id`, `media_id`) VALUES (6237, 27, 27);
INSERT INTO `photos` (`id`, `album_id`, `media_id`) VALUES (6989, 49, 49);
INSERT INTO `photos` (`id`, `album_id`, `media_id`) VALUES (7176, 35, 35);
INSERT INTO `photos` (`id`, `album_id`, `media_id`) VALUES (7199, 11, 11);
INSERT INTO `photos` (`id`, `album_id`, `media_id`) VALUES (8282, 20, 20);
INSERT INTO `photos` (`id`, `album_id`, `media_id`) VALUES (8872, 92, 92);
INSERT INTO `photos` (`id`, `album_id`, `media_id`) VALUES (9105, 13, 13);
INSERT INTO `photos` (`id`, `album_id`, `media_id`) VALUES (9330, 66, 66);
INSERT INTO `photos` (`id`, `album_id`, `media_id`) VALUES (9393, 45, 45);
INSERT INTO `photos` (`id`, `album_id`, `media_id`) VALUES (19573, 90, 90);
INSERT INTO `photos` (`id`, `album_id`, `media_id`) VALUES (25013, 87, 87);
INSERT INTO `photos` (`id`, `album_id`, `media_id`) VALUES (26850, 19, 19);
INSERT INTO `photos` (`id`, `album_id`, `media_id`) VALUES (27902, 18, 18);
INSERT INTO `photos` (`id`, `album_id`, `media_id`) VALUES (30135, 72, 72);
INSERT INTO `photos` (`id`, `album_id`, `media_id`) VALUES (30742, 55, 55);
INSERT INTO `photos` (`id`, `album_id`, `media_id`) VALUES (44370, 8, 8);
INSERT INTO `photos` (`id`, `album_id`, `media_id`) VALUES (64242, 77, 77);
INSERT INTO `photos` (`id`, `album_id`, `media_id`) VALUES (70625, 28, 28);
INSERT INTO `photos` (`id`, `album_id`, `media_id`) VALUES (74739, 94, 94);
INSERT INTO `photos` (`id`, `album_id`, `media_id`) VALUES (79156, 89, 89);
INSERT INTO `photos` (`id`, `album_id`, `media_id`) VALUES (90574, 33, 33);
INSERT INTO `photos` (`id`, `album_id`, `media_id`) VALUES (94343, 21, 21);
INSERT INTO `photos` (`id`, `album_id`, `media_id`) VALUES (95518, 65, 65);
INSERT INTO `photos` (`id`, `album_id`, `media_id`) VALUES (209782, 71, 71);
INSERT INTO `photos` (`id`, `album_id`, `media_id`) VALUES (266709, 56, 56);
INSERT INTO `photos` (`id`, `album_id`, `media_id`) VALUES (352903, 93, 93);
INSERT INTO `photos` (`id`, `album_id`, `media_id`) VALUES (484362, 50, 50);
INSERT INTO `photos` (`id`, `album_id`, `media_id`) VALUES (533137, 39, 39);
INSERT INTO `photos` (`id`, `album_id`, `media_id`) VALUES (587250, 100, 100);
INSERT INTO `photos` (`id`, `album_id`, `media_id`) VALUES (657607, 47, 47);
INSERT INTO `photos` (`id`, `album_id`, `media_id`) VALUES (666156, 74, 74);
INSERT INTO `photos` (`id`, `album_id`, `media_id`) VALUES (688966, 80, 80);
INSERT INTO `photos` (`id`, `album_id`, `media_id`) VALUES (756260, 12, 12);
INSERT INTO `photos` (`id`, `album_id`, `media_id`) VALUES (841141, 36, 36);
INSERT INTO `photos` (`id`, `album_id`, `media_id`) VALUES (1119471, 48, 48);
INSERT INTO `photos` (`id`, `album_id`, `media_id`) VALUES (1381043, 46, 46);
INSERT INTO `photos` (`id`, `album_id`, `media_id`) VALUES (3132475, 95, 95);
INSERT INTO `photos` (`id`, `album_id`, `media_id`) VALUES (4424251, 60, 60);
INSERT INTO `photos` (`id`, `album_id`, `media_id`) VALUES (5569127, 24, 24);
INSERT INTO `photos` (`id`, `album_id`, `media_id`) VALUES (7323525, 61, 61);
INSERT INTO `photos` (`id`, `album_id`, `media_id`) VALUES (7745371, 75, 75);
INSERT INTO `photos` (`id`, `album_id`, `media_id`) VALUES (7830514, 31, 31);
INSERT INTO `photos` (`id`, `album_id`, `media_id`) VALUES (8187902, 68, 68);
INSERT INTO `photos` (`id`, `album_id`, `media_id`) VALUES (8212876, 58, 58);
INSERT INTO `photos` (`id`, `album_id`, `media_id`) VALUES (8218735, 41, 41);
INSERT INTO `photos` (`id`, `album_id`, `media_id`) VALUES (9085477, 42, 42);
INSERT INTO `photos` (`id`, `album_id`, `media_id`) VALUES (9678584, 57, 57);
INSERT INTO `photos` (`id`, `album_id`, `media_id`) VALUES (9821343, 23, 23);
INSERT INTO `photos` (`id`, `album_id`, `media_id`) VALUES (9901166, 14, 14);
INSERT INTO `photos` (`id`, `album_id`, `media_id`) VALUES (17170113, 2, 2);
INSERT INTO `photos` (`id`, `album_id`, `media_id`) VALUES (19213329, 16, 16);
INSERT INTO `photos` (`id`, `album_id`, `media_id`) VALUES (20412459, 22, 22);
INSERT INTO `photos` (`id`, `album_id`, `media_id`) VALUES (39351299, 7, 7);
INSERT INTO `photos` (`id`, `album_id`, `media_id`) VALUES (49612910, 1, 1);
INSERT INTO `photos` (`id`, `album_id`, `media_id`) VALUES (50964286, 81, 81);
INSERT INTO `photos` (`id`, `album_id`, `media_id`) VALUES (60480942, 37, 37);
INSERT INTO `photos` (`id`, `album_id`, `media_id`) VALUES (61472771, 53, 53);
INSERT INTO `photos` (`id`, `album_id`, `media_id`) VALUES (70913064, 10, 10);
INSERT INTO `photos` (`id`, `album_id`, `media_id`) VALUES (72565251, 15, 15);
INSERT INTO `photos` (`id`, `album_id`, `media_id`) VALUES (75916415, 73, 73);
INSERT INTO `photos` (`id`, `album_id`, `media_id`) VALUES (89994112, 86, 86);
INSERT INTO `photos` (`id`, `album_id`, `media_id`) VALUES (93563103, 70, 70);
INSERT INTO `photos` (`id`, `album_id`, `media_id`) VALUES (94568715, 62, 62);
INSERT INTO `photos` (`id`, `album_id`, `media_id`) VALUES (100638575, 32, 32);
INSERT INTO `photos` (`id`, `album_id`, `media_id`) VALUES (345823972, 69, 69);
INSERT INTO `photos` (`id`, `album_id`, `media_id`) VALUES (516757172, 78, 78);
INSERT INTO `photos` (`id`, `album_id`, `media_id`) VALUES (681731884, 83, 83);
INSERT INTO `photos` (`id`, `album_id`, `media_id`) VALUES (936400226, 52, 52);


#
# TABLE STRUCTURE FOR: posts
#

DROP TABLE IF EXISTS `posts`;

CREATE TABLE `posts` (
  `id` int(11) NOT NULL,
  `media_id` int(11) NOT NULL,
  `description` varchar(245) COLLATE utf8_unicode_ci DEFAULT NULL,
  PRIMARY KEY (`id`),
  KEY `fk_posts_media1_idx` (`media_id`),
  CONSTRAINT `fk_posts_media1` FOREIGN KEY (`media_id`) REFERENCES `media` (`id`) ON DELETE NO ACTION ON UPDATE NO ACTION
) ENGINE=InnoDB DEFAULT CHARSET=utf8 COLLATE=utf8_unicode_ci;

INSERT INTO `posts` (`id`, `media_id`, `description`) VALUES (0, 12, 'Laudantium et quaerat minus totam. In eaque aut suscipit expedita aspernatur sed ab a. Impedit error explicabo nostrum aperiam tempore saepe rem. Illum sint ut occaecati rerum nesciunt ut ipsum. Vitae voluptatem quidem expedita expedita.');
INSERT INTO `posts` (`id`, `media_id`, `description`) VALUES (1, 1, 'Aut et voluptas optio dolor. Maxime voluptatibus libero autem et cum ab. Delectus a qui nam et ullam perspiciatis.');
INSERT INTO `posts` (`id`, `media_id`, `description`) VALUES (2, 78, 'Quo ut magnam sed unde. Voluptate et dolor sed et sapiente culpa. Magni aut et commodi quae. Repellat et architecto corporis facilis.');
INSERT INTO `posts` (`id`, `media_id`, `description`) VALUES (3, 3, 'Magnam non et et nisi enim ducimus pariatur. Nihil fuga nemo non eum. Qui itaque ut occaecati et magni deleniti quae voluptatem. Consequatur sunt aut ex aut et autem.');
INSERT INTO `posts` (`id`, `media_id`, `description`) VALUES (4, 17, 'Assumenda omnis ipsam harum cumque eum. Ad explicabo expedita corporis porro voluptatibus et sint. Ab atque harum sint aliquam. Perspiciatis error fuga doloribus.');
INSERT INTO `posts` (`id`, `media_id`, `description`) VALUES (5, 52, 'Ipsa et tempora nobis in voluptatem. Impedit repudiandae dolorum aut aut necessitatibus cumque. Dignissimos aliquam est ea atque. Corporis voluptas rerum id voluptatem qui nostrum.');
INSERT INTO `posts` (`id`, `media_id`, `description`) VALUES (6, 9, 'Itaque incidunt temporibus ea. Et praesentium aliquid delectus odio nam.');
INSERT INTO `posts` (`id`, `media_id`, `description`) VALUES (7, 19, 'Molestiae accusantium et omnis. Veritatis vel sint perferendis illum esse. Omnis voluptatem magnam quaerat enim.');
INSERT INTO `posts` (`id`, `media_id`, `description`) VALUES (8, 63, 'Quam cupiditate et atque qui. Non sed eos adipisci et debitis. Et optio nam quidem nesciunt. Voluptas reiciendis id expedita quidem perspiciatis eligendi ab.');
INSERT INTO `posts` (`id`, `media_id`, `description`) VALUES (9, 18, 'Ut provident sunt est dignissimos maiores nisi sint. Similique itaque perferendis nihil et. Quibusdam ut voluptatem itaque quia sed quisquam doloribus odio. Quia aliquid ratione inventore unde vero velit.');
INSERT INTO `posts` (`id`, `media_id`, `description`) VALUES (32, 98, 'Cupiditate excepturi laudantium omnis aliquid eligendi consequatur sint. Hic sapiente et dolor qui dolor qui numquam. Et suscipit eveniet ea sed.');
INSERT INTO `posts` (`id`, `media_id`, `description`) VALUES (38, 42, 'Odit molestiae ad perferendis eveniet voluptas dolores aut. Expedita rerum eaque voluptate sint voluptate voluptas. Corrupti odio sit quae aut exercitationem aut. Eos provident velit quo modi rem ipsa.');
INSERT INTO `posts` (`id`, `media_id`, `description`) VALUES (55, 85, 'Libero adipisci accusantium molestiae esse nobis a repellendus. Est magni dolore sit. Aut et nulla repudiandae minima sunt qui commodi.');
INSERT INTO `posts` (`id`, `media_id`, `description`) VALUES (61, 65, 'Voluptas architecto sit delectus tempore tempora quia voluptatem. Ut est architecto ipsam non eum ut ipsum. Qui aliquam soluta recusandae repudiandae. Occaecati ut aut adipisci veritatis maiores.');
INSERT INTO `posts` (`id`, `media_id`, `description`) VALUES (68, 54, 'Distinctio omnis ut assumenda. Quo est corporis neque porro. Aut est officia vel tempore ipsam veritatis nihil. Atque distinctio et expedita a voluptatem ducimus tempora.');
INSERT INTO `posts` (`id`, `media_id`, `description`) VALUES (78, 4, 'Voluptatem quo pariatur reprehenderit magnam sed at. Beatae assumenda pariatur aperiam deleniti exercitationem. Consequatur soluta et harum.');
INSERT INTO `posts` (`id`, `media_id`, `description`) VALUES (80, 58, 'Odit nihil hic voluptatem cupiditate aut qui ea. Natus nam qui officia consequatur illum asperiores. Deleniti occaecati excepturi animi error quidem fuga rerum quis.');
INSERT INTO `posts` (`id`, `media_id`, `description`) VALUES (85, 20, 'Aut ea et quia. Ut et molestias qui modi veniam reprehenderit eum. Odit itaque autem commodi consectetur ipsa. Voluptatem et consequuntur quisquam.');
INSERT INTO `posts` (`id`, `media_id`, `description`) VALUES (132, 48, 'Magni qui ad non. Hic nisi et qui est perferendis illum.');
INSERT INTO `posts` (`id`, `media_id`, `description`) VALUES (134, 53, 'Est illo doloribus et cum aperiam. Incidunt sit est sed doloribus facere quo voluptatem. Impedit voluptatibus reprehenderit et quis qui corporis.');
INSERT INTO `posts` (`id`, `media_id`, `description`) VALUES (262, 56, 'Sit saepe voluptatum maiores eius quo laboriosam iste. Harum aliquid cumque non consequatur. Cumque quos aut occaecati aperiam saepe totam et. Nemo corrupti aut molestias nam amet sunt ratione.');
INSERT INTO `posts` (`id`, `media_id`, `description`) VALUES (282, 75, 'Alias in dolores quod aut fuga iusto nobis libero. Amet qui ipsum et consequuntur. Quisquam minima similique et non facilis dolore quos. Dolore in velit in eius sit nesciunt fugiat.');
INSERT INTO `posts` (`id`, `media_id`, `description`) VALUES (294, 59, 'Molestiae labore officia neque et porro. Corrupti velit ea qui ullam et pariatur. Ad unde doloribus nihil asperiores exercitationem tempora.');
INSERT INTO `posts` (`id`, `media_id`, `description`) VALUES (311, 100, 'Incidunt consequuntur delectus veniam quia rem quae. Aut aut beatae quae id. Dolor fugit itaque sequi at recusandae rerum consequatur. Veniam dolorum sapiente itaque officiis accusantium. Cumque dolores laborum modi eum.');
INSERT INTO `posts` (`id`, `media_id`, `description`) VALUES (379, 87, 'Ea et nihil et. Recusandae harum laboriosam quod hic voluptatem sit quo. Sapiente ut perferendis et animi eum officia.');
INSERT INTO `posts` (`id`, `media_id`, `description`) VALUES (545, 71, 'Dolorem fugiat aliquam aut ut et. A omnis iure et est. Eius consequatur eaque mollitia. Rerum ut fugiat corrupti.');
INSERT INTO `posts` (`id`, `media_id`, `description`) VALUES (634, 2, 'Veritatis eum odit et sed vero sint non. Qui enim ea ad est numquam aut. Aspernatur deleniti totam quisquam hic.');
INSERT INTO `posts` (`id`, `media_id`, `description`) VALUES (663, 77, 'Unde officiis ut dignissimos nisi sed. Quia et adipisci voluptatum. Non tempora et veniam sunt nihil. Et esse totam consectetur vitae sapiente.');
INSERT INTO `posts` (`id`, `media_id`, `description`) VALUES (688, 11, 'Est alias quas voluptatum ut temporibus eum quasi. Quia et aspernatur eum ea sit. Deleniti facilis nostrum consectetur accusantium tempore magni natus. Sed et veritatis ipsa veniam est officiis accusamus rerum.');
INSERT INTO `posts` (`id`, `media_id`, `description`) VALUES (735, 86, 'Modi ut dolores odio consequatur unde qui nisi. Animi nostrum deleniti qui adipisci rerum alias. Rem deserunt velit nam debitis quia.');
INSERT INTO `posts` (`id`, `media_id`, `description`) VALUES (979, 35, 'Odit voluptatum quisquam vero alias. Nihil nemo veniam voluptatem adipisci dolorum itaque.');
INSERT INTO `posts` (`id`, `media_id`, `description`) VALUES (3194, 38, 'Molestias velit et commodi rerum nisi. Possimus dolor inventore officiis vitae. Sunt odit enim ut dolore commodi atque. Voluptas modi quidem et aperiam laudantium.');
INSERT INTO `posts` (`id`, `media_id`, `description`) VALUES (3505, 16, 'Assumenda reiciendis ut accusamus cum. Eligendi exercitationem itaque assumenda quia cum quidem. Qui totam excepturi adipisci repudiandae culpa ut quasi.');
INSERT INTO `posts` (`id`, `media_id`, `description`) VALUES (3567, 69, 'Fuga in molestiae ut nihil reiciendis dolorem. Corporis modi ratione aut quos aut quod sapiente. Et error a id illum dolorem soluta. Sed rerum voluptatum numquam aut facere quos soluta.');
INSERT INTO `posts` (`id`, `media_id`, `description`) VALUES (4864, 22, 'Eum vero odio est. Ex quasi accusantium iure omnis ipsam esse distinctio. Est aut quas quibusdam molestiae qui et neque. Labore vel quo voluptas tempore sed vitae.');
INSERT INTO `posts` (`id`, `media_id`, `description`) VALUES (5592, 26, 'Voluptatibus in assumenda omnis non accusamus laboriosam. Amet suscipit pariatur iure fugit. Quas rerum quasi vitae dolores. Vero voluptatem culpa corrupti autem tempora et doloremque.');
INSERT INTO `posts` (`id`, `media_id`, `description`) VALUES (6415, 13, 'Corrupti quasi voluptatum perferendis aperiam aliquam non id iste. Laudantium sit ullam quas velit quia in consequuntur similique.');
INSERT INTO `posts` (`id`, `media_id`, `description`) VALUES (7401, 10, 'Provident repellendus ad rerum. Enim fugiat et molestiae sapiente nisi dolores. Assumenda dolor odio dolores porro.');
INSERT INTO `posts` (`id`, `media_id`, `description`) VALUES (7418, 84, 'Nostrum sed dolor at voluptas. A omnis nulla eius amet sunt. Ut quod officia id non sit dolor fugiat.');
INSERT INTO `posts` (`id`, `media_id`, `description`) VALUES (7592, 99, 'Aspernatur impedit enim deserunt similique explicabo veniam. Sunt nisi illum architecto distinctio explicabo vero.');
INSERT INTO `posts` (`id`, `media_id`, `description`) VALUES (8232, 82, 'Ad dolorum corporis pariatur officiis nisi quo. Saepe ut eos consectetur eius. Sed magnam enim reprehenderit in. Voluptatem nobis sed inventore voluptatibus eum.');
INSERT INTO `posts` (`id`, `media_id`, `description`) VALUES (8720, 61, 'Quas perferendis iure nisi et. Neque dolorem est temporibus nam magni. Architecto rerum debitis quod distinctio enim voluptates ducimus.');
INSERT INTO `posts` (`id`, `media_id`, `description`) VALUES (9416, 55, 'Error laborum illum non mollitia magnam. Ut voluptatum officiis qui pariatur voluptas aut ut. Necessitatibus qui ut sequi sint totam voluptatem autem quaerat. Et voluptates veritatis illum velit deleniti.');
INSERT INTO `posts` (`id`, `media_id`, `description`) VALUES (14238, 5, 'Qui minima modi odit ut tempora delectus molestiae cumque. Minus recusandae in id iste consectetur. Omnis dicta nihil officiis labore qui consequuntur.');
INSERT INTO `posts` (`id`, `media_id`, `description`) VALUES (20484, 8, 'Quas quisquam velit voluptatem accusantium ab vero quo. Temporibus aut eligendi necessitatibus repellendus error hic. Rerum eligendi repellendus accusamus.');
INSERT INTO `posts` (`id`, `media_id`, `description`) VALUES (24619, 23, 'Consectetur rerum quis rerum nulla omnis ducimus. Veritatis dolor ea vitae.');
INSERT INTO `posts` (`id`, `media_id`, `description`) VALUES (28346, 91, 'Quas sunt quam consequatur quis. Minima magnam adipisci quam omnis quisquam reiciendis cumque. Repellendus tempore qui voluptatem ad nulla neque sint a. Dolores nihil aliquam atque exercitationem dolore quia ipsa et. Quos sapiente magnam laudant');
INSERT INTO `posts` (`id`, `media_id`, `description`) VALUES (45922, 40, 'Cupiditate et earum non. Facere sit aut eum facere. Enim et iure quos dolorem.');
INSERT INTO `posts` (`id`, `media_id`, `description`) VALUES (49698, 30, 'Laudantium reprehenderit est magnam commodi. Dolor aut aut vel dolorem. Perferendis eveniet incidunt iste a amet eos eius.');
INSERT INTO `posts` (`id`, `media_id`, `description`) VALUES (51119, 25, 'Architecto aut hic minus rerum magnam quis. Velit quia consectetur et officia mollitia est quasi.');
INSERT INTO `posts` (`id`, `media_id`, `description`) VALUES (52962, 14, 'Impedit voluptas distinctio pariatur fugiat non voluptatem. Distinctio quia eveniet quam magnam autem quae. Eos facilis sunt sequi incidunt minus. Voluptas sed laborum vel voluptates ad est exercitationem facere. Rerum aliquid totam quas occaeca');
INSERT INTO `posts` (`id`, `media_id`, `description`) VALUES (56809, 33, 'Tempora aliquid quidem officiis et beatae et. Sunt provident eius ipsum facere fugit et ut natus. Eligendi voluptas aut provident enim dolorem vero et.');
INSERT INTO `posts` (`id`, `media_id`, `description`) VALUES (73122, 45, 'Sapiente rerum occaecati autem. Veniam et cum sit veniam cumque aut et. Facere enim veniam aliquam similique at vero molestiae.');
INSERT INTO `posts` (`id`, `media_id`, `description`) VALUES (80163, 89, 'Accusantium voluptas cupiditate magnam nobis inventore at. Ut consequatur temporibus placeat ut nesciunt et facere. Nisi alias itaque magnam harum impedit voluptatem. Officiis eveniet hic et reprehenderit cupiditate officia.');
INSERT INTO `posts` (`id`, `media_id`, `description`) VALUES (82353, 50, 'Velit quam occaecati modi beatae nisi quisquam. Doloremque consequatur cupiditate nostrum voluptatem non qui. Tempora minima quo doloremque molestiae aut. Temporibus quia quia qui incidunt id expedita aut.');
INSERT INTO `posts` (`id`, `media_id`, `description`) VALUES (82788, 27, 'In ut accusamus quasi eaque suscipit voluptatem. Sit ratione sequi repudiandae accusantium consequatur voluptate nobis.');
INSERT INTO `posts` (`id`, `media_id`, `description`) VALUES (88344, 57, 'Cupiditate ducimus et aut quo quia maxime. Aut minima est dolore exercitationem non. Est omnis in repudiandae in a.');
INSERT INTO `posts` (`id`, `media_id`, `description`) VALUES (95578, 21, 'Illo hic necessitatibus sit at quo reiciendis autem. At officia consequatur ut qui in. Amet doloribus quis enim ullam.');
INSERT INTO `posts` (`id`, `media_id`, `description`) VALUES (98563, 15, 'Ratione et dolor sequi qui. Molestiae fugiat velit sunt est odio quaerat. Voluptate odio vero quo impedit.');
INSERT INTO `posts` (`id`, `media_id`, `description`) VALUES (177711, 81, 'Et unde dolores quis et ea a fugiat. Aut beatae assumenda aliquam adipisci est dolorem. Sapiente occaecati tempora odio ut suscipit voluptas. Tenetur eum qui rerum minus id qui aut. Assumenda rerum expedita enim deserunt.');
INSERT INTO `posts` (`id`, `media_id`, `description`) VALUES (199014, 32, 'Sint rerum illum eius error ut necessitatibus illo eos. Adipisci voluptate ut minima aut fugit.');
INSERT INTO `posts` (`id`, `media_id`, `description`) VALUES (280707, 29, 'Dolor minus optio quibusdam molestiae quasi consectetur. Aspernatur ex eius commodi voluptatem commodi.');
INSERT INTO `posts` (`id`, `media_id`, `description`) VALUES (281965, 6, 'Amet quae voluptatem nesciunt porro debitis magni ipsam. Nesciunt non ut illum minima. Assumenda fuga earum placeat eveniet molestiae.');
INSERT INTO `posts` (`id`, `media_id`, `description`) VALUES (383637, 79, 'Non qui libero blanditiis et ipsa in aspernatur quis. Non doloremque ipsa est facilis ab et. Qui ut ipsam unde illum. Ut explicabo explicabo et delectus quis aperiam.');
INSERT INTO `posts` (`id`, `media_id`, `description`) VALUES (507845, 88, 'Inventore ipsa ipsam aut reiciendis. Commodi aut vel exercitationem. Voluptatum amet voluptate at aut nobis qui quam. Molestias architecto illum deleniti illo et quas.');
INSERT INTO `posts` (`id`, `media_id`, `description`) VALUES (568833, 7, 'Dicta et corporis nostrum provident dolore delectus. Id ut minus quia sed fugiat repellendus at autem. Cumque omnis velit consequatur et ad cumque. Ad cumque quas animi distinctio.');
INSERT INTO `posts` (`id`, `media_id`, `description`) VALUES (680615, 46, 'Dolorum dicta sed alias nemo ducimus odio sapiente. Voluptatem iusto dicta voluptate ut consectetur dolor. Natus omnis non corrupti dolore.');
INSERT INTO `posts` (`id`, `media_id`, `description`) VALUES (692396, 94, 'Quo modi reprehenderit rerum voluptate assumenda inventore cupiditate cupiditate. Est et porro facilis. Quo debitis voluptatum ut ratione. Esse libero voluptatem distinctio non.');
INSERT INTO `posts` (`id`, `media_id`, `description`) VALUES (817333, 70, 'Autem qui officia sequi aspernatur dolore et ut. Neque deleniti eveniet et. Quia consequatur corporis aperiam doloribus. Veritatis rerum sit quaerat veniam facere soluta optio. Sed impedit rerum iste.');
INSERT INTO `posts` (`id`, `media_id`, `description`) VALUES (1597709, 66, 'Perferendis sed porro ut voluptates et. Asperiores quis reiciendis sed id quaerat ut consectetur sit. Et esse omnis officia reprehenderit.');
INSERT INTO `posts` (`id`, `media_id`, `description`) VALUES (1645781, 96, 'Animi ut sed at sequi est. Deleniti soluta possimus iure necessitatibus. Velit officiis maiores placeat hic.');
INSERT INTO `posts` (`id`, `media_id`, `description`) VALUES (3575862, 95, 'Quia alias omnis voluptatem quos ab. Praesentium enim sit laudantium natus. Iusto expedita doloremque architecto deserunt. Quo molestiae sunt porro perferendis unde explicabo ea.');
INSERT INTO `posts` (`id`, `media_id`, `description`) VALUES (4014906, 41, 'Dolores minus suscipit facere id. Quas commodi neque quibusdam quia. Cumque sit iusto assumenda tempora quibusdam adipisci.');
INSERT INTO `posts` (`id`, `media_id`, `description`) VALUES (4383229, 24, 'Aut veniam ut nesciunt corporis qui exercitationem est. Voluptatem eos voluptatem nobis velit dignissimos nostrum aut. Omnis maxime omnis incidunt cumque eos.');
INSERT INTO `posts` (`id`, `media_id`, `description`) VALUES (5207861, 92, 'Et totam sunt nihil dolore. Qui nisi repellendus eius at molestias sequi. Minima eaque commodi aut nesciunt quia eius. Veniam aut natus laudantium in aut.');
INSERT INTO `posts` (`id`, `media_id`, `description`) VALUES (5676592, 51, 'Rem temporibus adipisci rem nulla ad. Totam id ipsum aut aperiam beatae amet adipisci. Temporibus saepe rerum nostrum aut quo quidem quo.');
INSERT INTO `posts` (`id`, `media_id`, `description`) VALUES (6314947, 28, 'Vel impedit aliquam voluptas distinctio eos totam. Odio soluta provident delectus dolore facilis. Eveniet quos soluta eligendi voluptatem autem laudantium. Et ut nihil occaecati debitis omnis vel perspiciatis.');
INSERT INTO `posts` (`id`, `media_id`, `description`) VALUES (7712598, 62, 'Corrupti occaecati voluptatem vel temporibus dolores debitis. Qui qui illum iusto hic voluptate. Vero laborum excepturi voluptas culpa debitis. Ullam expedita provident enim quia dolorum velit nam.');
INSERT INTO `posts` (`id`, `media_id`, `description`) VALUES (8140082, 67, 'Molestias veritatis ipsam rerum dolor aut voluptas explicabo sequi. Adipisci et necessitatibus rem similique omnis. Natus eum voluptatem ut error consequatur voluptatem culpa.');
INSERT INTO `posts` (`id`, `media_id`, `description`) VALUES (8954407, 39, 'Maxime illo occaecati eligendi sit. Ipsam deleniti necessitatibus voluptatem et ratione omnis non eligendi. Dolore nihil velit quam nihil. Quibusdam id soluta quae.');
INSERT INTO `posts` (`id`, `media_id`, `description`) VALUES (17021692, 90, 'Quia alias iusto animi. Voluptatem ratione quia molestiae illo voluptas. Fuga enim sunt possimus quaerat dolores placeat est. Vel hic distinctio quo eum. Vero et aut deleniti est iure magnam.');
INSERT INTO `posts` (`id`, `media_id`, `description`) VALUES (18827127, 80, 'Qui repudiandae officia cumque est omnis ad ut eius. Sed occaecati hic dolore ut harum. Id saepe et perspiciatis reprehenderit debitis. Omnis et veritatis in quam enim. Eaque pariatur aut dignissimos cum non.');
INSERT INTO `posts` (`id`, `media_id`, `description`) VALUES (21825232, 93, 'Voluptas corrupti deleniti nesciunt expedita aut doloribus. Accusantium dolor officiis voluptatem quis rem reprehenderit. Non delectus dolore molestias cum voluptatem.');
INSERT INTO `posts` (`id`, `media_id`, `description`) VALUES (32819124, 76, 'Nam perferendis ut ipsam facilis. Corrupti voluptatibus aut quis rerum sunt. Aut suscipit est ipsam sed placeat sunt quisquam fugit. Itaque neque cum porro totam est qui voluptates explicabo.');
INSERT INTO `posts` (`id`, `media_id`, `description`) VALUES (39347766, 73, 'At veniam quisquam vero in. A illo veritatis natus veritatis ad dolores est voluptates. Molestiae eum explicabo omnis assumenda.');
INSERT INTO `posts` (`id`, `media_id`, `description`) VALUES (42590991, 49, 'Sequi esse ut sit necessitatibus quod optio. Animi voluptas veritatis quia dolorum corporis. Hic qui deleniti consequuntur vel eligendi necessitatibus.');
INSERT INTO `posts` (`id`, `media_id`, `description`) VALUES (43542174, 72, 'Ut ut rem esse sed veritatis perferendis. Quasi impedit odio dolor deserunt. Dolorum fugiat consequatur illum eum perferendis rerum. Et sint tempora velit voluptas. Fuga mollitia voluptatem aut similique id aut.');
INSERT INTO `posts` (`id`, `media_id`, `description`) VALUES (53716536, 60, 'Minima hic et quia qui dolores illum. Ut accusantium atque deserunt minus aliquam. Consequatur placeat at ducimus tempore sunt nihil.');
INSERT INTO `posts` (`id`, `media_id`, `description`) VALUES (78463186, 44, 'Qui iste ut eos qui quas error doloribus et. Suscipit sit ad placeat excepturi. Corrupti assumenda et fugiat reprehenderit placeat. Labore id est cum ut consectetur ab aut.');
INSERT INTO `posts` (`id`, `media_id`, `description`) VALUES (81339881, 36, 'Ducimus dolorem aperiam eaque doloribus. Ad ut rerum rem quod. Ut fuga rerum qui culpa qui ea eos. Incidunt ratione voluptatum totam rerum.');
INSERT INTO `posts` (`id`, `media_id`, `description`) VALUES (89736329, 68, 'Et consequatur eligendi ipsam harum. Dolores molestias et pariatur.');
INSERT INTO `posts` (`id`, `media_id`, `description`) VALUES (92036215, 34, 'Nesciunt officia dolorum autem. Aut dolore aut voluptatem. Totam omnis quisquam ut eum nihil dolorum. Praesentium est quis maiores laboriosam.');
INSERT INTO `posts` (`id`, `media_id`, `description`) VALUES (96341447, 97, 'Facere explicabo laborum voluptatem doloremque deserunt cupiditate accusamus. Laboriosam dicta id est eius. Aspernatur porro sunt alias nisi laudantium debitis. Officiis maiores saepe laboriosam optio mollitia. Consequatur nihil inventore aut.');
INSERT INTO `posts` (`id`, `media_id`, `description`) VALUES (99219438, 47, 'Consequuntur quam iusto pariatur optio. Voluptatem hic explicabo iure voluptatem quod minus sunt et. Nihil alias sed quas. Perferendis omnis earum autem culpa at et qui. Amet eius optio aspernatur omnis harum maiores.');
INSERT INTO `posts` (`id`, `media_id`, `description`) VALUES (368051427, 37, 'Fugiat corporis ut id reiciendis et unde animi ut. Sunt quia non quia ut quaerat voluptas similique quos. Eum aut consectetur sint sed. Sint ducimus ad consequatur voluptate eveniet in sunt quia.');
INSERT INTO `posts` (`id`, `media_id`, `description`) VALUES (556089964, 43, 'Dolore debitis unde odit expedita. Reiciendis tempore quos numquam nostrum. Dolor amet at laborum optio earum.');
INSERT INTO `posts` (`id`, `media_id`, `description`) VALUES (591943593, 83, 'Ut temporibus ducimus perferendis cupiditate incidunt quibusdam. Qui et officiis est qui. Veritatis et aperiam non et tenetur suscipit assumenda.');
INSERT INTO `posts` (`id`, `media_id`, `description`) VALUES (619609278, 64, 'Et sit voluptate iure est ab omnis commodi. Dolore eius sed et libero dolor iusto. Vero nostrum delectus rem quia debitis.');
INSERT INTO `posts` (`id`, `media_id`, `description`) VALUES (627126795, 31, 'Est vel perferendis eaque eos ut quia. Quis facere ut vitae recusandae. Consectetur omnis vitae fugiat quibusdam velit. Id eos deleniti dolorum minus veritatis. Minus et temporibus provident.');
INSERT INTO `posts` (`id`, `media_id`, `description`) VALUES (775408494, 74, 'Itaque expedita modi soluta ipsa quas hic ad explicabo. Magnam omnis eum perferendis sapiente culpa soluta. Ea porro voluptatem similique est cupiditate. Quod deserunt asperiores non fuga voluptas.');


#
# TABLE STRUCTURE FOR: profiles
#

DROP TABLE IF EXISTS `profiles`;

CREATE TABLE `profiles` (
  `users_id` int(11) NOT NULL,
  `gender` enum('m','f','x') COLLATE utf8_unicode_ci NOT NULL,
  `birthday` date NOT NULL,
  `location` varchar(245) COLLATE utf8_unicode_ci DEFAULT NULL,
  `created_at` datetime NOT NULL DEFAULT current_timestamp(),
  PRIMARY KEY (`users_id`),
  KEY `fk_profiles_users_idx` (`users_id`),
  CONSTRAINT `fk_profiles_users` FOREIGN KEY (`users_id`) REFERENCES `users` (`id`) ON DELETE NO ACTION ON UPDATE NO ACTION
) ENGINE=InnoDB DEFAULT CHARSET=utf8 COLLATE=utf8_unicode_ci;

INSERT INTO `profiles` (`users_id`, `gender`, `birthday`, `location`, `created_at`) VALUES (201, 'x', '1978-03-04', '528 Gabriella Ranch Apt. 950\nMuellerview, NM 81147', '1983-07-22 11:22:18');
INSERT INTO `profiles` (`users_id`, `gender`, `birthday`, `location`, `created_at`) VALUES (202, 'f', '2007-04-07', '3397 Braun Forges\nWinifredborough, IN 64356', '1988-10-07 20:11:41');
INSERT INTO `profiles` (`users_id`, `gender`, `birthday`, `location`, `created_at`) VALUES (203, 'x', '1985-11-18', '120 Kathleen Flat Suite 199\nBinsstad, MT 05168-0838', '1983-05-25 21:33:50');
INSERT INTO `profiles` (`users_id`, `gender`, `birthday`, `location`, `created_at`) VALUES (204, 'x', '1980-03-23', '6937 Haley Villages\nO\'Connerton, VT 44891', '1979-05-29 22:57:31');
INSERT INTO `profiles` (`users_id`, `gender`, `birthday`, `location`, `created_at`) VALUES (205, 'f', '2002-06-27', '65956 John Coves Apt. 635\nHaydenfurt, NY 11467', '1994-02-25 03:12:30');
INSERT INTO `profiles` (`users_id`, `gender`, `birthday`, `location`, `created_at`) VALUES (206, 'f', '1975-03-18', '571 Lelia Ramp Apt. 801\nDwightborough, CO 28152-4418', '2019-10-16 00:29:33');
INSERT INTO `profiles` (`users_id`, `gender`, `birthday`, `location`, `created_at`) VALUES (208, 'f', '1994-04-03', '5745 Kiehn Stravenue Suite 320\nSouth Jamison, AR 17598-4291', '2009-07-07 06:56:40');
INSERT INTO `profiles` (`users_id`, `gender`, `birthday`, `location`, `created_at`) VALUES (209, 'm', '1991-10-29', '88614 Ruthe Valley Apt. 285\nLelahshire, AK 51134', '1972-04-15 04:30:56');
INSERT INTO `profiles` (`users_id`, `gender`, `birthday`, `location`, `created_at`) VALUES (210, 'f', '2013-03-10', '71586 Schroeder Divide Apt. 083\nNew Julio, MA 66755-4193', '2020-05-26 17:26:10');
INSERT INTO `profiles` (`users_id`, `gender`, `birthday`, `location`, `created_at`) VALUES (211, 'f', '2007-08-30', '16421 Zoie Courts\nShanahanborough, ME 20190-0488', '2010-07-10 19:41:23');
INSERT INTO `profiles` (`users_id`, `gender`, `birthday`, `location`, `created_at`) VALUES (212, 'x', '1987-07-25', '961 Oberbrunner Forge Suite 355\nWehnershire, OR 90814', '1985-04-16 15:13:36');
INSERT INTO `profiles` (`users_id`, `gender`, `birthday`, `location`, `created_at`) VALUES (213, 'x', '2003-12-13', '855 Earnest Cliff Apt. 759\nHansenfort, SD 76501', '2016-02-08 22:30:09');
INSERT INTO `profiles` (`users_id`, `gender`, `birthday`, `location`, `created_at`) VALUES (216, 'f', '2003-08-31', '03844 O\'Keefe Parkways\nWuckertfurt, AR 52030', '2003-08-02 16:08:14');
INSERT INTO `profiles` (`users_id`, `gender`, `birthday`, `location`, `created_at`) VALUES (217, 'm', '2002-05-19', '643 Mavis Throughway Suite 231\nWilliamsonland, VT 77684', '2004-05-04 11:35:25');
INSERT INTO `profiles` (`users_id`, `gender`, `birthday`, `location`, `created_at`) VALUES (218, 'f', '2005-12-11', '83941 Wuckert Radial Apt. 674\nSimonisstad, CT 01189-7067', '2001-06-16 09:00:13');
INSERT INTO `profiles` (`users_id`, `gender`, `birthday`, `location`, `created_at`) VALUES (220, 'm', '1977-08-30', '418 Lind Throughway\nNorth Theresa, TX 83983', '1997-03-04 16:53:13');
INSERT INTO `profiles` (`users_id`, `gender`, `birthday`, `location`, `created_at`) VALUES (221, 'f', '2014-02-05', '855 Dickens Mission Apt. 041\nSouth Natland, MO 99690', '2010-09-28 07:31:06');
INSERT INTO `profiles` (`users_id`, `gender`, `birthday`, `location`, `created_at`) VALUES (222, 'f', '2020-07-12', '53259 Irma Ville\nWest Faye, NC 95987', '1988-12-18 23:34:16');
INSERT INTO `profiles` (`users_id`, `gender`, `birthday`, `location`, `created_at`) VALUES (226, 'm', '1992-06-03', '146 Keebler Manors Suite 719\nNorth Taya, MI 55219-4080', '1996-12-24 01:31:08');
INSERT INTO `profiles` (`users_id`, `gender`, `birthday`, `location`, `created_at`) VALUES (227, 'f', '2004-09-30', '537 Kreiger Light\nRoweside, ND 35892-9999', '1975-06-08 02:18:10');
INSERT INTO `profiles` (`users_id`, `gender`, `birthday`, `location`, `created_at`) VALUES (228, 'f', '1990-12-27', '925 Bosco Avenue\nSouth Ciara, AL 54634', '2003-07-31 15:33:45');
INSERT INTO `profiles` (`users_id`, `gender`, `birthday`, `location`, `created_at`) VALUES (229, 'm', '1988-04-16', '7324 Willms Curve Suite 941\nNickstad, LA 42805', '1997-03-30 17:25:59');
INSERT INTO `profiles` (`users_id`, `gender`, `birthday`, `location`, `created_at`) VALUES (230, 'x', '1988-02-29', '18553 Kaylie Valleys\nBetteside, DE 36312', '2003-10-04 08:01:16');
INSERT INTO `profiles` (`users_id`, `gender`, `birthday`, `location`, `created_at`) VALUES (231, 'f', '1995-01-20', '797 Kuvalis Hill\nChristopheburgh, IN 81161', '2015-07-26 00:37:20');
INSERT INTO `profiles` (`users_id`, `gender`, `birthday`, `location`, `created_at`) VALUES (232, 'm', '2000-09-14', '5847 Thora Cliff\nFedericotown, NJ 22839-3046', '1978-09-23 10:03:04');
INSERT INTO `profiles` (`users_id`, `gender`, `birthday`, `location`, `created_at`) VALUES (233, 'f', '2001-01-06', '236 Douglas Rapids\nLupechester, MO 37353-7907', '1993-02-21 22:46:57');
INSERT INTO `profiles` (`users_id`, `gender`, `birthday`, `location`, `created_at`) VALUES (234, 'f', '1991-04-14', '8138 Donald Pike\nPort Desmondshire, ID 74925-1983', '1983-06-01 01:09:49');
INSERT INTO `profiles` (`users_id`, `gender`, `birthday`, `location`, `created_at`) VALUES (236, 'f', '2005-02-14', '345 Berta Coves Suite 984\nLake Winifredhaven, OH 67145', '2003-12-28 01:30:58');
INSERT INTO `profiles` (`users_id`, `gender`, `birthday`, `location`, `created_at`) VALUES (237, 'm', '1989-11-20', '7610 Lia Land\nHammesport, NY 82821-1664', '1988-12-31 09:51:38');
INSERT INTO `profiles` (`users_id`, `gender`, `birthday`, `location`, `created_at`) VALUES (238, 'm', '1988-12-02', '27428 Dicki Roads\nTremblayborough, AK 26674-0926', '2013-11-06 09:52:33');
INSERT INTO `profiles` (`users_id`, `gender`, `birthday`, `location`, `created_at`) VALUES (240, 'x', '1978-05-03', '11653 Sporer Passage Apt. 879\nLake Tobyside, DC 99655-5972', '1995-11-17 04:17:43');
INSERT INTO `profiles` (`users_id`, `gender`, `birthday`, `location`, `created_at`) VALUES (241, 'm', '2008-08-09', '448 Trantow Ranch Apt. 156\nSouth Veda, MS 97513', '1970-03-23 20:42:13');
INSERT INTO `profiles` (`users_id`, `gender`, `birthday`, `location`, `created_at`) VALUES (242, 'f', '2010-12-11', '4013 Bailey Oval\nHansville, MD 95471-2465', '2006-07-16 18:30:23');
INSERT INTO `profiles` (`users_id`, `gender`, `birthday`, `location`, `created_at`) VALUES (245, 'm', '1992-03-02', '5023 Brendan Light Suite 834\nLake Therese, WA 54596-2716', '1991-01-26 07:37:11');
INSERT INTO `profiles` (`users_id`, `gender`, `birthday`, `location`, `created_at`) VALUES (246, 'x', '1996-07-24', '279 Becker Green Suite 293\nEast Domenica, NC 07555-6167', '1984-09-04 19:35:38');
INSERT INTO `profiles` (`users_id`, `gender`, `birthday`, `location`, `created_at`) VALUES (247, 'x', '1975-08-16', '55688 Krystel Summit\nSouth Clovisshire, OK 59543-1103', '1977-12-02 05:40:56');
INSERT INTO `profiles` (`users_id`, `gender`, `birthday`, `location`, `created_at`) VALUES (248, 'x', '1986-08-26', '1367 Cassin Expressway Suite 687\nFrederickborough, TX 51873', '1970-04-06 10:58:22');
INSERT INTO `profiles` (`users_id`, `gender`, `birthday`, `location`, `created_at`) VALUES (250, 'x', '1999-06-10', '014 Rosario Shoal Suite 244\nBeiertown, NE 33981-9464', '1997-09-08 23:25:51');
INSERT INTO `profiles` (`users_id`, `gender`, `birthday`, `location`, `created_at`) VALUES (253, 'f', '2009-01-29', '2855 Damion Rest Suite 055\nMathildechester, AR 51211-4432', '2002-11-27 18:46:24');
INSERT INTO `profiles` (`users_id`, `gender`, `birthday`, `location`, `created_at`) VALUES (254, 'm', '2015-07-02', '911 Wilkinson Harbors\nPort Elwyn, NH 29688-6697', '1978-02-13 15:57:51');
INSERT INTO `profiles` (`users_id`, `gender`, `birthday`, `location`, `created_at`) VALUES (255, 'm', '2007-07-16', '91036 Shawn Curve\nNew Lonberg, NH 80289-8251', '2011-06-04 19:15:40');
INSERT INTO `profiles` (`users_id`, `gender`, `birthday`, `location`, `created_at`) VALUES (257, 'm', '2006-02-01', '951 Carolina Hill Apt. 597\nFeilside, ID 17620', '2010-02-13 07:27:11');
INSERT INTO `profiles` (`users_id`, `gender`, `birthday`, `location`, `created_at`) VALUES (258, 'x', '1984-02-19', '426 Ashton Villages Suite 357\nLake Shawnaborough, WV 77245-5275', '1992-01-12 11:59:29');
INSERT INTO `profiles` (`users_id`, `gender`, `birthday`, `location`, `created_at`) VALUES (261, 'f', '2010-02-14', '44397 Pamela Forest\nPort Cassandramouth, WA 10851-0685', '2002-12-26 01:49:15');
INSERT INTO `profiles` (`users_id`, `gender`, `birthday`, `location`, `created_at`) VALUES (262, 'f', '2018-09-04', '43014 Nicholaus Crossing Apt. 088\nWest Theodoraburgh, RI 52045-4679', '2008-04-06 00:43:07');
INSERT INTO `profiles` (`users_id`, `gender`, `birthday`, `location`, `created_at`) VALUES (263, 'f', '2015-11-28', '07188 Cristobal Village Apt. 769\nLake Alysa, WA 71411-6080', '1970-06-22 17:03:56');
INSERT INTO `profiles` (`users_id`, `gender`, `birthday`, `location`, `created_at`) VALUES (264, 'x', '2000-02-05', '0583 Mertz Mountains\nNew Anthony, OK 31925-6154', '1994-12-06 15:19:59');
INSERT INTO `profiles` (`users_id`, `gender`, `birthday`, `location`, `created_at`) VALUES (265, 'x', '1984-01-17', '104 Katherine Loop\nArdellafurt, KS 80320', '2001-01-18 17:30:17');
INSERT INTO `profiles` (`users_id`, `gender`, `birthday`, `location`, `created_at`) VALUES (267, 'f', '1976-12-01', '4182 Dorothy Drive\nPort Filibertoborough, AL 51698', '1989-04-15 13:47:41');
INSERT INTO `profiles` (`users_id`, `gender`, `birthday`, `location`, `created_at`) VALUES (269, 'x', '1989-03-20', '492 Alysha Wall Suite 024\nPort Demariohaven, NY 65454-3621', '1983-10-18 18:02:23');
INSERT INTO `profiles` (`users_id`, `gender`, `birthday`, `location`, `created_at`) VALUES (270, 'x', '2016-09-22', '7636 Arjun Underpass\nEmelieview, OK 84818', '2004-04-19 03:07:17');
INSERT INTO `profiles` (`users_id`, `gender`, `birthday`, `location`, `created_at`) VALUES (273, 'm', '1997-12-31', '919 Russel Port Apt. 797\nOtiliashire, AK 89535', '1976-06-18 20:10:20');
INSERT INTO `profiles` (`users_id`, `gender`, `birthday`, `location`, `created_at`) VALUES (274, 'f', '2016-11-23', '0245 Wehner Crescent\nEast Joshuah, FL 90707', '2014-03-07 05:51:57');
INSERT INTO `profiles` (`users_id`, `gender`, `birthday`, `location`, `created_at`) VALUES (275, 'f', '2006-04-06', '63397 Hane Lodge\nDiegoshire, WA 19086', '2002-08-01 20:25:23');
INSERT INTO `profiles` (`users_id`, `gender`, `birthday`, `location`, `created_at`) VALUES (276, 'x', '2010-06-08', '46876 Dejon Union Apt. 197\nNew Jermey, KY 25330', '1995-06-07 05:45:05');
INSERT INTO `profiles` (`users_id`, `gender`, `birthday`, `location`, `created_at`) VALUES (278, 'x', '1980-07-07', '93712 Dare Cape Apt. 394\nWildermanbury, RI 44528', '1981-08-05 11:27:39');
INSERT INTO `profiles` (`users_id`, `gender`, `birthday`, `location`, `created_at`) VALUES (279, 'x', '1989-08-02', '568 Arnoldo Inlet\nNorth Liam, HI 61248-0429', '1972-01-07 19:32:31');
INSERT INTO `profiles` (`users_id`, `gender`, `birthday`, `location`, `created_at`) VALUES (280, 'f', '2009-03-23', '851 Javier Island\nWest Devin, KY 23058', '1994-01-02 18:45:03');
INSERT INTO `profiles` (`users_id`, `gender`, `birthday`, `location`, `created_at`) VALUES (281, 'f', '1989-01-18', '30202 Pagac Mountains Apt. 268\nImanifort, OK 64480-3372', '2014-01-01 21:47:19');
INSERT INTO `profiles` (`users_id`, `gender`, `birthday`, `location`, `created_at`) VALUES (284, 'x', '2019-06-26', '3994 Turner Isle Apt. 673\nHellerton, NV 90095-4442', '1970-10-01 16:13:23');
INSERT INTO `profiles` (`users_id`, `gender`, `birthday`, `location`, `created_at`) VALUES (286, 'm', '1996-04-15', '101 Cleve Avenue\nEast Marleebury, WY 56986-5459', '1971-02-14 06:18:45');
INSERT INTO `profiles` (`users_id`, `gender`, `birthday`, `location`, `created_at`) VALUES (287, 'f', '1999-03-10', '6486 Flatley Springs Suite 920\nNew Jaylon, MT 63621', '1977-09-08 04:58:13');
INSERT INTO `profiles` (`users_id`, `gender`, `birthday`, `location`, `created_at`) VALUES (288, 'x', '2010-04-19', '71409 McGlynn Expressway Suite 322\nGibsonbury, IA 16631-0172', '1973-12-14 01:01:02');
INSERT INTO `profiles` (`users_id`, `gender`, `birthday`, `location`, `created_at`) VALUES (289, 'x', '2011-03-03', '510 Shanahan Roads Suite 465\nChamplinberg, WI 17226-3571', '1994-11-05 09:54:57');
INSERT INTO `profiles` (`users_id`, `gender`, `birthday`, `location`, `created_at`) VALUES (290, 'x', '1982-02-10', '69109 Treutel Overpass\nWest Jarrett, VT 28950-6648', '2013-10-12 09:01:05');
INSERT INTO `profiles` (`users_id`, `gender`, `birthday`, `location`, `created_at`) VALUES (292, 'm', '1987-07-15', '08492 Lowe Flat\nLake Devonte, SC 50504-4861', '1980-07-05 05:52:09');
INSERT INTO `profiles` (`users_id`, `gender`, `birthday`, `location`, `created_at`) VALUES (295, 'f', '1988-04-22', '531 Kaleigh Key Suite 091\nTrystanland, DE 75837-8971', '2000-06-15 02:06:14');
INSERT INTO `profiles` (`users_id`, `gender`, `birthday`, `location`, `created_at`) VALUES (296, 'f', '1985-05-26', '15987 Bartell Field Suite 088\nLake Audreyville, UT 37524', '2001-03-28 16:54:53');
INSERT INTO `profiles` (`users_id`, `gender`, `birthday`, `location`, `created_at`) VALUES (297, 'x', '1975-10-29', '446 Feest Crossroad\nSouth Fatima, NJ 45844-7398', '2019-11-03 02:37:09');
INSERT INTO `profiles` (`users_id`, `gender`, `birthday`, `location`, `created_at`) VALUES (298, 'm', '1993-09-13', '601 Raul Manor\nAdelleberg, MT 43303-4154', '1986-04-02 21:32:34');
INSERT INTO `profiles` (`users_id`, `gender`, `birthday`, `location`, `created_at`) VALUES (304, 'f', '2009-07-03', '56385 Goyette Pine\nBarrettchester, ME 20858-2132', '1984-08-31 02:19:18');
INSERT INTO `profiles` (`users_id`, `gender`, `birthday`, `location`, `created_at`) VALUES (305, 'm', '1974-04-05', '225 Christop Ford Suite 702\nKatrinaville, IN 77727', '1994-10-12 07:02:55');
INSERT INTO `profiles` (`users_id`, `gender`, `birthday`, `location`, `created_at`) VALUES (307, 'f', '2005-10-18', '5484 Boehm Pine Apt. 250\nEast Elyssa, MT 97774-7400', '2017-02-24 13:15:23');
INSERT INTO `profiles` (`users_id`, `gender`, `birthday`, `location`, `created_at`) VALUES (309, 'f', '2010-12-07', '808 Maggio Turnpike Suite 504\nTillmanfort, MO 82952-4452', '2020-01-03 03:42:46');
INSERT INTO `profiles` (`users_id`, `gender`, `birthday`, `location`, `created_at`) VALUES (310, 'm', '1970-12-23', '952 Taya Ford Apt. 664\nWymanview, OH 91025', '1992-05-09 22:20:20');
INSERT INTO `profiles` (`users_id`, `gender`, `birthday`, `location`, `created_at`) VALUES (312, 'm', '2009-09-08', '41134 Leonie Mountains\nEast Lazaro, MA 50947', '1994-12-11 09:51:00');
INSERT INTO `profiles` (`users_id`, `gender`, `birthday`, `location`, `created_at`) VALUES (314, 'm', '2014-03-05', '0373 Bogan Spring Apt. 576\nO\'Haramouth, AK 01638-4106', '2020-05-26 19:07:56');
INSERT INTO `profiles` (`users_id`, `gender`, `birthday`, `location`, `created_at`) VALUES (315, 'x', '1986-02-15', '12777 Kirlin Road\nAllieport, OK 61890', '2009-07-01 13:51:03');
INSERT INTO `profiles` (`users_id`, `gender`, `birthday`, `location`, `created_at`) VALUES (317, 'm', '2013-12-19', '0825 Quincy Pine Apt. 279\nBarrowsbury, SC 76294-9940', '1992-06-20 08:11:53');
INSERT INTO `profiles` (`users_id`, `gender`, `birthday`, `location`, `created_at`) VALUES (319, 'm', '2007-04-08', '9221 Mills Gardens\nNorth Dedricborough, AL 17614-9966', '1980-05-25 01:08:24');
INSERT INTO `profiles` (`users_id`, `gender`, `birthday`, `location`, `created_at`) VALUES (322, 'm', '1972-02-26', '29199 Mckayla Ford\nVerdiefurt, LA 03808-4293', '1997-09-30 10:34:29');
INSERT INTO `profiles` (`users_id`, `gender`, `birthday`, `location`, `created_at`) VALUES (323, 'x', '1983-08-17', '4046 Eldridge Union Suite 657\nRolfsonmouth, FL 24284-0712', '2008-07-19 19:27:47');
INSERT INTO `profiles` (`users_id`, `gender`, `birthday`, `location`, `created_at`) VALUES (324, 'x', '1982-12-04', '171 Barrows Summit\nSouth Mallie, NM 52240-0310', '2003-04-16 01:37:56');
INSERT INTO `profiles` (`users_id`, `gender`, `birthday`, `location`, `created_at`) VALUES (325, 'f', '2004-10-01', '054 Beer Ridges\nNew Jerry, NJ 60636', '1989-02-12 03:46:00');
INSERT INTO `profiles` (`users_id`, `gender`, `birthday`, `location`, `created_at`) VALUES (326, 'm', '1995-07-19', '8900 Monte Mountain\nLake Leta, FL 46413-1899', '2009-02-20 23:05:26');
INSERT INTO `profiles` (`users_id`, `gender`, `birthday`, `location`, `created_at`) VALUES (327, 'm', '2006-05-28', '6171 Friesen Loaf\nHarrisville, SD 37798-5389', '1990-04-08 11:56:43');
INSERT INTO `profiles` (`users_id`, `gender`, `birthday`, `location`, `created_at`) VALUES (328, 'x', '2011-03-23', '264 Paucek Rapid Apt. 689\nNathanialborough, DE 17394', '1994-04-08 14:42:39');
INSERT INTO `profiles` (`users_id`, `gender`, `birthday`, `location`, `created_at`) VALUES (329, 'm', '2017-03-14', '758 Langworth Mill Apt. 034\nSylviafurt, MD 49059-6007', '2003-07-04 01:56:27');
INSERT INTO `profiles` (`users_id`, `gender`, `birthday`, `location`, `created_at`) VALUES (331, 'x', '1979-12-15', '77543 Sibyl View Suite 617\nNorth Nicolemouth, NE 77709', '1974-09-22 03:11:11');
INSERT INTO `profiles` (`users_id`, `gender`, `birthday`, `location`, `created_at`) VALUES (332, 'm', '2000-06-27', '967 Greyson Field Suite 107\nOttilieshire, VT 92292', '1988-05-27 15:11:22');
INSERT INTO `profiles` (`users_id`, `gender`, `birthday`, `location`, `created_at`) VALUES (333, 'x', '1989-06-16', '501 Anthony Meadows Suite 937\nAbshirebury, AL 50394', '1975-04-26 10:42:16');
INSERT INTO `profiles` (`users_id`, `gender`, `birthday`, `location`, `created_at`) VALUES (334, 'm', '1981-05-22', '188 Polly Landing Suite 995\nBarbarastad, TN 23405-9769', '1984-03-14 19:16:36');
INSERT INTO `profiles` (`users_id`, `gender`, `birthday`, `location`, `created_at`) VALUES (335, 'f', '2010-04-07', '425 Nina Walk Suite 124\nNew Lizeth, CO 71730', '1973-01-15 13:56:57');
INSERT INTO `profiles` (`users_id`, `gender`, `birthday`, `location`, `created_at`) VALUES (336, 'f', '1981-08-11', '66138 Jacques Spring\nNienowville, IN 18459-9960', '2005-07-23 21:01:23');
INSERT INTO `profiles` (`users_id`, `gender`, `birthday`, `location`, `created_at`) VALUES (337, 'f', '1983-04-16', '0737 Koss Landing\nValeriefurt, AR 49469-6876', '2002-03-13 11:52:34');
INSERT INTO `profiles` (`users_id`, `gender`, `birthday`, `location`, `created_at`) VALUES (340, 'm', '2013-02-07', '857 Christiansen Place\nPort Addisonmouth, OR 93740-2991', '2000-03-03 22:46:00');
INSERT INTO `profiles` (`users_id`, `gender`, `birthday`, `location`, `created_at`) VALUES (342, 'm', '2009-04-04', '818 Stamm Plains\nAbdulberg, MD 18386', '1997-05-11 02:18:12');
INSERT INTO `profiles` (`users_id`, `gender`, `birthday`, `location`, `created_at`) VALUES (344, 'x', '2012-08-25', '619 Ward Isle\nBerthaside, NC 85438', '2003-09-18 19:54:22');
INSERT INTO `profiles` (`users_id`, `gender`, `birthday`, `location`, `created_at`) VALUES (345, 'x', '2018-06-26', '932 Hagenes Terrace Apt. 553\nSmithtown, VT 96840', '2014-10-05 01:46:33');
INSERT INTO `profiles` (`users_id`, `gender`, `birthday`, `location`, `created_at`) VALUES (347, 'm', '2018-05-13', '478 Hand Dale\nWest Barneyshire, NV 87541', '1982-12-06 23:22:00');


#
# TABLE STRUCTURE FOR: users
#

DROP TABLE IF EXISTS `users`;

CREATE TABLE `users` (
  `id` int(11) NOT NULL AUTO_INCREMENT,
  `firstname` varchar(245) COLLATE utf8_unicode_ci NOT NULL COMMENT 'имя',
  `lastname` varchar(245) COLLATE utf8_unicode_ci NOT NULL COMMENT 'фамилия',
  `email` varchar(245) COLLATE utf8_unicode_ci NOT NULL,
  `phone` bigint(11) NOT NULL COMMENT 'телефон',
  `password_hash` char(64) COLLATE utf8_unicode_ci NOT NULL,
  PRIMARY KEY (`id`),
  UNIQUE KEY `email_UNIQUE` (`email`),
  UNIQUE KEY `phone_UNIQUE` (`phone`),
  KEY `firstname_lastname_idx` (`lastname`,`firstname`)
) ENGINE=InnoDB AUTO_INCREMENT=401 DEFAULT CHARSET=utf8 COLLATE=utf8_unicode_ci COMMENT='пользователи';

INSERT INTO `users` (`id`, `firstname`, `lastname`, `email`, `phone`, `password_hash`) VALUES (201, 'Brock', 'Jakubowski', 'luettgen.alexandra@example.net', '790073', '5b027e0dd2e84f92aca75e5e6065047c5f6b5a26');
INSERT INTO `users` (`id`, `firstname`, `lastname`, `email`, `phone`, `password_hash`) VALUES (202, 'Giovanni', 'Bartoletti', 'wade59@example.net', '30', '652d4a0694a7466c55f70665cfc8954bb9ebb26a');
INSERT INTO `users` (`id`, `firstname`, `lastname`, `email`, `phone`, `password_hash`) VALUES (203, 'Dora', 'Weissnat', 'swolf@example.net', '0', 'eae9878fdffc41fbfb38b0f629ac48fb882edaa1');
INSERT INTO `users` (`id`, `firstname`, `lastname`, `email`, `phone`, `password_hash`) VALUES (204, 'Clementine', 'Lueilwitz', 'duane23@example.net', '654863', '580db25e0f09adda77528916badf2724832b5bc2');
INSERT INTO `users` (`id`, `firstname`, `lastname`, `email`, `phone`, `password_hash`) VALUES (205, 'Jermey', 'Rogahn', 'lottie.kling@example.net', '614556', '1e7912e0129a07b37513dda75c965acde0ded0c0');
INSERT INTO `users` (`id`, `firstname`, `lastname`, `email`, `phone`, `password_hash`) VALUES (206, 'Rolando', 'Homenick', 'odessa.schowalter@example.org', '695', 'b15cb7ef764066b7fc30acc7b701de8be67bd804');
INSERT INTO `users` (`id`, `firstname`, `lastname`, `email`, `phone`, `password_hash`) VALUES (208, 'Francesco', 'Kozey', 'joany.nienow@example.org', '176', 'e7c36cb5cd83b1f7ea28c71bbf04ab1e5d6b4a15');
INSERT INTO `users` (`id`, `firstname`, `lastname`, `email`, `phone`, `password_hash`) VALUES (209, 'Lyla', 'Gislason', 'iritchie@example.net', '416', '33a09cf234f1481a0761b5015d24eb307f428f41');
INSERT INTO `users` (`id`, `firstname`, `lastname`, `email`, `phone`, `password_hash`) VALUES (210, 'Julianne', 'Predovic', 'nlowe@example.net', '1', 'be3e2eabc4c3eaff95e045b5630a03db1c85ef06');
INSERT INTO `users` (`id`, `firstname`, `lastname`, `email`, `phone`, `password_hash`) VALUES (211, 'Raleigh', 'Larkin', 'kay.bartell@example.net', '480448', 'a7f17a8d30c51868dfa2a52f3a7c146ba5cad21d');
INSERT INTO `users` (`id`, `firstname`, `lastname`, `email`, `phone`, `password_hash`) VALUES (212, 'Isobel', 'Lockman', 'jhuel@example.com', '9826094047', '636337f2415d481f13a78c0b3d38dfc07ce8e45e');
INSERT INTO `users` (`id`, `firstname`, `lastname`, `email`, `phone`, `password_hash`) VALUES (213, 'Jarod', 'Prosacco', 'lance.russel@example.net', '863374', 'e154a14c1c3924501067c4ff6c2c1a59fa06ae3b');
INSERT INTO `users` (`id`, `firstname`, `lastname`, `email`, `phone`, `password_hash`) VALUES (216, 'Frieda', 'Hoppe', 'jalon.fisher@example.net', '9602717068', 'd41da5c79133a2f158ddd51c891109b73c906d27');
INSERT INTO `users` (`id`, `firstname`, `lastname`, `email`, `phone`, `password_hash`) VALUES (217, 'Giuseppe', 'Klocko', 'sanford.makenzie@example.org', '560', '0683c8d103a58f2cbed9efacd9af34b28a53f6a0');
INSERT INTO `users` (`id`, `firstname`, `lastname`, `email`, `phone`, `password_hash`) VALUES (218, 'Felicita', 'Harris', 'brooke.dubuque@example.net', '800679', '4f3c9067f2b67ad84974761f065211df3d81cc46');
INSERT INTO `users` (`id`, `firstname`, `lastname`, `email`, `phone`, `password_hash`) VALUES (220, 'Jaeden', 'Schowalter', 'liliane18@example.com', '420314', '3a6721ee5aa936be0759658bba506a5842114785');
INSERT INTO `users` (`id`, `firstname`, `lastname`, `email`, `phone`, `password_hash`) VALUES (221, 'Jeffry', 'Grimes', 'brisa.fritsch@example.com', '398', '16786dfffcb93872446b93e22c588a49ad48de5f');
INSERT INTO `users` (`id`, `firstname`, `lastname`, `email`, `phone`, `password_hash`) VALUES (222, 'Bertrand', 'Dibbert', 'elmira.hilpert@example.org', '766730', '321ebb3efd3719ee7ef56e78af90b4ba5501dbf1');
INSERT INTO `users` (`id`, `firstname`, `lastname`, `email`, `phone`, `password_hash`) VALUES (226, 'Oswald', 'Weber', 'bkunde@example.net', '63', '8ead07c4200897c96ab0c47a04b9499967c2c9c6');
INSERT INTO `users` (`id`, `firstname`, `lastname`, `email`, `phone`, `password_hash`) VALUES (227, 'Yvette', 'Labadie', 'veronica53@example.org', '566553', 'aa7e3f149bcaaada2f04811e902d23b413762ed1');
INSERT INTO `users` (`id`, `firstname`, `lastname`, `email`, `phone`, `password_hash`) VALUES (228, 'Jeanette', 'Runte', 'khalil.trantow@example.org', '528', '6546de885376920b62f43b8d708dc043c90b78c7');
INSERT INTO `users` (`id`, `firstname`, `lastname`, `email`, `phone`, `password_hash`) VALUES (229, 'Devin', 'Schulist', 'rhea33@example.net', '986', 'b395516b5eda4e46564b305e3c95c954ef81ddd9');
INSERT INTO `users` (`id`, `firstname`, `lastname`, `email`, `phone`, `password_hash`) VALUES (230, 'Alysa', 'Satterfield', 'rfay@example.org', '392877', '0787cf77cec60499c88956cd4219e8cc306a8824');
INSERT INTO `users` (`id`, `firstname`, `lastname`, `email`, `phone`, `password_hash`) VALUES (231, 'Erin', 'Anderson', 'june00@example.org', '701', 'fcb54c9dc0e559f48f816694eb250f0ff26c38b0');
INSERT INTO `users` (`id`, `firstname`, `lastname`, `email`, `phone`, `password_hash`) VALUES (232, 'Deron', 'Friesen', 'rhianna38@example.com', '239', '025dff6ff8f305647c2aa5f5405d21ae2e9d351a');
INSERT INTO `users` (`id`, `firstname`, `lastname`, `email`, `phone`, `password_hash`) VALUES (233, 'Dorcas', 'Oberbrunner', 'kaleigh.botsford@example.net', '170', 'ad4194124e326844c60ee1bda818037c88fa6d58');
INSERT INTO `users` (`id`, `firstname`, `lastname`, `email`, `phone`, `password_hash`) VALUES (234, 'Roscoe', 'Daugherty', 'allison.haag@example.com', '184490', '1157f02a65384770abea52933bf10aa2215847fc');
INSERT INTO `users` (`id`, `firstname`, `lastname`, `email`, `phone`, `password_hash`) VALUES (236, 'Peggie', 'Block', 'fbashirian@example.net', '888154', 'de3b8ef19e7fd0db443ba8362db89284623796e8');
INSERT INTO `users` (`id`, `firstname`, `lastname`, `email`, `phone`, `password_hash`) VALUES (237, 'Ruthe', 'Reynolds', 'zulauf.corene@example.net', '737', '3503276148f0b36a3429e4d2c58c9298bb85b285');
INSERT INTO `users` (`id`, `firstname`, `lastname`, `email`, `phone`, `password_hash`) VALUES (238, 'Dessie', 'Mann', 'darien.hirthe@example.org', '132', '6ca45fc10cc1b0561f0d5db343c00cafd08dcdb9');
INSERT INTO `users` (`id`, `firstname`, `lastname`, `email`, `phone`, `password_hash`) VALUES (240, 'Cicero', 'Lesch', 'nakia21@example.org', '925977', '47808319b87c8b10fdd552306bb0f07510b2b625');
INSERT INTO `users` (`id`, `firstname`, `lastname`, `email`, `phone`, `password_hash`) VALUES (241, 'Cristina', 'Blanda', 'ogottlieb@example.net', '330139', '53936b26aba58ae13d6a3a27384fd437932261df');
INSERT INTO `users` (`id`, `firstname`, `lastname`, `email`, `phone`, `password_hash`) VALUES (242, 'Theresia', 'Stoltenberg', 'nienow.liza@example.com', '57', 'e0261ecc16dc1b23b183bb1b0875f7b765ee181b');
INSERT INTO `users` (`id`, `firstname`, `lastname`, `email`, `phone`, `password_hash`) VALUES (245, 'Jacynthe', 'Morar', 'jstroman@example.net', '94', '2095c8c1fd895bb9c75be19f95d80938c81133c4');
INSERT INTO `users` (`id`, `firstname`, `lastname`, `email`, `phone`, `password_hash`) VALUES (246, 'Roel', 'Effertz', 'edwin.nader@example.net', '51', '9fa976ff93846b6ba2f345b96b513b31f76795ff');
INSERT INTO `users` (`id`, `firstname`, `lastname`, `email`, `phone`, `password_hash`) VALUES (247, 'Arnoldo', 'Schimmel', 'kurt.daniel@example.com', '545', '249c7f19be6816f061d36cfea07353c8f85a7d1c');
INSERT INTO `users` (`id`, `firstname`, `lastname`, `email`, `phone`, `password_hash`) VALUES (248, 'Nolan', 'Kuhlman', 'cierra.dickinson@example.net', '850', 'dae32c966c89cd9a5676fd4225bea42fcc2ce5b2');
INSERT INTO `users` (`id`, `firstname`, `lastname`, `email`, `phone`, `password_hash`) VALUES (250, 'Bartholome', 'Abernathy', 'ppacocha@example.net', '8581873430', 'bcd7c3b1182f88c9d0724706273ef96fa4a0e16e');
INSERT INTO `users` (`id`, `firstname`, `lastname`, `email`, `phone`, `password_hash`) VALUES (253, 'Laurel', 'Cummerata', 'fwitting@example.com', '527', 'c8e47661fe378498576bd8e0c9b173a085169dd2');
INSERT INTO `users` (`id`, `firstname`, `lastname`, `email`, `phone`, `password_hash`) VALUES (254, 'Iva', 'O\'Conner', 'shayne.mraz@example.org', '718', '0f330ae0589d9d64736839d17761c0e60b7660c3');
INSERT INTO `users` (`id`, `firstname`, `lastname`, `email`, `phone`, `password_hash`) VALUES (255, 'Narciso', 'Schoen', 'clemmie43@example.net', '2', 'bb6f0b901d9e2a9b99dfc49d724267326fcfc237');
INSERT INTO `users` (`id`, `firstname`, `lastname`, `email`, `phone`, `password_hash`) VALUES (257, 'Christelle', 'Mann', 'grimes.bret@example.net', '917682', '5cad6d1aadd1035065dec8a0229e99ad5caf230a');
INSERT INTO `users` (`id`, `firstname`, `lastname`, `email`, `phone`, `password_hash`) VALUES (258, 'Nakia', 'Padberg', 'marge33@example.org', '692705085', '09d36c11ae635c1b91a3431f4cb775877bd302df');
INSERT INTO `users` (`id`, `firstname`, `lastname`, `email`, `phone`, `password_hash`) VALUES (261, 'Kattie', 'Runte', 'aswift@example.com', '586906', '1d804910bf8097dd1f2eaf1f8be08eb39ad2b014');
INSERT INTO `users` (`id`, `firstname`, `lastname`, `email`, `phone`, `password_hash`) VALUES (262, 'Cleora', 'Goodwin', 'kwuckert@example.org', '835', 'ef5823cb16f2264b735612b72579ba6c1d44827e');
INSERT INTO `users` (`id`, `firstname`, `lastname`, `email`, `phone`, `password_hash`) VALUES (263, 'Demario', 'Satterfield', 'mylene.gerlach@example.com', '317', '2a83003fa3ffd00ffc41f7142ade6a307821cb37');
INSERT INTO `users` (`id`, `firstname`, `lastname`, `email`, `phone`, `password_hash`) VALUES (264, 'Lisa', 'Herman', 'hettinger.willard@example.net', '767', 'f1aaaaee9d8665cb3e7ee86c50dacb0798406f15');
INSERT INTO `users` (`id`, `firstname`, `lastname`, `email`, `phone`, `password_hash`) VALUES (265, 'Selmer', 'Yost', 'eino.bogisich@example.net', '994244', '778922ce01c803e02423bd3e510a6f04c9ff07b2');
INSERT INTO `users` (`id`, `firstname`, `lastname`, `email`, `phone`, `password_hash`) VALUES (267, 'Brycen', 'Ryan', 'miles51@example.net', '197', '50ae6d00dbdb53ab0a9b5e8b73f0b4ef4c83522b');
INSERT INTO `users` (`id`, `firstname`, `lastname`, `email`, `phone`, `password_hash`) VALUES (269, 'Rae', 'Bartell', 'genevieve.kulas@example.org', '354', 'a8a3c4be62989a561628b3d43a62b710e194bd7b');
INSERT INTO `users` (`id`, `firstname`, `lastname`, `email`, `phone`, `password_hash`) VALUES (270, 'Augustine', 'Ruecker', 'dewayne.walker@example.net', '46', '887c49d7c1bdf7427212221e4b1739458255443d');
INSERT INTO `users` (`id`, `firstname`, `lastname`, `email`, `phone`, `password_hash`) VALUES (273, 'Bradly', 'Larson', 'millie.mayer@example.net', '4940570033', '3d50434fb86ef285d9643a7880cec5c5d8fef586');
INSERT INTO `users` (`id`, `firstname`, `lastname`, `email`, `phone`, `password_hash`) VALUES (274, 'Maggie', 'Hoppe', 'hhomenick@example.net', '364', '18ed41c7e41921092ffe55253f7888790c997927');
INSERT INTO `users` (`id`, `firstname`, `lastname`, `email`, `phone`, `password_hash`) VALUES (275, 'Dolores', 'Weimann', 'frobel@example.org', '831', '1c2569b1a6c228c05b607ec72d57c67f47766bd3');
INSERT INTO `users` (`id`, `firstname`, `lastname`, `email`, `phone`, `password_hash`) VALUES (276, 'Savannah', 'Reynolds', 'kozey.oleta@example.org', '394', '652bfbcdde03ba29a46e0410ea013ac28c485f8e');
INSERT INTO `users` (`id`, `firstname`, `lastname`, `email`, `phone`, `password_hash`) VALUES (278, 'Emmanuelle', 'Jacobi', 'parisian.ignatius@example.net', '8689462', 'e19111cc9a02bb1aa23ecdd2825b9d9fe886b764');
INSERT INTO `users` (`id`, `firstname`, `lastname`, `email`, `phone`, `password_hash`) VALUES (279, 'Katrina', 'Heaney', 'gleason.tavares@example.com', '973', '44c37e02676eb82df83fb4739c92eca73f18be39');
INSERT INTO `users` (`id`, `firstname`, `lastname`, `email`, `phone`, `password_hash`) VALUES (280, 'Luisa', 'Gorczany', 'shawn.osinski@example.com', '921', '14e0f35e21d4d64263a16d2e9363f18b1d5bbc8e');
INSERT INTO `users` (`id`, `firstname`, `lastname`, `email`, `phone`, `password_hash`) VALUES (281, 'Tommie', 'Pfeffer', 'uwisoky@example.net', '637', '1330eda270019de611329502095bfe9ec62069ac');
INSERT INTO `users` (`id`, `firstname`, `lastname`, `email`, `phone`, `password_hash`) VALUES (284, 'Mustafa', 'Windler', 'thuels@example.org', '779', '4e674ebddb35c1657f357d10c877afd1d1c76ed4');
INSERT INTO `users` (`id`, `firstname`, `lastname`, `email`, `phone`, `password_hash`) VALUES (286, 'Caleigh', 'Klein', 'loren54@example.org', '190176', '54f295de4b2e2464a6209f16589dc6f3b66fec23');
INSERT INTO `users` (`id`, `firstname`, `lastname`, `email`, `phone`, `password_hash`) VALUES (287, 'Carson', 'Homenick', 'garret.grady@example.com', '8385303775', 'fce3fcab1226dd8fb63565b9f3e60258ef40c5c8');
INSERT INTO `users` (`id`, `firstname`, `lastname`, `email`, `phone`, `password_hash`) VALUES (288, 'Sheridan', 'Dietrich', 'billy.rau@example.com', '167', '312fe168bd9ffbab6475ba231a997dd3ace865b2');
INSERT INTO `users` (`id`, `firstname`, `lastname`, `email`, `phone`, `password_hash`) VALUES (289, 'Rashad', 'Greenholt', 'ward.royce@example.com', '6609367040', '152b0de1a2ac6dc0be5ebd8ce73da085e673b794');
INSERT INTO `users` (`id`, `firstname`, `lastname`, `email`, `phone`, `password_hash`) VALUES (290, 'Josiah', 'Stiedemann', 'jfeest@example.net', '561', '05cddea768348f7412cb1a9b8e084e68aa7161ca');
INSERT INTO `users` (`id`, `firstname`, `lastname`, `email`, `phone`, `password_hash`) VALUES (292, 'Alford', 'Olson', 'oberbrunner.vita@example.net', '15353', 'a104c6ccf20285f3ce66058069d8a10759e9c9ea');
INSERT INTO `users` (`id`, `firstname`, `lastname`, `email`, `phone`, `password_hash`) VALUES (295, 'Shakira', 'Schamberger', 'alessandro.kuhic@example.org', '27', '8b4f75a87478eec699ca62467e12a1cc536c3853');
INSERT INTO `users` (`id`, `firstname`, `lastname`, `email`, `phone`, `password_hash`) VALUES (296, 'Tressie', 'Johnson', 'cummerata.matilde@example.net', '895', '673aec670d8dd8faf03d9e29f03894f7991fb62e');
INSERT INTO `users` (`id`, `firstname`, `lastname`, `email`, `phone`, `password_hash`) VALUES (297, 'Maria', 'Lind', 'delta94@example.com', '5444389122', '37a593682f0167f7077d53a8c4d61a4c6c878771');
INSERT INTO `users` (`id`, `firstname`, `lastname`, `email`, `phone`, `password_hash`) VALUES (298, 'Austen', 'Hermann', 'margot82@example.org', '809', '114d75464ea217732496b1660fe2836c77e6c4c5');
INSERT INTO `users` (`id`, `firstname`, `lastname`, `email`, `phone`, `password_hash`) VALUES (304, 'Araceli', 'Rath', 'bbartoletti@example.org', '465533', '9b6cffed493373ccc7b6f491dac448d6cf6eace7');
INSERT INTO `users` (`id`, `firstname`, `lastname`, `email`, `phone`, `password_hash`) VALUES (305, 'Isaiah', 'Bosco', 'wade.hartmann@example.net', '880', 'd5cdb389415828f8a6bde6460dd796811ade4b77');
INSERT INTO `users` (`id`, `firstname`, `lastname`, `email`, `phone`, `password_hash`) VALUES (307, 'Maybell', 'Treutel', 'august01@example.net', '152', '7c3bcac6fa1121dd8af7c6549cafed486bd779dd');
INSERT INTO `users` (`id`, `firstname`, `lastname`, `email`, `phone`, `password_hash`) VALUES (309, 'Velda', 'Gusikowski', 'dashawn.conn@example.com', '226496', '9414826af7ba3e296cf989b77b573f8664e10c6d');
INSERT INTO `users` (`id`, `firstname`, `lastname`, `email`, `phone`, `password_hash`) VALUES (310, 'Justus', 'Tromp', 'estanton@example.net', '260', '2dcaa8393608ab1e15c161a9fab3a57e27339aa0');
INSERT INTO `users` (`id`, `firstname`, `lastname`, `email`, `phone`, `password_hash`) VALUES (312, 'Ellsworth', 'Dare', 'junior.halvorson@example.net', '8138249768', '405a472eeb9595a2737f307f6878f1f9005ff319');
INSERT INTO `users` (`id`, `firstname`, `lastname`, `email`, `phone`, `password_hash`) VALUES (314, 'Rylee', 'McDermott', 'rkling@example.net', '2054332798', '70efd48b19dce9e16f1e8df74a8563534c3fc3ff');
INSERT INTO `users` (`id`, `firstname`, `lastname`, `email`, `phone`, `password_hash`) VALUES (315, 'Brian', 'Wilderman', 'ned.hane@example.com', '584', '9e81779c6e85c4287bb98cee99dfa69fe3cc8b18');
INSERT INTO `users` (`id`, `firstname`, `lastname`, `email`, `phone`, `password_hash`) VALUES (317, 'Titus', 'Carroll', 'jacquelyn.koepp@example.org', '2961', '9055226e6f4395aeb0330e19855f778ace60e060');
INSERT INTO `users` (`id`, `firstname`, `lastname`, `email`, `phone`, `password_hash`) VALUES (319, 'Dashawn', 'Schultz', 'dickinson.felicity@example.com', '9107146702', '403ac6854db5ae8fbb7cc5db84fbf4ffd57199f8');
INSERT INTO `users` (`id`, `firstname`, `lastname`, `email`, `phone`, `password_hash`) VALUES (322, 'Muriel', 'Bartoletti', 'tromp.antonia@example.org', '2332402482', 'b47dc8804e1bdebf6be56bbe991b66c9f39cf7fb');
INSERT INTO `users` (`id`, `firstname`, `lastname`, `email`, `phone`, `password_hash`) VALUES (323, 'Rae', 'Howell', 'leann.crooks@example.com', '1544172138', '6e0886a72183d244a1217ac6c3b7d28c77f1fdfa');
INSERT INTO `users` (`id`, `firstname`, `lastname`, `email`, `phone`, `password_hash`) VALUES (324, 'Dorcas', 'Nicolas', 'bettye.wiza@example.org', '9640123218', '7a207d1f004fe1ef8ac0cb5db713d4c7f6f7e2c4');
INSERT INTO `users` (`id`, `firstname`, `lastname`, `email`, `phone`, `password_hash`) VALUES (325, 'Bailee', 'Bergstrom', 'huels.ethelyn@example.net', '684492', 'dfa1909776ba19ab7f6cc86b5bc1838009c83bb1');
INSERT INTO `users` (`id`, `firstname`, `lastname`, `email`, `phone`, `password_hash`) VALUES (326, 'Stephan', 'McClure', 'ypadberg@example.org', '5231187194', 'a522c3645e9169eb64a84c1bf2fa7b52d47aeee7');
INSERT INTO `users` (`id`, `firstname`, `lastname`, `email`, `phone`, `password_hash`) VALUES (327, 'Fredrick', 'Stokes', 'meaghan64@example.net', '192770', '901faec6f845435cb657a3e3a8a89140afc37702');
INSERT INTO `users` (`id`, `firstname`, `lastname`, `email`, `phone`, `password_hash`) VALUES (328, 'Kaycee', 'Schmitt', 'ferry.darian@example.net', '276', '6d45222d23dba196a314c84b42fd06a6e0e430a9');
INSERT INTO `users` (`id`, `firstname`, `lastname`, `email`, `phone`, `password_hash`) VALUES (329, 'Frida', 'Homenick', 'roberts.brannon@example.com', '710', 'bfec68914b33c71489459ad603f3e105c0974de5');
INSERT INTO `users` (`id`, `firstname`, `lastname`, `email`, `phone`, `password_hash`) VALUES (331, 'Annabelle', 'Heathcote', 'lillie83@example.com', '372', 'de32d4467259a0bc8fb929d5de0170656b5468c7');
INSERT INTO `users` (`id`, `firstname`, `lastname`, `email`, `phone`, `password_hash`) VALUES (332, 'Leann', 'Torp', 'charlotte53@example.com', '333', 'd7d80c2463eddbd244ba2fd9d5d75d4d90ccc51d');
INSERT INTO `users` (`id`, `firstname`, `lastname`, `email`, `phone`, `password_hash`) VALUES (333, 'Moses', 'Dicki', 'sister41@example.com', '5584676419', 'c8c16b011ad8bd1c9f857afd7832f45687547ae4');
INSERT INTO `users` (`id`, `firstname`, `lastname`, `email`, `phone`, `password_hash`) VALUES (334, 'Lorena', 'Roberts', 'twisoky@example.com', '171', 'd0a649cacf08adfe1d6827b8afb2c2a1004f05de');
INSERT INTO `users` (`id`, `firstname`, `lastname`, `email`, `phone`, `password_hash`) VALUES (335, 'Tyrell', 'Parisian', 'rveum@example.com', '719', 'a21a43a43ddbc3c6f5c8ab55fd60b120665bfbdf');
INSERT INTO `users` (`id`, `firstname`, `lastname`, `email`, `phone`, `password_hash`) VALUES (336, 'Parker', 'Wilkinson', 'dwisozk@example.net', '477497', 'c1dfe57df10d7583533ca4cd5fde6db7b6afea7b');
INSERT INTO `users` (`id`, `firstname`, `lastname`, `email`, `phone`, `password_hash`) VALUES (337, 'Lamar', 'Tremblay', 'mayert.carley@example.com', '3386019244', '9c1b17a9fe4298ed647b1fda66f1ed2c13f07f74');
INSERT INTO `users` (`id`, `firstname`, `lastname`, `email`, `phone`, `password_hash`) VALUES (340, 'Mertie', 'Runolfsdottir', 'muller.freddie@example.com', '809271', '5511d6db3f6e995e7ef9cbe81d1e321aad32b32c');
INSERT INTO `users` (`id`, `firstname`, `lastname`, `email`, `phone`, `password_hash`) VALUES (342, 'Abagail', 'Rosenbaum', 'kunde.fritz@example.com', '37', '96e0d1f5e7b2eec280af1ed354e7fda920ec56d4');
INSERT INTO `users` (`id`, `firstname`, `lastname`, `email`, `phone`, `password_hash`) VALUES (344, 'Nicholaus', 'Stamm', 'davon.balistreri@example.net', '44', '8110ff8d7a458483c004313dc5806a9507953c8a');
INSERT INTO `users` (`id`, `firstname`, `lastname`, `email`, `phone`, `password_hash`) VALUES (345, 'Providenci', 'Morissette', 'vdickens@example.org', '7801157258', 'b5a46f463e1542ebde653be399fa792a4f58fb52');
INSERT INTO `users` (`id`, `firstname`, `lastname`, `email`, `phone`, `password_hash`) VALUES (347, 'Keeley', 'Ward', 'mcclure.jazmyne@example.net', '575679', '17182938a06c916e52f3c0d24f62fc51c8c41708');
INSERT INTO `users` (`id`, `firstname`, `lastname`, `email`, `phone`, `password_hash`) VALUES (348, 'Benny', 'Rosenbaum', 'harmon04@example.com', '600', '7a6b7eeaf4ab7e477bf5ed0337182fb5d07065a2');
INSERT INTO `users` (`id`, `firstname`, `lastname`, `email`, `phone`, `password_hash`) VALUES (349, 'Lisette', 'Christiansen', 'mills.liana@example.org', '164520', 'e61488c746d94d3b591dd61dd7d27bda6cb483c3');
INSERT INTO `users` (`id`, `firstname`, `lastname`, `email`, `phone`, `password_hash`) VALUES (351, 'Alfonzo', 'Ebert', 'nrempel@example.org', '8', '0f4c8708c4e614c60da1806db4db0e9e70df8ead');
INSERT INTO `users` (`id`, `firstname`, `lastname`, `email`, `phone`, `password_hash`) VALUES (352, 'Cleveland', 'Legros', 'kemmer.gregorio@example.org', '193', '822b22fae024eea380da1ec56b685ad308ddf277');
INSERT INTO `users` (`id`, `firstname`, `lastname`, `email`, `phone`, `password_hash`) VALUES (354, 'Drew', 'Langosh', 'cheyanne18@example.org', '37431', 'efd152ccf4e943a8bbae513a1181588dde5869fa');
INSERT INTO `users` (`id`, `firstname`, `lastname`, `email`, `phone`, `password_hash`) VALUES (360, 'Maxwell', 'Zulauf', 'dorothy.schinner@example.com', '768', '6611d40627f496d5e585ccb6bd6249b1ea0eb32c');
INSERT INTO `users` (`id`, `firstname`, `lastname`, `email`, `phone`, `password_hash`) VALUES (362, 'Joanny', 'Waters', 'nicolette.breitenberg@example.com', '713', '2dcba84e2cb050df1a1ee28e24b5f32a47ee9abc');
INSERT INTO `users` (`id`, `firstname`, `lastname`, `email`, `phone`, `password_hash`) VALUES (363, 'Kathryne', 'Kessler', 'issac.ratke@example.net', '601028', '72a25f2f746353d439b1da0d999f201231df171b');
INSERT INTO `users` (`id`, `firstname`, `lastname`, `email`, `phone`, `password_hash`) VALUES (364, 'Taylor', 'Sanford', 'casper.joanne@example.com', '637833', '7b26390126312cd9d29495965475e479b2283e07');
INSERT INTO `users` (`id`, `firstname`, `lastname`, `email`, `phone`, `password_hash`) VALUES (368, 'Davon', 'Kirlin', 'hprice@example.net', '322495', '7dd821b59ed164dcfcec3573fe75f42a2408a351');
INSERT INTO `users` (`id`, `firstname`, `lastname`, `email`, `phone`, `password_hash`) VALUES (369, 'Noemy', 'Satterfield', 'mkutch@example.org', '69', 'b2e9d4e749e79ab3947561db08d2ee9bcf6539c1');
INSERT INTO `users` (`id`, `firstname`, `lastname`, `email`, `phone`, `password_hash`) VALUES (372, 'Abbigail', 'Feest', 'arely.corkery@example.com', '77', '51bf1d6dc3bc1acd2acad79f9304218a7af8b4d0');
INSERT INTO `users` (`id`, `firstname`, `lastname`, `email`, `phone`, `password_hash`) VALUES (373, 'Marie', 'Gaylord', 'telly.boehm@example.org', '50', '0c99f62459c9329336914b7adf6bab0294c02f99');
INSERT INTO `users` (`id`, `firstname`, `lastname`, `email`, `phone`, `password_hash`) VALUES (374, 'Edna', 'Hettinger', 'marie75@example.com', '36', '9ad725ac6379f74f1043a8636b1d711d8592b737');
INSERT INTO `users` (`id`, `firstname`, `lastname`, `email`, `phone`, `password_hash`) VALUES (378, 'Jonathon', 'Thompson', 'kulas.roberto@example.org', '89', '24843e80d38e0e562177c0ef4c56a8323506f6df');
INSERT INTO `users` (`id`, `firstname`, `lastname`, `email`, `phone`, `password_hash`) VALUES (379, 'Chelsie', 'Hessel', 'chaley@example.com', '1022757406', '9b965254b2ea66fc58f1887491f0ee80bf5ab3fd');
INSERT INTO `users` (`id`, `firstname`, `lastname`, `email`, `phone`, `password_hash`) VALUES (380, 'June', 'Shields', 'bpredovic@example.net', '26', 'ba8b1c63c83d7b92a7133addd9378e950fb26a58');
INSERT INTO `users` (`id`, `firstname`, `lastname`, `email`, `phone`, `password_hash`) VALUES (382, 'Noemie', 'Williamson', 'deondre.lowe@example.net', '212', 'c9660fbfb702601758c4c64f9478d8c869a8b049');
INSERT INTO `users` (`id`, `firstname`, `lastname`, `email`, `phone`, `password_hash`) VALUES (384, 'Jade', 'Steuber', 'jaden.hansen@example.org', '826', 'ce4b432adb155992d142f60dbfcb56138887f9da');
INSERT INTO `users` (`id`, `firstname`, `lastname`, `email`, `phone`, `password_hash`) VALUES (385, 'Carroll', 'Flatley', 'gortiz@example.com', '1888008836', '36f438b9906daa69da113cdffe4ae008002f7fe1');
INSERT INTO `users` (`id`, `firstname`, `lastname`, `email`, `phone`, `password_hash`) VALUES (386, 'Flavio', 'Abernathy', 'elisa.parker@example.net', '862', '66927093017da8a402f839a008d6ed9679597a62');
INSERT INTO `users` (`id`, `firstname`, `lastname`, `email`, `phone`, `password_hash`) VALUES (387, 'Percival', 'Sipes', 'marcelina71@example.net', '140803', '0550e6fe09d33932621b8f6d3172fcae184fdae8');
INSERT INTO `users` (`id`, `firstname`, `lastname`, `email`, `phone`, `password_hash`) VALUES (388, 'Haylie', 'Kemmer', 'bgrant@example.com', '339375', '3575c091370e9e69588a8404283f8127f54b4e54');
INSERT INTO `users` (`id`, `firstname`, `lastname`, `email`, `phone`, `password_hash`) VALUES (389, 'Deshaun', 'Berge', 'margaret59@example.net', '155640', 'e1f7137a4add61d21f2650bc47ead3e549f3b5ed');
INSERT INTO `users` (`id`, `firstname`, `lastname`, `email`, `phone`, `password_hash`) VALUES (390, 'Linwood', 'Parisian', 'jaskolski.savanah@example.com', '6831607351', 'b36493189f5f312a0ea360588f154cbf40f29062');
INSERT INTO `users` (`id`, `firstname`, `lastname`, `email`, `phone`, `password_hash`) VALUES (391, 'Emmalee', 'Borer', 'stuart.cummerata@example.org', '513997', '980bdc227a922fe59189496bc46ec1b448878529');
INSERT INTO `users` (`id`, `firstname`, `lastname`, `email`, `phone`, `password_hash`) VALUES (395, 'Oswald', 'Ziemann', 'lhilpert@example.org', '776239845', 'f3e2d56f478102d453d1d71b8696a4bb2ae6f5fa');
INSERT INTO `users` (`id`, `firstname`, `lastname`, `email`, `phone`, `password_hash`) VALUES (396, 'Oren', 'Lynch', 'earl.cremin@example.com', '410059', '85ebeedc5fd8f9a012f0f4fac6556a61eb60ce83');
INSERT INTO `users` (`id`, `firstname`, `lastname`, `email`, `phone`, `password_hash`) VALUES (397, 'Manuel', 'Wisoky', 'qgreenholt@example.net', '247273', '97415b8a19680a0cffedc7ec17f582337167746f');
INSERT INTO `users` (`id`, `firstname`, `lastname`, `email`, `phone`, `password_hash`) VALUES (399, 'Melba', 'Goldner', 'johnathon84@example.org', '800', '3364808062f5ff0a88619b43d07b30a0d3694deb');
INSERT INTO `users` (`id`, `firstname`, `lastname`, `email`, `phone`, `password_hash`) VALUES (400, 'Barbara', 'Stroman', 'mayer.orville@example.org', '858379', 'c8943a0365c4a2080dfa6c482bebb22b81948ecd');


#
# TABLE STRUCTURE FOR: users_communities
#

DROP TABLE IF EXISTS `users_communities`;

CREATE TABLE `users_communities` (
  `community_id` int(11) NOT NULL,
  `user_id` int(11) NOT NULL,
  PRIMARY KEY (`community_id`,`user_id`),
  KEY `fk_users_communities_users1_idx` (`user_id`),
  KEY `fk_users_communities_communities1_idx` (`community_id`),
  CONSTRAINT `fk_users_communities_communities1` FOREIGN KEY (`community_id`) REFERENCES `communities` (`id`) ON DELETE NO ACTION ON UPDATE NO ACTION,
  CONSTRAINT `fk_users_communities_users1` FOREIGN KEY (`user_id`) REFERENCES `users` (`id`) ON DELETE NO ACTION ON UPDATE NO ACTION
) ENGINE=InnoDB DEFAULT CHARSET=utf8 COLLATE=utf8_unicode_ci;

INSERT INTO `users_communities` (`community_id`, `user_id`) VALUES (1, 201);
INSERT INTO `users_communities` (`community_id`, `user_id`) VALUES (2, 202);
INSERT INTO `users_communities` (`community_id`, `user_id`) VALUES (3, 203);
INSERT INTO `users_communities` (`community_id`, `user_id`) VALUES (4, 204);
INSERT INTO `users_communities` (`community_id`, `user_id`) VALUES (5, 205);
INSERT INTO `users_communities` (`community_id`, `user_id`) VALUES (6, 206);
INSERT INTO `users_communities` (`community_id`, `user_id`) VALUES (7, 208);
INSERT INTO `users_communities` (`community_id`, `user_id`) VALUES (8, 209);
INSERT INTO `users_communities` (`community_id`, `user_id`) VALUES (9, 210);
INSERT INTO `users_communities` (`community_id`, `user_id`) VALUES (10, 211);
INSERT INTO `users_communities` (`community_id`, `user_id`) VALUES (11, 212);
INSERT INTO `users_communities` (`community_id`, `user_id`) VALUES (12, 213);
INSERT INTO `users_communities` (`community_id`, `user_id`) VALUES (13, 216);
INSERT INTO `users_communities` (`community_id`, `user_id`) VALUES (14, 217);
INSERT INTO `users_communities` (`community_id`, `user_id`) VALUES (15, 218);
INSERT INTO `users_communities` (`community_id`, `user_id`) VALUES (16, 220);
INSERT INTO `users_communities` (`community_id`, `user_id`) VALUES (17, 221);
INSERT INTO `users_communities` (`community_id`, `user_id`) VALUES (18, 222);
INSERT INTO `users_communities` (`community_id`, `user_id`) VALUES (19, 226);
INSERT INTO `users_communities` (`community_id`, `user_id`) VALUES (20, 227);
INSERT INTO `users_communities` (`community_id`, `user_id`) VALUES (21, 228);
INSERT INTO `users_communities` (`community_id`, `user_id`) VALUES (22, 229);
INSERT INTO `users_communities` (`community_id`, `user_id`) VALUES (23, 230);
INSERT INTO `users_communities` (`community_id`, `user_id`) VALUES (24, 231);
INSERT INTO `users_communities` (`community_id`, `user_id`) VALUES (25, 232);
INSERT INTO `users_communities` (`community_id`, `user_id`) VALUES (26, 233);
INSERT INTO `users_communities` (`community_id`, `user_id`) VALUES (27, 234);
INSERT INTO `users_communities` (`community_id`, `user_id`) VALUES (28, 236);
INSERT INTO `users_communities` (`community_id`, `user_id`) VALUES (29, 237);
INSERT INTO `users_communities` (`community_id`, `user_id`) VALUES (30, 238);
INSERT INTO `users_communities` (`community_id`, `user_id`) VALUES (31, 240);
INSERT INTO `users_communities` (`community_id`, `user_id`) VALUES (32, 241);
INSERT INTO `users_communities` (`community_id`, `user_id`) VALUES (33, 242);
INSERT INTO `users_communities` (`community_id`, `user_id`) VALUES (34, 245);
INSERT INTO `users_communities` (`community_id`, `user_id`) VALUES (35, 246);
INSERT INTO `users_communities` (`community_id`, `user_id`) VALUES (36, 247);
INSERT INTO `users_communities` (`community_id`, `user_id`) VALUES (37, 248);
INSERT INTO `users_communities` (`community_id`, `user_id`) VALUES (38, 250);
INSERT INTO `users_communities` (`community_id`, `user_id`) VALUES (39, 253);
INSERT INTO `users_communities` (`community_id`, `user_id`) VALUES (40, 254);
INSERT INTO `users_communities` (`community_id`, `user_id`) VALUES (41, 255);
INSERT INTO `users_communities` (`community_id`, `user_id`) VALUES (42, 257);
INSERT INTO `users_communities` (`community_id`, `user_id`) VALUES (43, 258);
INSERT INTO `users_communities` (`community_id`, `user_id`) VALUES (44, 261);
INSERT INTO `users_communities` (`community_id`, `user_id`) VALUES (45, 262);
INSERT INTO `users_communities` (`community_id`, `user_id`) VALUES (46, 263);
INSERT INTO `users_communities` (`community_id`, `user_id`) VALUES (47, 264);
INSERT INTO `users_communities` (`community_id`, `user_id`) VALUES (48, 265);
INSERT INTO `users_communities` (`community_id`, `user_id`) VALUES (49, 267);
INSERT INTO `users_communities` (`community_id`, `user_id`) VALUES (50, 269);
INSERT INTO `users_communities` (`community_id`, `user_id`) VALUES (51, 270);
INSERT INTO `users_communities` (`community_id`, `user_id`) VALUES (52, 273);
INSERT INTO `users_communities` (`community_id`, `user_id`) VALUES (53, 274);
INSERT INTO `users_communities` (`community_id`, `user_id`) VALUES (54, 275);
INSERT INTO `users_communities` (`community_id`, `user_id`) VALUES (55, 276);
INSERT INTO `users_communities` (`community_id`, `user_id`) VALUES (56, 278);
INSERT INTO `users_communities` (`community_id`, `user_id`) VALUES (57, 279);
INSERT INTO `users_communities` (`community_id`, `user_id`) VALUES (58, 280);
INSERT INTO `users_communities` (`community_id`, `user_id`) VALUES (59, 281);
INSERT INTO `users_communities` (`community_id`, `user_id`) VALUES (60, 284);
INSERT INTO `users_communities` (`community_id`, `user_id`) VALUES (61, 286);
INSERT INTO `users_communities` (`community_id`, `user_id`) VALUES (62, 287);
INSERT INTO `users_communities` (`community_id`, `user_id`) VALUES (63, 288);
INSERT INTO `users_communities` (`community_id`, `user_id`) VALUES (64, 289);
INSERT INTO `users_communities` (`community_id`, `user_id`) VALUES (65, 290);
INSERT INTO `users_communities` (`community_id`, `user_id`) VALUES (66, 292);
INSERT INTO `users_communities` (`community_id`, `user_id`) VALUES (67, 295);
INSERT INTO `users_communities` (`community_id`, `user_id`) VALUES (68, 296);
INSERT INTO `users_communities` (`community_id`, `user_id`) VALUES (69, 297);
INSERT INTO `users_communities` (`community_id`, `user_id`) VALUES (70, 298);
INSERT INTO `users_communities` (`community_id`, `user_id`) VALUES (71, 304);
INSERT INTO `users_communities` (`community_id`, `user_id`) VALUES (72, 305);
INSERT INTO `users_communities` (`community_id`, `user_id`) VALUES (73, 307);
INSERT INTO `users_communities` (`community_id`, `user_id`) VALUES (74, 309);
INSERT INTO `users_communities` (`community_id`, `user_id`) VALUES (75, 310);
INSERT INTO `users_communities` (`community_id`, `user_id`) VALUES (76, 312);
INSERT INTO `users_communities` (`community_id`, `user_id`) VALUES (77, 314);
INSERT INTO `users_communities` (`community_id`, `user_id`) VALUES (78, 315);
INSERT INTO `users_communities` (`community_id`, `user_id`) VALUES (79, 317);
INSERT INTO `users_communities` (`community_id`, `user_id`) VALUES (80, 319);
INSERT INTO `users_communities` (`community_id`, `user_id`) VALUES (81, 322);
INSERT INTO `users_communities` (`community_id`, `user_id`) VALUES (82, 323);
INSERT INTO `users_communities` (`community_id`, `user_id`) VALUES (83, 324);
INSERT INTO `users_communities` (`community_id`, `user_id`) VALUES (84, 325);
INSERT INTO `users_communities` (`community_id`, `user_id`) VALUES (85, 326);
INSERT INTO `users_communities` (`community_id`, `user_id`) VALUES (86, 327);
INSERT INTO `users_communities` (`community_id`, `user_id`) VALUES (87, 328);
INSERT INTO `users_communities` (`community_id`, `user_id`) VALUES (88, 329);
INSERT INTO `users_communities` (`community_id`, `user_id`) VALUES (89, 331);
INSERT INTO `users_communities` (`community_id`, `user_id`) VALUES (90, 332);
INSERT INTO `users_communities` (`community_id`, `user_id`) VALUES (91, 333);
INSERT INTO `users_communities` (`community_id`, `user_id`) VALUES (92, 334);
INSERT INTO `users_communities` (`community_id`, `user_id`) VALUES (93, 335);
INSERT INTO `users_communities` (`community_id`, `user_id`) VALUES (94, 336);
INSERT INTO `users_communities` (`community_id`, `user_id`) VALUES (95, 337);
INSERT INTO `users_communities` (`community_id`, `user_id`) VALUES (96, 340);
INSERT INTO `users_communities` (`community_id`, `user_id`) VALUES (97, 342);
INSERT INTO `users_communities` (`community_id`, `user_id`) VALUES (98, 344);
INSERT INTO `users_communities` (`community_id`, `user_id`) VALUES (99, 345);
INSERT INTO `users_communities` (`community_id`, `user_id`) VALUES (100, 347);


