-- MySQL dump 10.13  Distrib 8.0.21, for Win64 (x86_64)
--
-- Host: 127.0.0.1    Database: vk
-- ------------------------------------------------------
-- Server version	8.0.21

/*!40101 SET @OLD_CHARACTER_SET_CLIENT=@@CHARACTER_SET_CLIENT */;
/*!40101 SET @OLD_CHARACTER_SET_RESULTS=@@CHARACTER_SET_RESULTS */;
/*!40101 SET @OLD_COLLATION_CONNECTION=@@COLLATION_CONNECTION */;
/*!50503 SET NAMES utf8 */;
/*!40103 SET @OLD_TIME_ZONE=@@TIME_ZONE */;
/*!40103 SET TIME_ZONE='+00:00' */;
/*!40014 SET @OLD_UNIQUE_CHECKS=@@UNIQUE_CHECKS, UNIQUE_CHECKS=0 */;
/*!40014 SET @OLD_FOREIGN_KEY_CHECKS=@@FOREIGN_KEY_CHECKS, FOREIGN_KEY_CHECKS=0 */;
/*!40101 SET @OLD_SQL_MODE=@@SQL_MODE, SQL_MODE='NO_AUTO_VALUE_ON_ZERO' */;
/*!40111 SET @OLD_SQL_NOTES=@@SQL_NOTES, SQL_NOTES=0 */;

--
-- Table structure for table `communities`
--

DROP TABLE IF EXISTS `communities`;
/*!40101 SET @saved_cs_client     = @@character_set_client */;
/*!50503 SET character_set_client = utf8mb4 */;
CREATE TABLE `communities` (
  `id` int NOT NULL AUTO_INCREMENT,
  `name` varchar(245) NOT NULL,
  `admin_id` int NOT NULL,
  PRIMARY KEY (`id`),
  KEY `fk_communities_users1_idx` (`admin_id`)
) ENGINE=InnoDB AUTO_INCREMENT=11 DEFAULT CHARSET=utf8mb4 COLLATE=utf8mb4_0900_ai_ci;
/*!40101 SET character_set_client = @saved_cs_client */;

--
-- Dumping data for table `communities`
--

LOCK TABLES `communities` WRITE;
/*!40000 ALTER TABLE `communities` DISABLE KEYS */;
INSERT INTO `communities` VALUES (1,'aliquam',39),(2,'vitae',46),(3,'est',28),(4,'qui',17),(5,'est',13),(6,'ut',9),(7,'voluptatem',61),(8,'repellat',79),(9,'dolore',57),(10,'aut',49);
/*!40000 ALTER TABLE `communities` ENABLE KEYS */;
UNLOCK TABLES;

--
-- Table structure for table `friend_requests`
--

DROP TABLE IF EXISTS `friend_requests`;
/*!40101 SET @saved_cs_client     = @@character_set_client */;
/*!50503 SET character_set_client = utf8mb4 */;
CREATE TABLE `friend_requests` (
  `from_user_id` int NOT NULL,
  `to_user_id1` int NOT NULL,
  `status` tinyint unsigned NOT NULL COMMENT 'статус: 0 - запрос, 1 - подтверждён, 2 - отклонен',
  PRIMARY KEY (`from_user_id`,`to_user_id1`),
  KEY `fk_friend_requests_user1_idx` (`from_user_id`),
  KEY `fk_friend_requests_user2_idx` (`to_user_id1`)
) ENGINE=InnoDB DEFAULT CHARSET=utf8mb4 COLLATE=utf8mb4_0900_ai_ci;
/*!40101 SET character_set_client = @saved_cs_client */;

--
-- Dumping data for table `friend_requests`
--

LOCK TABLES `friend_requests` WRITE;
/*!40000 ALTER TABLE `friend_requests` DISABLE KEYS */;
INSERT INTO `friend_requests` VALUES (1,2,1),(1,16,2),(1,93,2),(2,36,2),(3,49,0),(4,39,2),(5,42,1),(7,89,2),(9,13,2),(10,59,0),(11,81,0),(12,12,0),(12,29,2),(12,63,2),(14,5,1),(15,92,1),(16,58,0),(18,52,0),(18,91,0),(19,69,1),(19,79,0),(21,20,2),(22,33,0),(22,38,1),(26,4,2),(26,91,1),(30,4,2),(30,8,1),(30,59,0),(30,80,1),(30,93,0),(31,18,2),(31,32,0),(31,51,2),(31,53,1),(32,32,0),(32,60,0),(33,10,0),(33,45,1),(37,74,0),(39,38,2),(43,84,1),(45,30,1),(46,30,2),(47,81,1),(48,94,1),(49,8,1),(49,29,1),(49,87,0),(49,88,0),(50,89,0),(52,26,2),(53,58,1),(54,33,1),(54,70,1),(55,32,0),(55,77,1),(55,86,1),(56,32,0),(57,2,0),(58,60,2),(59,77,0),(62,27,2),(63,53,1),(63,85,0),(64,73,1),(65,49,0),(66,77,1),(67,67,2),(69,16,2),(71,3,0),(71,49,0),(71,63,1),(72,71,0),(73,29,2),(74,24,0),(75,62,2),(76,20,2),(77,28,0),(78,21,2),(78,58,2),(80,82,2),(81,1,0),(82,27,2),(82,74,0),(83,12,1),(84,90,1),(86,96,1),(87,55,1),(87,56,0),(90,31,1),(91,85,1),(91,97,2),(92,73,2),(94,35,0),(96,10,0),(97,90,1),(98,85,1),(99,6,2),(99,32,2);
/*!40000 ALTER TABLE `friend_requests` ENABLE KEYS */;
UNLOCK TABLES;

--
-- Table structure for table `likes`
--

DROP TABLE IF EXISTS `likes`;
/*!40101 SET @saved_cs_client     = @@character_set_client */;
/*!50503 SET character_set_client = utf8mb4 */;
CREATE TABLE `likes` (
  `user_id` int NOT NULL,
  `posts_id` int NOT NULL,
  `media_id` int NOT NULL,
  KEY `fk_Likes_user1_idx` (`user_id`),
  KEY `fk_Likes_posts1_idx` (`posts_id`),
  KEY `fk_Likes_media1_idx` (`media_id`),
  CONSTRAINT `fk_Likes_user1` FOREIGN KEY (`user_id`) REFERENCES `user` (`id`)
) ENGINE=InnoDB DEFAULT CHARSET=utf8mb4 COLLATE=utf8mb4_0900_ai_ci;
/*!40101 SET character_set_client = @saved_cs_client */;

--
-- Dumping data for table `likes`
--

LOCK TABLES `likes` WRITE;
/*!40000 ALTER TABLE `likes` DISABLE KEYS */;
INSERT INTO `likes` VALUES (9,14,55),(74,99,55),(39,2,29),(49,1,76),(68,98,55),(96,8,6),(23,15,14),(59,45,11),(16,97,61),(74,73,60),(55,82,74),(10,55,72),(64,94,74),(93,42,74),(68,9,72),(22,5,80),(28,27,94),(42,85,38),(52,1,34),(13,75,7),(73,29,89),(46,39,43),(18,2,37),(91,94,78),(65,62,87),(36,84,91),(16,11,18),(9,53,3),(46,5,3),(80,17,77),(87,89,6),(75,35,44),(18,52,46),(54,42,40),(32,7,1),(19,43,85),(9,58,96),(27,66,48),(29,12,52),(31,91,68),(7,78,57),(12,52,91),(55,69,42),(1,23,84),(40,55,91),(40,73,33),(25,82,90),(20,8,55),(67,37,67),(19,67,58),(86,73,35),(43,85,86),(33,40,55),(75,40,78),(59,79,33),(50,19,6),(82,43,87),(71,63,95),(26,29,31),(92,48,98),(50,34,70),(84,76,55),(70,9,95),(25,84,34),(2,43,13),(34,92,32),(39,73,74),(26,44,37),(21,70,66),(51,62,13),(49,11,46),(18,94,21),(73,63,30),(67,87,13),(1,89,55),(14,23,47),(45,62,19),(19,88,63),(56,8,32),(21,59,93),(33,7,3),(78,25,97),(98,98,60),(28,65,47),(40,66,35),(95,79,58),(41,24,19),(60,43,7),(22,98,14),(54,18,73),(46,50,79),(49,27,4),(46,25,1),(5,53,65),(51,92,30),(86,87,9),(43,28,32),(62,87,75),(68,9,72),(82,62,90),(54,8,39),(32,57,66),(36,2,91),(36,6,43),(100,57,35),(30,43,21),(38,85,49),(69,47,35),(43,15,44),(15,96,5),(4,49,13),(43,81,69),(9,17,70),(100,52,76),(43,52,33),(77,81,75),(98,18,59),(46,86,6),(81,29,20),(24,44,16),(29,48,65),(41,90,46),(9,99,62),(78,98,13),(54,40,64),(86,17,45),(60,15,62),(19,61,48),(24,41,77),(44,65,20),(59,93,67),(24,33,57),(69,41,55),(30,19,53),(43,72,93),(7,57,10),(51,17,24),(13,35,84),(60,59,25),(36,2,89),(56,61,81),(22,84,13),(79,53,54),(34,83,72),(86,26,43),(79,32,100),(88,83,17),(12,96,51),(96,55,9),(20,91,11),(9,46,72),(90,68,55),(2,46,8),(55,80,90),(27,65,15),(70,44,47),(70,31,29),(86,43,24),(36,38,79),(45,58,69),(56,66,15),(27,55,82),(81,57,28),(88,12,7),(78,38,72),(92,7,15),(38,76,46),(67,62,88),(91,97,25),(69,42,83),(38,97,48),(53,23,2),(35,4,59),(63,92,70),(69,69,7),(41,60,14),(56,98,90),(2,64,51),(89,54,48),(14,23,89),(96,61,86),(44,14,9),(46,48,12),(4,10,3),(73,79,72),(79,20,32),(93,75,29),(82,76,93),(33,65,46),(80,79,69),(69,75,30),(54,18,43),(63,63,90),(74,66,100),(77,38,79),(49,17,98),(80,10,73),(8,91,49),(100,23,13),(46,3,92),(15,71,66),(44,25,84),(87,88,46),(77,61,12),(76,38,50),(55,86,67),(53,65,76),(25,73,67),(74,73,90),(87,19,92),(78,33,63),(44,77,88),(27,63,75),(72,40,36),(84,16,73),(33,70,58),(99,22,23),(74,47,96),(40,20,68),(30,6,86),(21,84,19),(84,27,95),(71,53,58),(46,25,98),(81,8,13),(53,41,82),(11,39,4),(34,13,51),(29,53,70),(96,82,76),(82,3,60),(100,86,86),(95,57,39),(53,2,64),(50,82,72),(62,35,12),(44,46,51),(48,79,64),(98,8,17),(68,3,99),(44,85,1),(3,84,86),(89,79,43),(27,31,44),(91,80,26),(62,42,60),(74,85,6),(25,32,84),(88,30,91),(5,97,94),(3,40,78),(3,43,62),(89,31,40),(31,58,70),(75,48,50),(100,10,92),(60,83,76),(65,7,8),(49,95,38),(40,99,34),(33,1,74),(11,4,17),(72,92,47),(11,23,4),(81,97,52),(31,97,61),(22,56,44),(98,20,51),(5,69,46),(43,8,44),(77,40,45),(50,50,48),(66,22,40),(13,32,63),(17,13,59),(68,43,55),(29,64,11),(73,61,31),(23,66,99),(69,8,6),(12,85,46),(57,35,96),(5,1,17),(45,13,49),(7,29,61),(65,97,4),(20,26,68),(30,98,28),(61,21,94),(59,90,2),(65,1,86),(10,58,20),(6,63,20),(22,7,33),(71,13,62),(32,78,59),(35,97,84),(2,27,82),(30,88,3),(24,46,92),(25,10,93),(11,20,51),(31,25,13),(50,47,19),(83,17,32),(44,48,9),(2,83,6),(86,85,33),(68,14,20),(71,37,66),(62,62,76),(55,72,95),(5,3,20),(18,52,66),(36,35,83),(67,78,30),(76,80,13),(81,66,97),(13,33,11),(33,3,48),(98,65,9),(73,19,81),(67,24,83),(87,41,35),(52,77,69),(35,44,47),(65,19,27),(77,100,92),(73,12,24),(84,44,27),(31,42,91),(40,14,10),(21,81,33),(4,67,74),(38,19,51),(7,53,94),(54,17,13),(80,93,12),(72,66,24),(95,50,68),(22,80,9),(12,20,22),(22,40,2),(55,43,68),(28,81,87),(79,88,39),(72,41,56),(85,21,49),(96,92,15),(19,87,64),(87,8,44),(95,20,63),(16,41,2),(18,95,45),(86,23,25),(72,1,12),(10,73,53),(65,58,73),(14,53,64),(28,72,50),(91,58,58),(34,52,77),(96,68,17),(98,85,12),(43,70,35),(67,42,36),(79,51,8),(31,16,66),(4,29,18),(67,56,90),(17,47,48),(74,80,100),(51,76,67),(68,74,52),(79,16,22),(14,83,63),(49,61,14),(57,92,30),(22,95,58),(40,61,14),(29,78,60),(76,52,40),(75,3,16),(42,70,89),(93,49,4),(15,62,87),(77,10,47),(91,66,38),(20,87,32),(77,27,93),(91,55,71),(51,30,23),(90,5,25),(5,46,94),(94,39,42),(98,53,3),(84,30,13),(30,20,78),(68,39,65),(100,16,91),(93,7,46),(63,57,76),(85,46,80),(9,51,26),(3,45,64),(44,42,17),(47,25,47),(59,55,67),(37,23,6),(2,22,21),(92,14,27),(37,77,84),(13,62,30),(92,71,81),(17,73,25),(81,17,66),(98,63,91),(44,22,46),(10,58,69),(15,59,90),(36,51,4),(63,88,81),(46,100,42),(76,91,12),(56,8,84),(80,89,100),(46,86,63),(37,29,84),(82,39,41),(50,54,99),(40,89,50),(44,52,37),(24,98,36),(65,73,27),(76,28,34),(60,8,22),(59,53,8),(21,89,37),(4,71,75),(45,21,29),(44,60,17),(93,4,69),(29,27,66),(65,92,38),(91,68,66),(25,27,73),(47,86,25),(54,7,14),(90,11,84),(65,55,5),(93,98,65),(10,91,68),(78,19,95),(44,83,86),(82,74,53),(47,98,79),(20,44,65),(44,98,71),(58,87,81),(41,52,36),(45,44,34),(9,54,24),(77,32,43),(71,75,25),(56,57,98),(9,3,96),(88,22,39),(52,66,36),(23,23,23),(3,64,74),(39,9,18),(72,18,71),(96,94,3),(38,65,78),(63,20,34),(60,28,37),(56,16,58),(94,67,24),(30,89,47),(53,92,10),(26,31,19),(44,2,36),(15,97,30),(17,34,94),(94,96,14),(28,56,42),(64,12,57),(22,6,24),(46,35,13),(92,87,4),(2,13,34),(20,57,36),(56,71,33),(85,88,67),(79,82,63),(92,9,19),(33,73,30),(90,94,35),(13,39,70),(25,31,57),(29,32,69),(63,51,26),(99,7,96),(31,92,84),(97,70,65),(59,62,74),(78,94,47),(7,84,40),(41,96,79),(10,21,10),(66,49,41),(35,12,92),(60,10,98),(56,40,89),(39,37,59),(4,96,20),(78,73,14),(24,79,97),(64,20,93),(43,29,13),(52,95,62),(92,29,73),(84,89,82),(82,45,21),(71,84,58),(29,87,53),(48,65,25),(62,88,4),(58,52,23),(51,94,51),(64,46,46),(25,38,75),(97,21,63),(79,2,8),(100,73,91),(57,1,78),(9,49,42),(34,10,30),(37,68,82),(59,19,75),(10,82,21),(55,6,58),(30,3,79),(93,81,80),(100,80,53),(90,36,53),(68,45,2),(10,78,12),(39,15,79),(21,73,97),(96,83,79),(16,38,84),(73,67,86),(51,59,67),(31,59,47),(83,49,82),(36,16,27),(37,25,5),(48,64,19),(27,84,92),(24,79,74),(2,94,12),(86,67,78),(71,17,37),(38,47,95),(84,30,43),(66,65,59),(92,1,83),(97,49,46),(15,75,30),(7,98,8),(80,100,2),(91,85,68),(69,55,84),(5,93,31),(100,76,61),(43,42,25),(1,33,26),(84,30,74),(30,44,49),(59,51,46),(67,30,45),(68,21,29),(35,90,84),(19,95,77),(49,95,52),(10,37,94),(34,38,26),(60,21,56),(33,51,100),(82,9,50),(27,76,80),(72,43,1),(1,78,90),(85,96,84),(61,45,78),(13,54,15),(6,88,52),(32,47,73),(87,80,23),(87,61,32),(36,88,7),(15,60,50),(15,61,27),(4,46,23),(88,7,68),(66,19,22),(80,25,9),(32,57,56),(4,44,36),(26,30,96),(58,66,84),(64,80,44),(13,94,4),(40,98,49),(63,86,55),(30,51,74),(52,31,99),(61,62,56),(17,66,100),(52,92,29),(48,49,94),(31,13,74),(75,26,68),(78,65,66),(27,28,51),(81,58,2),(55,9,32),(53,69,94),(8,85,59),(7,36,51),(36,84,99),(30,15,11),(4,89,36),(71,66,1),(36,92,28),(87,73,85),(88,27,93),(20,80,62),(13,87,47),(72,94,83),(22,30,66),(21,60,80),(31,63,69),(67,34,34),(67,69,26),(95,56,99),(80,43,25),(73,63,5),(34,76,91),(80,47,85),(63,69,15),(28,89,74),(8,19,37),(76,85,70),(10,52,39),(36,47,94),(34,26,37),(59,98,99),(63,31,74),(54,11,21),(39,74,89),(53,1,77),(27,9,95),(63,85,80),(32,94,32),(70,29,78),(64,63,4),(100,21,1),(99,84,32),(73,37,43),(93,75,16),(81,28,16),(57,54,25),(52,16,9),(32,47,3),(64,17,31),(42,80,94),(45,80,15),(45,78,98),(77,50,34),(19,42,9),(34,23,36),(50,80,89),(74,32,4),(83,63,51),(85,27,68),(16,68,47),(9,13,26),(23,58,4),(20,34,54),(54,52,96),(62,86,18),(97,36,97),(86,10,28),(89,92,91),(40,76,18),(7,91,85),(54,100,97),(79,23,55),(83,43,88),(36,96,40),(31,58,26),(49,54,61),(45,39,70),(73,28,61),(64,68,37),(81,74,28),(66,27,27),(63,6,50),(17,88,92),(5,24,87),(44,55,45),(70,3,98),(30,48,37),(99,20,65),(60,84,32),(97,65,6),(24,30,32),(51,93,38),(100,9,26),(91,14,49),(78,58,3),(22,27,5),(20,57,52),(57,56,72),(21,15,56),(53,11,20),(58,35,50),(90,85,42),(27,84,51),(52,75,64),(1,53,21),(3,74,47),(8,94,3),(60,50,58),(31,71,73),(86,24,84),(6,81,18),(55,70,3),(96,97,87),(46,48,61),(10,48,14),(30,51,88),(77,58,81),(80,17,31),(38,48,2),(11,33,25),(94,38,5),(12,93,75),(14,88,71),(100,34,19),(61,43,66),(74,73,17),(62,50,74),(42,29,91),(73,67,38),(74,77,71),(98,71,9),(2,83,1),(77,96,89),(47,96,22),(65,57,65),(31,31,37),(47,92,87),(21,34,15),(12,6,82),(50,80,59),(20,77,30),(29,79,12),(30,55,8),(18,2,4),(40,67,60),(4,98,91),(41,45,83),(28,65,16),(42,77,22),(24,26,1),(82,46,78),(11,75,56),(23,4,11),(30,22,12),(33,61,79),(93,65,76),(83,6,20),(66,33,85),(81,75,61),(3,99,87),(3,80,33),(80,91,7),(36,14,10),(46,43,32),(58,76,92),(36,68,57),(11,51,63),(30,17,95),(15,97,70),(75,99,68),(62,2,48),(94,82,39),(100,17,52),(10,63,95),(41,20,70),(33,56,38),(89,66,89),(51,96,5),(46,10,2),(15,85,1),(83,46,3),(31,40,84),(69,39,1),(21,49,64),(15,89,83),(85,21,38),(22,10,4),(11,60,99),(15,6,9),(16,21,94),(17,3,40),(19,34,79),(3,2,18),(3,22,66),(66,37,54),(49,21,75),(87,42,84),(90,53,44),(89,67,49),(98,83,69),(91,99,72),(30,18,5),(9,20,7),(26,22,29),(91,88,65),(45,37,86),(19,23,28),(2,13,80),(46,2,46),(94,99,29),(63,90,28),(35,19,45),(40,28,64),(47,53,86),(75,44,73),(40,88,9),(26,6,32),(53,8,44),(32,53,46),(78,47,44),(6,10,33),(33,45,52),(78,84,79),(41,31,32),(26,5,75),(99,45,62),(8,70,68),(39,22,76),(83,54,29),(28,31,76),(72,37,85),(5,70,30),(56,47,14),(35,87,44),(67,13,48),(42,11,93),(4,18,62),(71,57,84),(47,40,37),(76,67,68),(51,39,4),(36,43,74),(65,99,20),(78,34,7),(21,100,20),(69,41,30),(61,45,48),(23,16,5),(7,62,44),(44,37,10),(11,88,48),(15,23,91),(88,88,89),(8,65,22),(14,86,22),(33,55,63),(63,16,7),(11,38,22),(15,45,83),(58,88,20),(68,98,7),(16,13,30),(6,1,17),(95,8,82),(16,22,68),(37,55,22),(100,18,37),(6,28,75),(27,42,19),(10,100,6),(30,67,4),(37,82,17),(66,88,17),(83,82,24),(65,98,46),(32,35,100),(54,34,17),(91,39,45),(65,66,86),(84,76,86),(89,5,52),(93,41,34),(9,7,22),(25,90,3),(49,54,100),(95,86,35),(95,40,68),(12,30,7),(56,95,72),(42,78,47),(27,67,52),(79,60,93),(12,68,99),(34,93,89),(37,42,42),(37,37,28),(71,31,67),(38,42,97),(44,97,92),(16,39,70),(63,65,36),(14,43,96),(6,55,63),(5,88,56),(93,25,98),(35,61,34),(63,31,64),(30,68,6),(27,12,2),(18,28,40),(87,90,5),(23,4,47),(18,10,2),(81,15,90),(37,8,14),(34,42,74),(67,5,5),(31,34,73),(36,61,84),(38,78,12),(78,65,1),(82,87,4),(29,5,14),(30,86,28),(20,22,35),(34,55,77),(7,22,81),(11,52,15),(83,88,75),(67,25,53),(78,2,17),(79,84,4),(83,12,9),(96,42,94),(23,62,15),(58,95,70),(34,2,91),(15,13,43),(29,95,31),(4,62,55),(56,40,57),(73,18,40),(76,100,52),(84,96,93),(78,19,55),(92,76,49),(62,9,50),(53,24,62),(96,53,57),(26,56,19),(81,12,58),(38,84,76),(78,60,76),(29,44,71),(22,21,89),(76,13,65),(24,74,74),(74,27,97),(35,22,49),(92,47,5),(10,28,17),(67,65,1),(43,42,61),(18,70,4),(88,92,25),(77,67,38),(41,91,12),(14,65,38),(11,99,59),(59,91,6),(64,100,33),(80,66,98);
/*!40000 ALTER TABLE `likes` ENABLE KEYS */;
UNLOCK TABLES;

--
-- Table structure for table `media`
--

DROP TABLE IF EXISTS `media`;
/*!40101 SET @saved_cs_client     = @@character_set_client */;
/*!50503 SET character_set_client = utf8mb4 */;
CREATE TABLE `media` (
  `id` int NOT NULL,
  `media_types_id` int NOT NULL,
  `text` text,
  `file` blob,
  `size` int DEFAULT NULL,
  `metadata` json DEFAULT NULL,
  PRIMARY KEY (`id`),
  KEY `fk_media_media_types1_idx` (`media_types_id`)
) ENGINE=InnoDB DEFAULT CHARSET=utf8mb4 COLLATE=utf8mb4_0900_ai_ci;
/*!40101 SET character_set_client = @saved_cs_client */;

--
-- Dumping data for table `media`
--

LOCK TABLES `media` WRITE;
/*!40000 ALTER TABLE `media` DISABLE KEYS */;
INSERT INTO `media` VALUES (1,4,'Harum unde ea modi rerum sapiente. Aut illo sapiente ipsum laboriosam quisquam. Culpa corporis quis rerum ullam sunt.',NULL,820672506,NULL),(2,2,'Quia id tenetur beatae omnis. Quia quia soluta omnis. Consequatur et asperiores nemo accusamus consequuntur culpa facere. Dolorum non voluptates minima ducimus.',NULL,38205,NULL),(3,4,'Voluptatibus repudiandae est dolores explicabo. Et culpa ad impedit maiores qui numquam. Sed ut suscipit distinctio enim voluptates unde.',NULL,0,NULL),(4,4,'Occaecati et sint maxime architecto et. Officiis ea ipsum aut laudantium libero sequi corrupti. Asperiores qui in dolore libero consequuntur quo. Aut et officia voluptates debitis qui asperiores aut.',NULL,3259,NULL),(5,1,'Aut dolores voluptatem blanditiis deserunt non. Omnis perferendis assumenda iure ullam id odio. Dicta a nulla aspernatur at at sequi ut. Quibusdam asperiores hic magnam deserunt rerum ducimus.',NULL,0,NULL),(6,1,'Adipisci ut perspiciatis dolores velit minima quae id. Voluptatem soluta doloribus temporibus. Libero aut voluptas quidem.',NULL,2438,NULL),(7,3,'Dolore ullam quod id dignissimos. Sequi dolore eveniet enim eos. Exercitationem facilis voluptatum non qui et odit. Et nobis iure fugiat est qui ipsa totam.',NULL,243,NULL),(8,2,'Molestias fugit rerum quia sequi temporibus rerum cupiditate. Fugiat est voluptatem ut aut autem. Sunt temporibus libero consequatur asperiores sit sit culpa voluptatem.',NULL,1,NULL),(9,1,'Error non itaque est autem provident atque. Omnis consequatur ea repellendus blanditiis. Et voluptatem aut sit labore. Est eius vel aut omnis ut aut et.',NULL,0,NULL),(10,3,'Id nemo occaecati fuga dignissimos qui nisi eum. Commodi aliquam rem nobis cumque similique. Tempora dolorem totam placeat quae sunt earum. Quibusdam veniam laboriosam expedita.',NULL,4,NULL),(11,2,'Facere fugit corrupti praesentium minus et blanditiis quis. Accusantium velit facere nesciunt saepe debitis illo. Sit minus minima aliquam enim minima error ut. Illo ad enim itaque aut molestiae et.',NULL,0,NULL),(12,2,'Ut quam in nam minima ut dolore. Repellat commodi neque ipsam est mollitia. Numquam sunt est autem excepturi dignissimos id recusandae.',NULL,882,NULL),(13,1,'Vel et veniam quo tenetur quia consectetur. Architecto harum voluptas expedita autem temporibus et totam. Qui ut doloribus voluptates qui possimus.',NULL,9,NULL),(14,3,'Maiores ut ut et dicta. Et numquam dolorem sunt molestiae. Rerum voluptatem earum provident soluta.',NULL,35,NULL),(15,4,'Non aut aut quod dolore sint voluptatem. Sint aut vel non recusandae soluta nam. Qui voluptates soluta officiis consectetur tempore magni. Magni soluta omnis sapiente.',NULL,369824,NULL),(16,2,'Expedita est esse qui. Dolores qui cupiditate deserunt facilis cumque vel. Quia totam qui quis omnis et ipsam.',NULL,9988,NULL),(17,3,'Facere ut itaque consectetur quasi sunt id ea inventore. Facilis et quae tempora. Nesciunt sequi et deleniti voluptatum qui.',NULL,9155,NULL),(18,1,'Nihil dolores qui laudantium id. Earum est voluptas fuga quaerat. Qui est quisquam quia libero quo deleniti consequatur. Molestiae quod harum officiis nihil praesentium.',NULL,59,NULL),(19,3,'Aut non sunt asperiores sapiente sit sit. Eligendi nisi architecto corporis. Sed ipsam nemo velit.',NULL,2850396,NULL),(20,4,'Consequuntur consequuntur eum rerum tempore nihil incidunt. Assumenda autem aperiam quasi consequatur tenetur accusamus nam magni. Rerum illum maiores quia quos qui ab perferendis.',NULL,9663,NULL),(21,1,'Sed nostrum ab ab hic est. Repellat vitae earum voluptas. Ut asperiores accusamus officia officiis voluptas minus error.',NULL,4802,NULL),(22,3,'Vel odit et ratione iure. Earum sunt autem enim qui voluptatem laborum blanditiis. Ullam quis quae nemo odit. Non et aut consequatur rerum libero molestiae.',NULL,98,NULL),(23,2,'Molestias exercitationem necessitatibus et eos. Qui enim quos voluptatem quia rem tempora. Voluptates vel voluptatum modi molestiae et velit est.',NULL,80,NULL),(24,1,'Cum consectetur hic consequatur assumenda et. Adipisci eligendi eaque et accusantium quo. Esse recusandae quas temporibus ut tenetur. Dolorum non voluptatem culpa necessitatibus id dicta numquam.',NULL,65150,NULL),(25,1,'Quis aliquid quia doloremque omnis est corporis. At ipsa dignissimos sunt earum repudiandae voluptatum quaerat temporibus. Magni aspernatur consequatur dolores doloribus inventore ea ipsum.',NULL,8497,NULL),(26,3,'Rerum et qui non non voluptas id. Voluptas nihil aliquid porro illum. Eligendi voluptas est voluptas. Debitis vel accusamus dicta.',NULL,0,NULL),(27,4,'Voluptatem eos ratione delectus harum eveniet. Sit itaque qui quis ipsa est commodi quia. Quis aut veritatis quidem aliquid quia beatae repellat.',NULL,751389,NULL),(28,2,'Voluptate laboriosam incidunt eos omnis. Quam voluptas quia nihil est. Et vel est voluptatem culpa quisquam. Qui sit architecto adipisci cumque a doloremque molestiae.',NULL,85,NULL),(29,4,'Dolor voluptas totam velit aut temporibus. Ipsam iure qui quam accusamus. Quibusdam voluptates in aut alias expedita enim qui.',NULL,4302,NULL),(30,2,'Consequatur et ea qui quos molestias sunt numquam. Et numquam enim sed. Voluptatum eligendi numquam nostrum sed.',NULL,630,NULL),(31,3,'Possimus expedita vitae dolores quod molestiae id magnam eum. Quo quisquam fugiat ut ea in dolorum atque. Dolor fugiat aut qui et quas. Commodi sequi est nisi nihil ipsam.',NULL,0,NULL),(32,2,'Consequatur velit minima aspernatur. Dolor molestiae nihil suscipit ea iure veritatis qui omnis.',NULL,58399,NULL),(33,4,'Et quia quia voluptatibus enim. Exercitationem consequatur est sit assumenda. Est iusto sed ipsam.',NULL,8002103,NULL),(34,2,'Aut fugit delectus tempore placeat enim. Ut ut corrupti deleniti deserunt porro molestiae aspernatur. Voluptatem veniam at et ut dolorem eveniet.',NULL,9,NULL),(35,3,'Veritatis aperiam quibusdam ut voluptas eos harum. Impedit fugit quia aliquam beatae. Nesciunt incidunt corporis ut hic fugiat.',NULL,522968066,NULL),(36,1,'Sunt ducimus neque voluptas rerum et voluptatem. Repellendus earum occaecati in esse. Consectetur magnam et illo occaecati fugit quia rem iste. Asperiores qui ut voluptatem quia.',NULL,79923,NULL),(37,2,'Sequi corrupti enim pariatur iure qui dolorem omnis. Rerum sint rem id. Qui vitae fugiat ipsa corrupti illum. In voluptatum qui fugiat.',NULL,9073555,NULL),(38,2,'Tempora mollitia delectus voluptates. Error omnis ea consectetur natus veniam. Ratione quia quis ea commodi nam. A nesciunt adipisci sapiente et ratione quidem architecto.',NULL,44063,NULL),(39,3,'Quo iste id quae cum ipsam natus consequuntur. Praesentium et quia neque maxime ratione. Dicta eum sed consequuntur sed ut voluptates. Qui iusto qui sunt saepe.',NULL,1981446,NULL),(40,2,'Quos doloremque consequatur enim dolorum quae dicta. Id dolore et quia consequatur qui dolorum. Iste voluptatem voluptas labore labore recusandae.',NULL,365170720,NULL),(41,3,'Dolore dolor et molestiae sit. Laudantium nostrum omnis excepturi iusto similique ut.',NULL,5,NULL),(42,1,'Iusto consequuntur adipisci culpa. Et magni sint qui voluptatem consequuntur aspernatur eum libero. Est atque reprehenderit minus iste dolores consequuntur est.',NULL,68477210,NULL),(43,2,'Voluptatibus similique aut dicta aut consequatur vel in. Cum alias quaerat sit eligendi reiciendis odio. Necessitatibus in corrupti nostrum sed eveniet omnis.',NULL,6932674,NULL),(44,1,'Esse assumenda dolorum ut. Error delectus repellat nulla ex repellat. Optio velit consequuntur culpa rerum quidem. Rerum repellendus voluptatibus ipsam.',NULL,74774932,NULL),(45,1,'Cum recusandae eligendi et vero consequatur. Fuga perspiciatis omnis dignissimos. Consequatur dolor veniam ut.',NULL,748901,NULL),(46,4,'At natus eum totam minus. Tenetur et qui repudiandae dolores earum ex modi. Sunt consequatur porro enim sed ipsa qui. Et eos molestiae facere et.',NULL,630637,NULL),(47,4,'Nostrum qui non ducimus velit neque consequatur. Quia repellat optio possimus. Odio rerum est numquam dignissimos libero ut.',NULL,2,NULL),(48,3,'Hic veritatis suscipit vel repellat cupiditate est. Vel debitis blanditiis labore aspernatur earum et consequatur. Ex atque reprehenderit aut eligendi non.',NULL,46,NULL),(49,4,'Magni adipisci dolores autem sit itaque atque. Doloremque vitae eum nemo at. Unde non optio eveniet dicta error odio. Et id facere quam odio.',NULL,85,NULL),(50,3,'Expedita adipisci ipsa est dolore quod sed laudantium. Vel odit consequatur nemo quia laudantium quod. Ut harum magnam ut voluptas.',NULL,0,NULL),(51,2,'Qui et eos odit est vero asperiores beatae. Mollitia tempore voluptatum qui doloribus vel quae voluptate tenetur. Eos distinctio aut aut.',NULL,799599,NULL),(52,2,'Qui facere doloribus quaerat aut ad nihil. Expedita beatae nesciunt repellat exercitationem aut sunt quia. Cum laboriosam impedit eum.',NULL,2028101,NULL),(53,3,'Aut possimus odio qui impedit cumque et. Id excepturi placeat velit doloremque consequatur. Dolor maxime est optio doloremque nostrum cupiditate.',NULL,95654,NULL),(54,4,'Exercitationem dolores perferendis sit odio non optio voluptatem totam. Voluptatem et sunt dicta sequi suscipit et laudantium. Quis maiores cupiditate porro eum dignissimos quis nulla.',NULL,315426,NULL),(55,1,'Officiis saepe tenetur incidunt distinctio omnis molestiae saepe aut. Voluptas laudantium eaque perspiciatis accusantium nihil voluptatibus deleniti saepe.',NULL,3,NULL),(56,1,'Vel alias quo autem in. Aut aut aliquam dolores velit. A dolores dolorem a veniam in voluptas nostrum.',NULL,5,NULL),(57,2,'Consequatur distinctio in autem. Dicta quis labore ut officiis nihil molestiae neque aperiam.\nNemo modi atque maxime veniam similique aut. Quam amet omnis accusamus. Ut dolor et similique.',NULL,8511,NULL),(58,1,'Dolor ut optio repellat aut possimus voluptatem aspernatur. Consequatur et est porro in nihil mollitia et. Iusto veritatis distinctio accusamus eum.',NULL,1661593,NULL),(59,3,'Tempora ut vitae ut neque illo. Earum exercitationem magnam libero in aut voluptatem. Minus deleniti et reiciendis et labore.',NULL,413,NULL),(60,4,'Autem voluptas tenetur quo iure. Alias vel sit culpa laborum et amet et quam. Aliquid nostrum quia eaque laudantium numquam eos. Nihil distinctio adipisci sed doloremque qui.',NULL,7976,NULL),(61,1,'Ex quo totam omnis. Et et sed reprehenderit ducimus eaque omnis. Et optio corporis velit aspernatur.',NULL,885964669,NULL),(62,1,'Quia a aut dolorem non error nam velit rem. Dignissimos quisquam voluptatem at repudiandae. Consequuntur labore voluptas nihil libero rem qui. Cum aut velit ex autem officia.',NULL,7741694,NULL),(63,2,'Voluptatem vel libero tempora et. Distinctio repudiandae nihil explicabo. Perferendis sit error rerum ab. Est sequi rem neque sit.',NULL,688293,NULL),(64,4,'Ad repellat voluptate sit cumque aliquid iusto corporis. Modi et commodi aut repellendus. Tempora exercitationem autem iusto quas vero enim dolore ad.',NULL,31548,NULL),(65,3,'Sapiente nobis et dicta. Magnam architecto corrupti et odit aut quibusdam. Fuga non sequi illo corrupti omnis natus quos voluptas.',NULL,6880,NULL),(66,4,'Ea asperiores soluta et. Exercitationem quae tempore dignissimos ut harum quam iste. Rerum qui sed quia et. Illo unde deleniti quisquam impedit quis accusamus.',NULL,5,NULL),(67,2,'Saepe corporis nihil quaerat aliquid rerum ut voluptatem. Molestias amet debitis nihil iure enim assumenda aut et. Rerum quia dolores ut vel. Aliquam optio cum nesciunt ipsa voluptatum sapiente.',NULL,584203,NULL),(68,1,'Enim sit hic et et atque occaecati quo nesciunt. Voluptas libero deleniti illum explicabo et atque. Vel quae aliquam adipisci totam dolores. Id quia atque inventore cupiditate eum doloremque error.',NULL,564855,NULL),(69,2,'Modi beatae quod qui qui. Esse omnis qui quis dicta ut eaque. Saepe et aut vero atque.',NULL,2870,NULL),(70,2,'Architecto et dolores nulla aut. Totam dolores iste beatae eius ut. Similique ut voluptas mollitia vero quis.',NULL,74509215,NULL),(71,1,'Sint dolorum ea tempore. Et voluptatem cum ut placeat omnis est quod quia. Omnis unde quaerat eum ducimus est veniam.',NULL,1,NULL),(72,1,'Quis porro repellat culpa ut in. Ea non et repellendus unde beatae et hic. Incidunt aspernatur provident nam eum commodi nemo.',NULL,3731891,NULL),(73,4,'Beatae alias suscipit labore ut ea. Adipisci porro ut eius earum unde optio. Incidunt repellendus quos ad rerum architecto in reprehenderit.',NULL,16494,NULL),(74,1,'Nobis omnis numquam enim alias odio vitae. Voluptatem nemo perferendis illum sit eum tempora. Aut quia ut omnis neque eligendi fugit rerum.',NULL,42,NULL),(75,2,'Omnis quia reprehenderit sint quia. Natus qui et sunt exercitationem ipsum ex. Deleniti et quo sunt. Voluptas nobis perferendis in. Odit quisquam quisquam dolor occaecati.',NULL,59380,NULL),(76,3,'Possimus fugit explicabo qui rerum laboriosam. Asperiores odio est sunt delectus impedit non. Dolor id aperiam adipisci voluptatibus voluptates nostrum.',NULL,7,NULL),(77,1,'Nobis voluptatibus esse ut dolorum ipsum. Sit harum perferendis maxime nam eos. Ex eligendi consequatur libero id quisquam quae aperiam. Voluptas ab magnam consequatur dolorum ullam.',NULL,944012,NULL),(78,3,'Rerum fuga optio dolorem libero. Aut beatae et rerum et libero id. Accusamus labore possimus cumque rem. Cupiditate molestias optio optio doloremque iste.',NULL,7174753,NULL),(79,4,'Et quis et dignissimos. Aut dolor accusantium doloremque quos enim praesentium tempora aut. Quis perferendis natus est soluta illum debitis aliquam.',NULL,0,NULL),(80,3,'Ad laboriosam quidem qui. Aut aut laudantium ipsum quibusdam expedita aut. Tenetur esse et neque labore velit. Aliquam non sequi ipsum odit.',NULL,90573,NULL),(81,2,'Sapiente omnis non ipsa dolorem recusandae velit. Eveniet in est minima et.',NULL,3,NULL),(82,3,'Corporis voluptates nobis qui velit. Officia sed ea ducimus dolorem deleniti unde magni. Laboriosam asperiores iusto assumenda suscipit vero quas molestias. Voluptas omnis voluptas id quo.',NULL,2146654,NULL),(83,2,'Ad provident voluptatibus totam est consequuntur occaecati modi. Ad laudantium fuga ut rem officia laboriosam eaque. Ut voluptas tempore animi cum voluptas. Adipisci id in voluptate iusto.',NULL,65,NULL),(84,4,'Vitae ducimus eos ut sit est. Dolore incidunt repellendus sed dignissimos quam. Natus inventore aut adipisci adipisci.',NULL,1918946,NULL),(85,3,'Et nihil natus blanditiis non. Esse sapiente rerum reprehenderit quisquam.\nUnde fugiat a iste incidunt dolores voluptatem. Maiores sint ut natus autem rerum quia.',NULL,677194906,NULL),(86,3,'Deleniti eius quidem impedit earum asperiores. Fuga et ex id suscipit qui voluptates. Voluptatem vel nostrum placeat omnis. Voluptatem et nihil et.',NULL,7053127,NULL),(87,4,'Blanditiis corporis itaque magni non. Voluptas autem doloremque laborum adipisci dolorum. Impedit nobis aut aperiam tempora enim culpa nihil.',NULL,9312228,NULL),(88,1,'Aut non dolorem labore aspernatur commodi facilis. Perspiciatis culpa voluptas non et adipisci enim. Non pariatur et pariatur quam eligendi dolores aliquid.',NULL,52499,NULL),(89,2,'Tempore itaque doloribus eum corporis officia. Et id et quaerat est ut quis. Omnis in dicta et nulla. Illum molestiae quae occaecati aut blanditiis vero repellat.',NULL,8,NULL),(90,4,'In rem illo illo adipisci. Quia quas repudiandae nostrum et sapiente. Consequuntur ullam rerum voluptatem eius et. Autem qui rerum laudantium deserunt earum voluptate facere.',NULL,50,NULL),(91,3,'Tempora veritatis est molestiae rem. Aut magnam sit rerum ad facere et. Quos facilis est voluptatibus. Voluptatem officia est et qui sunt eos.',NULL,28834,NULL),(92,3,'Repellat voluptatum quibusdam adipisci totam. Adipisci libero qui architecto ut odit. In excepturi ullam alias libero repellat temporibus dolores.',NULL,55,NULL),(93,1,'Sed consectetur quia inventore reiciendis impedit amet enim. Est corporis facilis nemo incidunt et. Dolore eligendi voluptatibus hic possimus mollitia sint commodi.',NULL,3,NULL),(94,4,'Consectetur deleniti expedita facere ipsam aliquid sit optio. Earum voluptas dolore vel est rerum nihil itaque voluptatem. Reiciendis et alias ea suscipit sint.',NULL,53,NULL),(95,1,'In non vel doloremque iure aliquid. Et accusamus id facilis iusto architecto facilis necessitatibus. Tenetur eius sed iste mollitia ducimus.',NULL,0,NULL),(96,4,'Cupiditate consequuntur enim suscipit excepturi eaque ut. Rerum perspiciatis magni quia ducimus sint autem numquam. Et et quae aut explicabo. Atque minima harum reprehenderit ad.',NULL,0,NULL),(97,2,'Nemo dolor est eius natus quis recusandae. Optio ipsa maxime dolores.',NULL,0,NULL),(98,2,'Dolores quo at saepe quas qui blanditiis tempora. Voluptatem assumenda cum aut eligendi sed. Autem iusto repudiandae voluptate nesciunt sunt soluta. Aut qui tempore fugit temporibus placeat.',NULL,530,NULL),(99,4,'Et voluptate assumenda fugit culpa beatae inventore voluptas aut. Incidunt consequuntur consequatur adipisci natus in aspernatur aspernatur. Illum neque modi quisquam aliquid ex.',NULL,489442,NULL),(100,1,'Debitis fugiat nostrum quo ea facilis autem. Molestiae in inventore illo placeat vel ratione repudiandae.',NULL,281092,NULL);
/*!40000 ALTER TABLE `media` ENABLE KEYS */;
UNLOCK TABLES;

--
-- Table structure for table `media_types`
--

DROP TABLE IF EXISTS `media_types`;
/*!40101 SET @saved_cs_client     = @@character_set_client */;
/*!50503 SET character_set_client = utf8mb4 */;
CREATE TABLE `media_types` (
  `id` int NOT NULL,
  `name` varchar(245) NOT NULL,
  PRIMARY KEY (`id`)
) ENGINE=InnoDB DEFAULT CHARSET=utf8mb4 COLLATE=utf8mb4_0900_ai_ci;
/*!40101 SET character_set_client = @saved_cs_client */;

--
-- Dumping data for table `media_types`
--

LOCK TABLES `media_types` WRITE;
/*!40000 ALTER TABLE `media_types` DISABLE KEYS */;
INSERT INTO `media_types` VALUES (1,' text'),(2,' video'),(3,' music'),(4,'img');
/*!40000 ALTER TABLE `media_types` ENABLE KEYS */;
UNLOCK TABLES;

--
-- Table structure for table `messages`
--

DROP TABLE IF EXISTS `messages`;
/*!40101 SET @saved_cs_client     = @@character_set_client */;
/*!50503 SET character_set_client = utf8mb4 */;
CREATE TABLE `messages` (
  `id` int NOT NULL,
  `from_user_id` int NOT NULL,
  `to_user_id` int NOT NULL,
  `text` text NOT NULL,
  `created_at` datetime NOT NULL DEFAULT CURRENT_TIMESTAMP,
  PRIMARY KEY (`id`),
  KEY `fk_messages_user1_idx` (`from_user_id`),
  KEY `fk_messages_user2_idx` (`to_user_id`)
) ENGINE=InnoDB DEFAULT CHARSET=utf8mb4 COLLATE=utf8mb4_0900_ai_ci;
/*!40101 SET character_set_client = @saved_cs_client */;

--
-- Dumping data for table `messages`
--

LOCK TABLES `messages` WRITE;
/*!40000 ALTER TABLE `messages` DISABLE KEYS */;
INSERT INTO `messages` VALUES (1,68,89,'Sequi eum voluptate dolores tempora rem.','2008-07-21 13:27:38'),(2,53,99,'Aut tenetur blanditiis dolores debitis quisquam mollitia.','1981-11-17 01:45:01'),(3,95,20,'Delectus rerum necessitatibus qui reiciendis.','1977-05-30 06:14:41'),(4,14,25,'Sequi pariatur consequatur quaerat minima sint tempore in.','1986-06-11 08:34:47'),(5,86,23,'Est rerum repellat quo deleniti et earum accusamus adipisci.','1976-12-07 11:46:56'),(6,46,71,'Non et ut dicta.','1997-04-07 19:54:27'),(7,27,66,'Eum aspernatur ducimus molestiae porro voluptas saepe.','1973-09-11 21:23:31'),(8,5,48,'Doloremque blanditiis ut rem minima.','2015-12-12 08:43:00'),(9,93,47,'Sed nam modi ad ex earum.','1970-07-05 05:59:27'),(10,14,3,'Ad corporis cumque fugit dicta iure.','2015-09-03 22:57:53'),(11,8,92,'Pariatur sunt consequatur ea aspernatur nihil repudiandae sunt minima.','1978-01-30 00:51:15'),(12,71,15,'Sint molestias laborum maxime rerum in eligendi harum voluptatem.','1978-11-29 07:04:29'),(13,86,28,'Magni repellendus voluptatibus consequuntur sed.','1976-09-28 00:31:38'),(14,80,33,'Quibusdam eum nemo nostrum velit delectus.','2020-08-17 22:32:02'),(15,66,58,'Aut dolorem reprehenderit et ut.','1995-09-29 04:52:55'),(16,11,50,'Recusandae quod incidunt laboriosam et omnis tempore.','2006-05-28 01:13:36'),(17,30,84,'Eum qui aperiam ut est.','1985-07-11 04:21:04'),(18,85,44,'Et enim dolorem quidem odit numquam quas consequatur.','1997-06-16 08:25:47'),(19,11,22,'Quam deserunt et tempore quis ut qui.','1995-08-15 09:59:35'),(20,17,14,'Explicabo unde consequatur dolore in veniam non doloremque.','2000-03-18 04:57:47'),(21,13,36,'Dolorem odit beatae dignissimos et laborum.','2008-05-07 15:47:18'),(22,20,28,'Temporibus delectus iusto molestiae provident esse corrupti.','1989-04-22 10:53:44'),(23,89,37,'Sit cumque unde corrupti non voluptate.','1981-04-18 05:01:31'),(24,17,46,'Perferendis id unde perferendis eos deleniti exercitationem voluptatum.','1992-02-08 04:11:25'),(25,9,75,'Doloremque sed aliquam eum ut et qui quod.','1983-03-26 19:38:32'),(26,27,82,'Voluptatem est adipisci sint odio rerum impedit.','2013-01-29 00:12:59'),(27,50,98,'Corrupti est maiores et molestiae ea et.','1994-12-16 01:19:06'),(28,33,64,'Nulla minima magnam sint fugiat minus.','1982-01-14 07:49:38'),(29,49,11,'Animi id vel accusantium asperiores rerum repudiandae.','1979-09-12 10:32:16'),(30,81,1,'Placeat enim voluptatum dolor autem.','1993-09-13 10:01:58'),(31,44,93,'Accusantium aliquid id deserunt corrupti qui ea officia.','2014-09-19 08:19:03'),(32,59,34,'Ad vero unde rerum porro quod.','1980-12-07 10:18:56'),(33,14,96,'Occaecati in sit voluptas molestias.','2009-08-08 02:16:39'),(34,7,51,'Omnis id omnis explicabo maxime nulla ipsa ad.','1993-06-16 02:00:42'),(35,38,98,'Esse aliquam magnam eum est voluptatem.','2003-07-04 22:08:25'),(36,32,25,'Architecto sed quibusdam perferendis perspiciatis ex qui.','2001-07-21 07:13:40'),(37,98,77,'Et quidem vero id.','1977-01-03 13:58:20'),(38,92,11,'Distinctio velit tempore sint.','1984-03-16 18:50:24'),(39,38,43,'Veniam molestiae beatae qui.','1995-07-21 01:04:38'),(40,8,67,'Voluptatem culpa illo quo molestias sint dolorem.','2004-05-08 22:53:36'),(41,33,70,'Nulla qui dignissimos ut iure repudiandae vitae.','2016-01-31 03:58:26'),(42,98,17,'Eum iusto quibusdam id ex harum.','1992-07-06 23:28:54'),(43,85,64,'Est aliquid minima consequuntur cupiditate.','2020-05-01 03:18:44'),(44,62,91,'Vel doloribus quidem consequatur.','2007-03-04 14:36:00'),(45,89,51,'Ea vitae vero et rerum.','1971-10-13 20:26:51'),(46,10,29,'Harum labore ut sunt praesentium.','2015-02-23 19:57:00'),(47,34,52,'Dolores totam est debitis numquam voluptatum consequatur.','1983-03-24 03:55:44'),(48,22,52,'A dolorem adipisci labore sint sed esse ut nihil.','2017-02-21 04:21:02'),(49,95,50,'Repellat maxime sit et dolor et non.','2004-11-01 23:42:48'),(50,89,17,'Nihil consequuntur corrupti odit sunt eos iste dolorum.','1977-12-27 03:37:02'),(51,50,32,'Sint hic fugit nihil est suscipit quod nihil.','1995-08-17 12:13:22'),(52,20,96,'Rerum aut repellendus sunt eum voluptate a earum.','2009-03-27 06:23:00'),(53,21,16,'Totam necessitatibus voluptate ullam necessitatibus qui officiis est.','1996-02-08 21:00:53'),(54,39,97,'Natus commodi quibusdam esse atque unde.','1995-01-25 04:07:23'),(55,85,84,'Nostrum porro animi aperiam eum illum velit nam.','1973-09-13 13:04:53'),(56,30,44,'Quia aut ex dolor placeat non.','1995-10-10 00:18:01'),(57,31,50,'Alias dignissimos nesciunt qui eligendi cupiditate delectus.','1970-03-04 22:53:07'),(58,63,3,'Nihil voluptatem at dicta ut et veritatis.','1987-04-07 09:51:21'),(59,39,55,'Voluptatem sit eius ratione totam excepturi sunt ullam.','1992-03-02 04:29:29'),(60,93,100,'Quo quo repellendus natus vel pariatur autem.','1989-08-23 13:38:21'),(61,81,95,'Dolorem placeat ea aut perspiciatis labore qui.','1979-01-03 12:10:36'),(62,16,69,'Animi est ducimus numquam deserunt.','1991-06-22 20:43:11'),(63,7,10,'Repudiandae ea recusandae voluptatum dolorem rerum.','1971-06-09 01:11:55'),(64,40,19,'Quae sapiente perspiciatis reprehenderit ex.','1988-08-12 20:57:54'),(65,20,43,'Nemo ad labore itaque necessitatibus quia fuga.','2017-03-02 12:23:42'),(66,85,98,'Non tempora fugit laboriosam officiis.','1995-10-22 01:27:57'),(67,82,65,'Aut qui consectetur qui aliquid quas quo sit.','2006-08-21 04:55:29'),(68,80,14,'Eveniet ut ut culpa sunt aut.','2003-11-27 19:29:07'),(69,74,56,'Iste et aut rerum veritatis ea.','1987-08-21 23:16:52'),(70,5,77,'Suscipit modi inventore voluptatibus eaque.','2002-07-26 02:35:37'),(71,55,41,'Ducimus natus natus similique ratione labore qui hic.','2003-04-04 09:43:41'),(72,31,14,'Consequatur dignissimos quos quia officiis nemo.','2016-09-18 08:16:56'),(73,76,81,'Occaecati deserunt non impedit voluptatem velit.','1999-07-26 23:26:40'),(74,3,70,'Harum asperiores nisi totam quia mollitia pariatur facere.','1982-11-18 10:10:15'),(75,32,16,'Quisquam voluptatem voluptas quo et sed veritatis ut.','2017-06-10 17:39:09'),(76,96,88,'Nam saepe tempora iste quasi adipisci eum.','2013-08-07 15:44:28'),(77,39,87,'Omnis est omnis blanditiis ut placeat.','2005-09-21 11:13:10'),(78,31,52,'Sequi recusandae illum expedita et.','1984-05-21 02:08:04'),(79,2,87,'Recusandae sit recusandae rerum cumque qui ea maiores.','2012-04-09 22:44:22'),(80,74,33,'Et quasi eveniet velit vero aliquam laboriosam.','2014-08-04 03:28:29'),(81,30,88,'Error ut rem alias cum repellat molestiae.','2007-09-30 07:26:04'),(82,31,72,'A modi aliquid est omnis deleniti magnam dolorem.','2013-03-10 13:11:50'),(83,26,52,'Consequatur cumque commodi officiis quisquam officia ipsa.','1990-01-25 22:30:37'),(84,57,17,'Exercitationem perspiciatis aut est quia.','1996-08-29 10:13:49'),(85,88,68,'Delectus ut ad dignissimos delectus ea eum qui.','1980-08-30 20:46:44'),(86,26,78,'Temporibus dicta quis dolorem quia occaecati dolores soluta magnam.','1976-05-11 03:07:52'),(87,58,42,'Esse iusto unde fugit molestias harum.','1984-02-07 16:54:22'),(88,4,77,'Ad dolor perspiciatis tenetur distinctio error quis et.','1976-09-04 22:18:52'),(89,80,1,'Rerum vel et excepturi quod et placeat.','2012-01-23 01:48:56'),(90,7,55,'Delectus temporibus et earum totam mollitia quaerat molestiae.','2013-02-04 14:53:56'),(91,24,62,'Facere dicta quo facilis quis.','1985-05-07 14:54:29'),(92,31,57,'Dicta ducimus voluptas deserunt quaerat placeat natus corporis ratione.','1980-04-26 20:14:18'),(93,33,5,'Ut non rerum voluptatum aut ut necessitatibus qui.','1991-06-05 19:18:09'),(94,15,34,'Aut animi ab nam ea ut.','2015-05-12 02:18:37'),(95,25,7,'Facere quae nulla et vel omnis autem.','1994-12-23 02:31:48'),(96,69,47,'Expedita mollitia molestiae sit.','1979-12-21 00:12:47'),(97,53,79,'Voluptas nihil mollitia sint.','2000-09-07 05:48:24'),(98,32,63,'Est molestias velit sit sit esse.','2017-07-25 18:54:58'),(99,26,82,'Perferendis nobis quod consequatur vel temporibus eaque.','1979-08-31 14:31:21'),(100,82,17,'Et placeat cupiditate ad voluptatem dignissimos et eum.','1984-06-15 10:42:48');
/*!40000 ALTER TABLE `messages` ENABLE KEYS */;
UNLOCK TABLES;

--
-- Table structure for table `photo_album`
--

DROP TABLE IF EXISTS `photo_album`;
/*!40101 SET @saved_cs_client     = @@character_set_client */;
/*!50503 SET character_set_client = utf8mb4 */;
CREATE TABLE `photo_album` (
  `id` int NOT NULL AUTO_INCREMENT,
  `name` varchar(245) NOT NULL,
  `description` text,
  `user_id` int NOT NULL,
  PRIMARY KEY (`id`),
  KEY `fk_photo_album_user1_idx` (`user_id`)
) ENGINE=InnoDB AUTO_INCREMENT=101 DEFAULT CHARSET=utf8mb4 COLLATE=utf8mb4_0900_ai_ci;
/*!40101 SET character_set_client = @saved_cs_client */;

--
-- Dumping data for table `photo_album`
--

LOCK TABLES `photo_album` WRITE;
/*!40000 ALTER TABLE `photo_album` DISABLE KEYS */;
INSERT INTO `photo_album` VALUES (1,'omnis',NULL,1),(2,'ratione',NULL,2),(3,'voluptatum',NULL,3),(4,'pariatur',NULL,4),(5,'sed',NULL,5),(6,'quae',NULL,6),(7,'itaque',NULL,7),(8,'delectus',NULL,8),(9,'qui',NULL,9),(10,'et',NULL,10),(11,'consequatur',NULL,11),(12,'distinctio',NULL,12),(13,'recusandae',NULL,13),(14,'a',NULL,14),(15,'quidem',NULL,15),(16,'id',NULL,16),(17,'est',NULL,17),(18,'mollitia',NULL,18),(19,'ducimus',NULL,19),(20,'error',NULL,20),(21,'rerum',NULL,21),(22,'numquam',NULL,22),(23,'ea',NULL,23),(24,'temporibus',NULL,24),(25,'ullam',NULL,25),(26,'voluptas',NULL,26),(27,'quidem',NULL,27),(28,'occaecati',NULL,28),(29,'porro',NULL,29),(30,'quibusdam',NULL,30),(31,'rem',NULL,31),(32,'eveniet',NULL,32),(33,'aut',NULL,33),(34,'odit',NULL,34),(35,'eligendi',NULL,35),(36,'odit',NULL,36),(37,'voluptatem',NULL,37),(38,'voluptatem',NULL,38),(39,'dolor',NULL,39),(40,'aut',NULL,40),(41,'consectetur',NULL,41),(42,'distinctio',NULL,42),(43,'necessitatibus',NULL,43),(44,'rerum',NULL,44),(45,'vitae',NULL,45),(46,'pariatur',NULL,46),(47,'inventore',NULL,47),(48,'rerum',NULL,48),(49,'vel',NULL,49),(50,'possimus',NULL,50),(51,'velit',NULL,51),(52,'magnam',NULL,52),(53,'repellendus',NULL,53),(54,'est',NULL,54),(55,'velit',NULL,55),(56,'ipsum',NULL,56),(57,'error',NULL,57),(58,'in',NULL,58),(59,'laboriosam',NULL,59),(60,'cumque',NULL,60),(61,'voluptas',NULL,61),(62,'aut',NULL,62),(63,'sequi',NULL,63),(64,'qui',NULL,64),(65,'libero',NULL,65),(66,'tempora',NULL,66),(67,'qui',NULL,67),(68,'aut',NULL,68),(69,'eum',NULL,69),(70,'omnis',NULL,70),(71,'itaque',NULL,71),(72,'aut',NULL,72),(73,'repellat',NULL,73),(74,'hic',NULL,74),(75,'error',NULL,75),(76,'voluptas',NULL,76),(77,'omnis',NULL,77),(78,'porro',NULL,78),(79,'id',NULL,79),(80,'hic',NULL,80),(81,'dicta',NULL,81),(82,'officia',NULL,82),(83,'blanditiis',NULL,83),(84,'reprehenderit',NULL,84),(85,'et',NULL,85),(86,'expedita',NULL,86),(87,'doloribus',NULL,87),(88,'quae',NULL,88),(89,'neque',NULL,89),(90,'est',NULL,90),(91,'architecto',NULL,91),(92,'aut',NULL,92),(93,'aliquam',NULL,93),(94,'et',NULL,94),(95,'aliquid',NULL,95),(96,'ad',NULL,96),(97,'consectetur',NULL,97),(98,'amet',NULL,98),(99,'inventore',NULL,99),(100,'odio',NULL,100);
/*!40000 ALTER TABLE `photo_album` ENABLE KEYS */;
UNLOCK TABLES;

--
-- Table structure for table `photos`
--

DROP TABLE IF EXISTS `photos`;
/*!40101 SET @saved_cs_client     = @@character_set_client */;
/*!50503 SET character_set_client = utf8mb4 */;
CREATE TABLE `photos` (
  `id` int NOT NULL,
  `album_id` int NOT NULL,
  `media_id` int NOT NULL,
  PRIMARY KEY (`id`),
  KEY `fk_photos_photo_album1_idx` (`album_id`),
  KEY `fk_photos_media1_idx` (`media_id`)
) ENGINE=InnoDB DEFAULT CHARSET=utf8mb4 COLLATE=utf8mb4_0900_ai_ci;
/*!40101 SET character_set_client = @saved_cs_client */;

--
-- Dumping data for table `photos`
--

LOCK TABLES `photos` WRITE;
/*!40000 ALTER TABLE `photos` DISABLE KEYS */;
INSERT INTO `photos` VALUES (1,48,48),(2,47,47),(3,98,98),(4,65,65),(5,56,56),(6,1,1),(7,93,93),(8,9,9),(9,29,29),(10,84,84),(11,49,49),(12,35,35),(13,73,73),(14,100,100),(15,8,8),(16,64,64),(17,31,31),(18,7,7),(19,61,61),(20,37,37),(21,10,10),(22,91,91),(23,87,87),(24,39,39),(25,52,52),(26,88,88),(27,19,19),(28,81,81),(29,18,18),(30,12,12),(31,38,38),(32,33,33),(33,34,34),(34,97,97),(35,43,43),(36,6,6),(37,30,30),(38,23,23),(39,32,32),(40,14,14),(41,76,76),(42,44,44),(43,59,59),(44,95,95),(45,16,16),(46,11,11),(47,74,74),(48,89,89),(49,13,13),(50,83,83),(51,3,3),(52,41,41),(53,80,80),(54,42,42),(55,27,27),(56,21,21),(57,79,79),(58,77,77),(59,99,99),(60,66,66),(61,86,86),(62,17,17),(63,22,22),(64,36,36),(65,50,50),(66,68,68),(67,71,71),(68,63,63),(69,51,51),(70,20,20),(71,40,40),(72,4,4),(73,78,78),(74,53,53),(75,72,72),(76,15,15),(77,28,28),(78,58,58),(79,5,5),(80,62,62),(81,90,90),(82,54,54),(83,26,26),(84,92,92),(85,57,57),(86,46,46),(87,94,94),(88,67,67),(89,60,60),(90,2,2),(91,25,25),(92,82,82),(93,24,24),(94,85,85),(95,45,45),(96,69,69),(97,96,96),(98,75,75),(99,70,70),(100,55,55);
/*!40000 ALTER TABLE `photos` ENABLE KEYS */;
UNLOCK TABLES;

--
-- Table structure for table `posts`
--

DROP TABLE IF EXISTS `posts`;
/*!40101 SET @saved_cs_client     = @@character_set_client */;
/*!50503 SET character_set_client = utf8mb4 */;
CREATE TABLE `posts` (
  `id` int NOT NULL,
  `descroption` text NOT NULL,
  `user_id` int NOT NULL,
  `media_id` int NOT NULL,
  PRIMARY KEY (`id`),
  KEY `fk_posts_user1_idx` (`user_id`),
  KEY `fk_posts_media1_idx` (`media_id`)
) ENGINE=InnoDB DEFAULT CHARSET=utf8mb4 COLLATE=utf8mb4_0900_ai_ci COMMENT='посты';
/*!40101 SET character_set_client = @saved_cs_client */;

--
-- Dumping data for table `posts`
--

LOCK TABLES `posts` WRITE;
/*!40000 ALTER TABLE `posts` DISABLE KEYS */;
INSERT INTO `posts` VALUES (1,'Et nulla quaerat quos est. Explicabo adipisci et voluptatibus nulla repellendus. Autem vel iusto earum. Deleniti et consequatur sit omnis delectus.',68,44),(2,'Non architecto omnis illo ut laboriosam. Quo ipsum magnam eaque eveniet quaerat ut. Quo blanditiis et perspiciatis dolores.',84,19),(3,'Reiciendis optio magnam cum ad. Nostrum ex distinctio rerum voluptatibus qui voluptatem vel temporibus.',19,79),(4,'Aspernatur aspernatur autem hic quisquam dolor. Expedita ut molestiae minima commodi odio placeat sapiente adipisci. Qui debitis autem aut eius voluptas. Fuga doloribus ex ut consequatur.',69,64),(5,'Tempore quia maiores quidem ut enim vitae. Perferendis et voluptatibus sed quia autem. Et similique voluptates minima. Molestias sequi odio debitis voluptas ab ut sint.',44,78),(6,'Eos non id cumque. Eius ut voluptatem animi doloribus consequatur. Omnis veritatis blanditiis aliquid autem quos nihil. Repellendus nostrum saepe ex vitae ipsa. Eum quod deleniti quo asperiores.',86,36),(7,'Sunt quo optio at eligendi inventore laboriosam assumenda est. Nobis neque quas sed neque architecto. Rerum et nihil est et beatae ut.',86,39),(8,'Molestiae recusandae recusandae quo eum pariatur. Vero eius iure id est dolor velit. Vero quae molestiae cum occaecati rerum.',39,38),(9,'Enim consectetur tempore sequi hic voluptas est nam. Labore provident eligendi porro consequatur quia aliquid in aut. Molestias libero et esse. Voluptatem minus laborum voluptatem est.',94,37),(10,'Non molestiae consequatur quisquam quaerat harum dolore consectetur et. Possimus minima cum accusamus aliquam. Libero est nisi ad occaecati consequatur.',19,98),(11,'Officia magni porro saepe eaque enim. Aliquam qui reprehenderit molestias placeat voluptatum consequatur. Laudantium nesciunt alias totam at illo vitae ut.',46,66),(12,'A et tenetur omnis fuga porro. Eius aspernatur et et. Et ipsam ea culpa. Et aut minus perspiciatis suscipit ea.',68,62),(13,'Aperiam dolorum voluptatum voluptatem dolorem odit. Quaerat culpa quia reprehenderit et et et et. Tempore reiciendis eligendi aut cupiditate est quo natus. Illo quia autem autem alias ullam in est.',24,45),(14,'Autem ea maxime saepe autem amet officia. Molestiae perferendis sunt cum dolores. Aut quaerat sunt minima voluptatibus.',91,6),(15,'Occaecati illo exercitationem est officia quo. Ut dicta sed non sunt sit. Enim consequuntur culpa in ad qui aut atque. Repellat officiis sit quia.',7,11),(16,'Id illo minus molestiae atque aut corporis est suscipit. Sed sit neque at quasi aspernatur. Et consequuntur consectetur ullam porro illum labore. Eos explicabo debitis rem.',87,20),(17,'Ipsum itaque minus est nihil ut recusandae cupiditate. Et quis deserunt voluptatum velit neque.',38,9),(18,'Temporibus aliquam autem cupiditate dolorum quas perspiciatis in. Sed illum natus nihil et. Ipsam voluptates maxime cupiditate deleniti sint esse.',49,56),(19,'Nostrum laboriosam temporibus similique repellendus sit illum quisquam. Culpa numquam nihil quo dolorem ut. Et et occaecati rerum alias ea ducimus ipsum. Pariatur omnis aliquid nihil et maiores.',66,85),(20,'Excepturi omnis possimus deleniti quia. Beatae animi odio reprehenderit officia et id provident. Dicta assumenda neque ab eveniet iure quo ullam.',31,40),(21,'Maxime quia quam corrupti soluta aliquam. Optio non ea at voluptatem. Eos molestiae delectus nulla at quibusdam numquam et nesciunt.',52,93),(22,'Perspiciatis ad nemo voluptatem reprehenderit quia necessitatibus. Possimus commodi illo voluptatem ad repellendus. Molestias cumque eos et ad tempore sint ipsum. Enim qui vitae ut ex facilis quo.',90,16),(23,'Omnis doloremque magnam veniam molestias maxime. Aut officia deleniti voluptas modi quibusdam in ea.',88,57),(24,'Ut nostrum veritatis sed quaerat ut vitae quaerat. Sit ex vero iste quo architecto nam. Praesentium provident ullam quo et vel culpa et earum.',64,68),(25,'Quaerat quaerat ducimus qui quia. Laudantium nobis qui voluptatibus et.',96,100),(26,'Ex itaque nulla ipsa voluptatum aut voluptatibus. Quis eius inventore est qui vel. Incidunt excepturi fuga quia.',93,30),(27,'Excepturi assumenda sit sint laudantium nihil velit quia. Fuga quo pariatur quia error. Quibusdam quod molestias cum minima velit. Porro quae doloribus iusto quae dolorem.',40,70),(28,'Voluptas explicabo asperiores illum quam nesciunt hic doloribus. Nobis consequuntur libero iusto fugit tempora sed omnis non. Minus quo rem dolor optio sit.',58,7),(29,'Ut qui maxime illo quam nulla ea accusantium. Ut pariatur inventore itaque nihil. Ea dolore atque esse sunt.',58,47),(30,'Quo quos impedit qui eius quae sapiente similique mollitia. Quia ea nesciunt illum voluptas qui aperiam voluptates. Aliquam ea repellendus ut saepe non modi dolorem.',84,69),(31,'Nostrum fugiat reiciendis omnis distinctio voluptates ullam repudiandae et. Sit quia sit culpa temporibus perferendis error pariatur. Fuga fugit sit sint maxime rerum voluptates.',90,89),(32,'Voluptatibus voluptas sed et. Voluptatem dolor quo doloremque culpa aut eligendi nisi. Repudiandae ut repellendus iure harum. Debitis soluta deleniti est tempore.',96,92),(33,'Voluptatem autem eveniet perspiciatis. Quas a cupiditate quasi saepe expedita doloribus saepe dolorum. Aperiam voluptatum aliquid mollitia aliquid facilis et.',21,74),(34,'Enim qui deserunt enim aut. Alias itaque et ipsum aut. Nesciunt neque laudantium quo illum.',56,1),(35,'Ipsa quidem culpa qui in. Consequatur tenetur veniam veritatis.',3,91),(36,'Amet temporibus quia dolorem ex ex. Dignissimos excepturi et quod repellendus. Saepe consectetur aut aperiam beatae asperiores reprehenderit et.',33,14),(37,'Nobis sint harum repellendus totam temporibus id quae. Repudiandae qui tempora neque repudiandae. Velit aut voluptatem corrupti laudantium inventore quis. Et alias et quisquam sint neque quia quo.',50,51),(38,'Similique nemo sequi id unde sunt. Nemo error qui occaecati.\nNumquam ut voluptatem est consequatur et. Fugit adipisci sequi sunt. Officia omnis eaque quis.',70,31),(39,'Voluptatem alias omnis rem earum. Placeat occaecati ipsum et consequatur aliquam omnis. Incidunt tenetur autem blanditiis quod saepe vel cum rerum. Expedita est itaque sunt quam dolores.',65,4),(40,'Tempora sapiente aperiam expedita consectetur eum dolore facere. Sed est a aut id. Assumenda libero quis et voluptates quia beatae.',49,60),(41,'Eveniet eius veniam esse libero. Reiciendis atque sapiente quaerat consequatur. Ut est voluptatem commodi et.',10,21),(42,'Quo quia sed rerum nobis repudiandae et ipsam. Dolorem sunt fuga nostrum nihil. Debitis ratione dolorum quisquam voluptatem. Expedita quos ipsum molestiae ut quibusdam sed veniam repellendus.',12,97),(43,'Sunt animi officiis reprehenderit dicta corporis sunt adipisci. Minima quis et impedit nesciunt iusto id. Eos repellat voluptate facilis perspiciatis quam eos.',67,94),(44,'Amet perspiciatis laboriosam velit commodi explicabo. Possimus sint enim adipisci. Harum assumenda sed aliquid ducimus dicta eveniet.',100,8),(45,'Fugiat sunt quia qui odit a modi qui quaerat. Quia amet inventore nulla doloremque. Qui omnis ut error quisquam.',54,53),(46,'Ut cupiditate id laboriosam. Atque perspiciatis maiores neque dolorem voluptatibus est pariatur officiis. Doloremque quos et occaecati et. Id voluptas qui ipsum nulla.',32,73),(47,'Nobis libero voluptas minima voluptas possimus aspernatur. Iusto eligendi dignissimos minima alias. Pariatur aperiam eius unde qui. Sed voluptas minima non suscipit harum.',50,28),(48,'Voluptate quod quas eligendi non ut ullam corporis. Nesciunt consequatur sed molestias. Alias et excepturi numquam nihil incidunt dolorem sit sit.',13,22),(49,'Sequi aut rerum perspiciatis corrupti vero. Vero nulla ut placeat aperiam doloribus quia. Placeat sunt similique quo veniam.',33,13),(50,'Dolorem sint alias cumque et eaque id ut. Sed ea ipsam voluptates laboriosam itaque velit. Placeat corporis dignissimos molestiae ab quidem maiores quis.',61,29),(51,'Voluptatem consequatur sed quos eligendi minima sed odit. Quidem est dolor et quasi magni.',96,12),(52,'Sed illo dolor aut labore autem ullam sit. Omnis quod autem unde adipisci. Qui est et et inventore ipsum. Id laboriosam architecto sunt ut quo repellat.',3,34),(53,'Voluptas nihil nobis exercitationem reiciendis. Perferendis officiis fugiat aut aut occaecati est. Voluptatem est perferendis ut sapiente.',90,26),(54,'Vel sed eius rerum repudiandae rem. Id officiis eveniet rerum dignissimos quia commodi. Quo voluptate natus facilis ipsa. Cum id et amet ut id.',34,46),(55,'Officiis voluptatem eos et placeat. Architecto molestiae excepturi nam quo ut. Dolores dolore consequatur iusto voluptatibus sapiente. Ullam et est totam voluptatibus quas velit distinctio.',68,82),(56,'Quod non eum recusandae consequuntur in molestias. Reprehenderit fuga porro soluta quos aut dignissimos. Et excepturi dolor aperiam. Aut aut praesentium autem in magnam occaecati.',50,23),(57,'Id deleniti beatae qui ut debitis sunt. Nulla sequi non corporis aut. Quam odio atque vel dolorem ratione qui. Fugiat doloremque rem in non asperiores nihil sit.',2,83),(58,'Possimus distinctio non nihil molestiae unde. Corporis non ut cumque repellendus minima maiores. Aut ab veritatis accusantium quia nobis.',26,43),(59,'Labore consequatur incidunt perferendis ut ipsam ut dignissimos. Repellat non a maxime voluptatem nostrum. Ut laudantium quidem aspernatur enim ipsam.',65,95),(60,'Perferendis odio maiores fugit dignissimos autem aliquid. Molestiae laudantium et voluptatum officiis. Nihil nulla commodi pariatur voluptates et.',19,72),(61,'Expedita veniam nisi qui qui. Autem eos veniam aperiam unde dolor impedit. Sequi pariatur ducimus sit laborum.',40,17),(62,'Eum ea impedit delectus. Ut id sed optio dolorem dicta tempore quos. Aut aut quia fugit. Repudiandae vero sed cumque quo impedit.',42,50),(63,'Reprehenderit quos autem quae. Vero nisi eligendi et amet iure facere. Omnis ratione nisi natus dolore. Aliquid consectetur iste natus voluptas.',76,86),(64,'Optio placeat qui velit illo delectus. Qui deserunt nihil fugit perspiciatis quaerat temporibus esse vero. Impedit sequi facilis velit. Exercitationem impedit aut quas ea eos quaerat.',71,2),(65,'Sit aperiam est dolore itaque eos expedita. Est nam laboriosam quaerat eos. Non aut minima ad.',92,42),(66,'Harum esse repellat nisi eum nesciunt in. Pariatur natus laudantium velit.',81,35),(67,'Ipsam id ipsam aliquid reiciendis corporis. Perspiciatis incidunt asperiores maxime aliquam. Quibusdam modi ea deserunt sed aut perferendis quis. Omnis aspernatur rerum laborum cupiditate.',85,90),(68,'Incidunt magni officiis aspernatur sit et. Assumenda sequi tempore et ea esse est. Voluptate ea est et cumque rerum.',38,84),(69,'Quo voluptas sequi tempore. Rem eveniet voluptatem eveniet vero quae et. Doloremque similique quis aut sit ducimus reiciendis.',85,81),(70,'Delectus omnis quo voluptatem corrupti vero dolore aut voluptatem. Dolor magni sed qui eos maiores ratione. Autem error nam repellat quos unde architecto illum.',75,55),(71,'Non sequi adipisci fuga rerum et impedit. Quasi qui libero eum quia et ipsam quo sint. Quas deleniti totam assumenda velit sit excepturi. Sint quae molestias nihil itaque mollitia velit omnis.',17,32),(72,'Optio quia qui ut officia doloribus molestiae eum. Autem sequi architecto enim id commodi provident. Esse magnam consequatur ullam ut dicta doloribus.',23,96),(73,'Ut consequatur impedit consectetur. Suscipit ut suscipit dolores est officiis minus. Nobis neque eveniet modi rem quae saepe. Quia sed aliquid aut ipsum.',8,15),(74,'Quis voluptatem voluptas qui eos. Perferendis sit eaque officiis iste. Dolorem distinctio assumenda aut recusandae alias.',65,63),(75,'Aliquam commodi velit vel asperiores. Nihil ipsam ex et eos qui. Possimus ut dolorem voluptas et rem nulla. Ex repudiandae molestias quia sed voluptas aliquam assumenda.',97,10),(76,'Cupiditate ut tenetur amet. Fuga aut in doloribus qui dignissimos. Quibusdam dolores quia libero repellat. Ut aut non atque. Non amet quia inventore autem.',40,27),(77,'Asperiores sit non repellendus et architecto. Velit soluta fugiat in labore similique animi.',87,75),(78,'Est deserunt aut possimus inventore debitis. Blanditiis sit temporibus itaque voluptas laboriosam exercitationem. Unde modi omnis mollitia vel quidem.',7,61),(79,'Modi maiores laudantium asperiores vero ullam. Dignissimos animi magnam inventore provident dolorum assumenda doloremque. Consequatur et dolorem ipsum id voluptate ab id.',34,3),(80,'Minus sed ut optio dolor unde. Debitis ab non molestias dignissimos et. Numquam ipsum ullam ipsa voluptatem enim.',99,54),(81,'Maxime et quisquam qui quo suscipit. Mollitia amet dolore qui amet in omnis. Qui nostrum voluptatem earum accusamus. Et voluptatem incidunt consequatur sint dolorum ducimus consequatur.',14,58),(82,'Vero eligendi porro dolores expedita in. Aut ut et consequatur voluptatem ipsa perspiciatis. At consequatur fugiat facilis ut distinctio. Est amet voluptas facere alias quia.',29,52),(83,'Asperiores officia non neque fuga deleniti labore. Voluptatem ut aut esse autem. Dolor debitis debitis dolores velit.',54,88),(84,'Possimus eos aspernatur accusamus. Non nesciunt illum nemo provident doloremque. Iste at ad voluptate incidunt eum. Natus eligendi qui et sit sint dicta. In quis debitis nisi.',36,41),(85,'In tempora illum corporis sit ipsam. Reprehenderit qui exercitationem eum aspernatur. Alias nemo in quas.',56,76),(86,'Culpa aut autem omnis id autem officiis minus. Sint quia eaque incidunt dolorem nihil eligendi voluptatem. Numquam est alias impedit vel repudiandae. Pariatur ut et dolores reprehenderit rerum autem.',63,48),(87,'Et quia et in nostrum cupiditate sit illum. Qui temporibus voluptatem assumenda repellat quos hic et dolorem. Tenetur quia fugit repellendus nesciunt omnis aut.',95,71),(88,'Autem accusamus est tempora veniam. Recusandae et nesciunt occaecati rerum perferendis sunt. Repellat iure repudiandae neque voluptatem quod tempore nobis. Nostrum nobis consectetur sequi soluta.',46,24),(89,'Ea et et a sed dolorem asperiores culpa. Exercitationem quam pariatur perspiciatis rerum enim. Voluptatem nam sed ab beatae tempora. Eum porro labore quis officiis assumenda.',98,59),(90,'Et laboriosam quae et natus. Aspernatur laborum corrupti officia. Quos rerum vitae maiores.\nAspernatur ut in vel. Nihil aut dolor autem dolorem praesentium. Et distinctio eum maiores nisi.',71,65),(91,'Eos doloribus qui id quis tenetur numquam. Explicabo est nihil perferendis.\nModi placeat est sed. Qui similique error a libero aut. Consequatur amet quia et harum eum.',55,67),(92,'Optio enim et nulla omnis quo repellat. Ad ipsam voluptatum fugiat tenetur explicabo. Et hic aut ut quia.',23,5),(93,'Aut sunt nesciunt voluptatibus quia. Aut minima perferendis labore qui dolorum earum. Et voluptates ut omnis possimus. Debitis totam voluptatum blanditiis occaecati optio est explicabo.',96,25),(94,'Temporibus totam libero ea. Dolor sit pariatur dolorem sed ea. Dolorum aperiam et soluta quas explicabo consequuntur aliquid.',73,80),(95,'Rerum necessitatibus vel voluptatem. Sit consectetur voluptas sed ullam quis vero vel. Et sint facere illo voluptas est reiciendis. Nobis necessitatibus alias nisi qui sunt qui illum.',87,99),(96,'Et perferendis doloribus nemo reprehenderit facere eius. Quis perspiciatis molestiae tenetur. Et occaecati ut aut voluptates eos quia. Numquam nihil blanditiis maiores eius.',87,87),(97,'Illo ullam vel consequatur maiores corrupti sed non quae. Maxime eum et quae natus consectetur blanditiis doloribus. Id doloremque qui officiis soluta minus quaerat et numquam.',85,18),(98,'Odit molestias debitis temporibus. Dolores ut ut sapiente.',55,77),(99,'Rem dignissimos numquam earum mollitia. Molestiae vel voluptate consectetur rerum. Ut quos ut aut consequatur. Ducimus rerum quia magnam ipsa.',63,33),(100,'Et dolor et sapiente earum. Delectus quia mollitia qui. Aspernatur ipsa mollitia minima eius. Ea nostrum nobis nesciunt soluta quisquam.',19,49);
/*!40000 ALTER TABLE `posts` ENABLE KEYS */;
UNLOCK TABLES;

--
-- Table structure for table `profiles`
--

DROP TABLE IF EXISTS `profiles`;
/*!40101 SET @saved_cs_client     = @@character_set_client */;
/*!50503 SET character_set_client = utf8mb4 */;
CREATE TABLE `profiles` (
  `user_id` int NOT NULL,
  `gender` enum('m','f','x') NOT NULL,
  `birthday` date NOT NULL,
  `location` varchar(245) DEFAULT NULL,
  `created_at` datetime NOT NULL DEFAULT CURRENT_TIMESTAMP,
  PRIMARY KEY (`user_id`),
  KEY `fk_profiles_user_idx` (`user_id`)
) ENGINE=InnoDB DEFAULT CHARSET=utf8mb4 COLLATE=utf8mb4_0900_ai_ci;
/*!40101 SET character_set_client = @saved_cs_client */;

--
-- Dumping data for table `profiles`
--

LOCK TABLES `profiles` WRITE;
/*!40000 ALTER TABLE `profiles` DISABLE KEYS */;
INSERT INTO `profiles` VALUES (1,'x','1997-02-17','619 Bernier Parks Suite 722\nWest Lelia, AR 64271-1920','1990-11-23 09:24:31'),(2,'f','2013-10-07','3682 Cruickshank Summit\nBritneymouth, NH 73036','1992-04-27 00:34:42'),(3,'x','1978-09-18','3271 West Stravenue\nEast Laurelburgh, ND 12859-2173','1991-06-27 01:25:51'),(4,'f','2006-09-24','154 Sally Route Suite 117\nHeaneyfurt, TX 76225-7634','1993-03-29 15:30:50'),(5,'f','1972-12-25','73284 Durgan Cove Apt. 991\nLake Lottie, IN 01760','1992-07-17 11:13:20'),(6,'x','2016-01-17','8145 Eunice Roads\nChristinehaven, AR 17613','1978-10-03 10:06:15'),(7,'m','2011-11-22','37903 Anne Roads Suite 955\nSouth Macie, UT 21356-3862','1971-10-30 15:10:26'),(8,'f','1998-08-21','710 King Wells\nLake Eric, IA 97360-2850','2018-11-13 03:45:35'),(9,'x','2001-09-26','89903 Berneice Inlet Suite 560\nLake Cayla, VA 43897-4458','1970-08-05 18:55:13'),(10,'f','1991-05-12','86512 Russel Knoll Apt. 780\nNoefort, NV 68021','1989-07-04 19:07:58'),(11,'x','1975-10-07','30549 Kacey Divide Suite 140\nNorth Macy, MN 00441','1982-09-27 07:58:13'),(12,'m','2020-07-04','01607 Burdette Stravenue Apt. 448\nWest Mauricioburgh, OH 13696-9105','2018-02-04 11:59:12'),(13,'m','2011-12-20','2527 Alvina Ville\nChristiansenville, AL 13647','1970-02-01 21:41:10'),(14,'x','2000-04-06','485 Candelario Bridge Apt. 061\nAdolphusmouth, LA 89701','1971-11-03 01:15:47'),(15,'x','1995-03-01','78663 Thomas Hill\nEast Madge, NH 84296','1999-06-15 05:24:03'),(16,'f','2007-09-03','3035 Heller Estate\nNorth Jonas, OK 13940','1997-10-28 12:03:50'),(17,'m','2006-03-02','22156 Mittie Island Suite 604\nWest Florianstad, WA 71478-2568','1979-02-11 22:36:27'),(18,'m','1992-01-26','9491 Melyna Mountains\nHesseltown, KY 84339','2007-04-14 03:13:47'),(19,'x','1972-04-04','6502 Kulas Points\nLindville, TN 52267','2015-08-07 21:46:36'),(20,'x','1991-07-25','92845 Mitchell Corner\nSouth Jermain, RI 18274','1980-11-28 10:59:20'),(21,'x','1997-06-18','2623 Ernser Springs\nNew Fritz, ME 92307-8918','2000-12-25 18:16:42'),(22,'f','1984-08-25','03616 Moen Avenue\nEast Lacystad, CA 72652','1992-06-28 04:03:39'),(23,'m','1971-10-09','58104 Lela Fields Apt. 500\nWest Curtview, MT 21519-9888','1989-01-10 07:39:57'),(24,'x','1995-10-16','5816 Laurine Path\nJosuehaven, AZ 65912-7432','1986-07-16 02:06:19'),(25,'f','1989-05-16','5751 Schuppe Villages\nAdrainstad, NE 99551','1971-09-01 16:53:01'),(26,'x','2020-01-12','2558 Beer Street Suite 973\nShannaland, SD 30195','2008-02-18 11:44:13'),(27,'f','2018-05-17','095 Cormier Island Suite 285\nNew Ben, CA 44850-2741','1997-11-02 22:03:58'),(28,'x','1989-11-28','05967 Mosciski Corner Apt. 004\nLake Sadyeburgh, AL 05181-8492','2019-11-06 06:08:35'),(29,'f','1975-04-29','1470 Goldner Vista Suite 691\nSouth Ginomouth, VA 26330','1995-07-01 07:02:37'),(30,'x','1993-09-14','50590 Jacquelyn Manor\nGagemouth, TX 54508','1995-12-14 14:34:13'),(31,'x','1983-05-20','836 Santina Square\nSouth Alessiaville, TX 52225-1338','1991-07-23 13:37:13'),(32,'x','1981-10-24','829 Gaylord Estates Apt. 522\nHansentown, TX 61248','1977-03-08 20:43:54'),(33,'f','1984-08-06','84578 Trey Ports Suite 241\nNorth Jaylonstad, WV 99406','2014-03-05 06:50:23'),(34,'f','2008-09-06','4058 Dale Summit\nRempelberg, KS 51989-1495','2008-01-24 10:49:59'),(35,'f','1983-06-27','3444 Kira Freeway\nSwifttown, DC 59789-5830','2012-01-08 21:36:31'),(36,'f','1996-10-24','25563 Rick Greens\nMorarfurt, CT 96615','2003-09-15 15:50:27'),(37,'x','2000-09-07','96982 Marcelina Burg Apt. 150\nTheodorefurt, MA 37498-2058','2000-03-26 23:43:16'),(38,'x','1995-11-27','423 Ortiz Tunnel Suite 322\nKayaburgh, AZ 46785','1986-11-05 05:57:29'),(39,'x','1976-08-27','7462 Reed Villages\nTrudieshire, NC 91182','2018-06-27 01:08:41'),(40,'f','2018-11-06','21323 Nolan Valley Apt. 489\nEast Zola, WY 52338-7999','1984-01-24 05:16:00'),(41,'f','1990-07-07','85331 Cayla Ports Suite 971\nJennyferburgh, TN 42198-7875','1972-07-09 06:23:29'),(42,'f','2003-01-10','8870 Misael Well Apt. 540\nBergemouth, MT 61164-6984','1983-09-08 06:40:11'),(43,'m','1990-09-12','52568 Santino Wells\nLefflermouth, FL 66380','1976-02-18 18:48:48'),(44,'x','2010-04-29','260 Ezra Harbors Suite 170\nJasenborough, NY 43617','2014-12-10 17:41:46'),(45,'x','1990-12-05','23858 Chesley Terrace\nLake Tillmanfort, MS 34385-4098','2012-07-12 16:50:21'),(46,'x','1987-10-30','12472 Zackery Curve Suite 405\nWest Daisyville, ND 71197','1992-06-19 17:16:00'),(47,'f','1975-05-11','05178 Zboncak Burgs Suite 320\nClarafort, RI 45232','1999-10-01 07:31:45'),(48,'m','1981-01-05','6169 Jones Island\nNew Theodore, CO 22611','1973-03-16 14:33:35'),(49,'m','1984-07-21','24921 Kemmer Land Suite 457\nPort Melissamouth, OK 70614','2010-09-01 12:54:37'),(50,'x','2012-07-03','4900 Erich Run\nNorth Alfordview, CT 01632-1457','2014-04-14 14:25:39'),(51,'m','1998-03-01','7778 Fay Parkways Suite 518\nLake Jamelburgh, NE 80513','2015-09-30 17:08:55'),(52,'x','1978-09-26','839 Hollie Brook\nPort Chanelburgh, AZ 39818-4736','1995-06-12 10:10:06'),(53,'f','1979-01-26','908 Carleton Junction Suite 764\nJonesview, MD 80923','2001-03-26 05:16:20'),(54,'f','1970-09-19','99891 Walsh Lodge Suite 873\nLake Jerrod, MT 12074','1972-02-26 16:33:25'),(55,'x','1971-11-06','4826 Lenny Trail\nLake Cyrilstad, MN 86900-7325','2001-09-12 11:35:17'),(56,'x','2011-08-31','83112 Ronny Lakes\nGutmannview, ME 38350','1986-06-24 13:04:34'),(57,'f','1980-02-11','282 Raphael Track\nWest Lupe, VT 96920','2008-03-14 22:49:54'),(58,'m','1993-04-24','4612 Mertie Plains\nWintheiserburgh, TN 25314','1979-12-06 10:40:06'),(59,'f','1991-11-14','2011 Craig Crescent\nNew Cindy, DC 90925-5449','1974-09-06 00:47:17'),(60,'m','2001-09-22','240 Xander Brooks Apt. 027\nBarryland, MT 09670','2008-07-05 05:32:39'),(61,'x','1988-06-07','7075 Corwin Cove Apt. 721\nEast Larry, MD 01961-6094','1985-05-08 07:58:55'),(62,'m','2000-03-30','1721 Miller Parkway Suite 897\nCummingsbury, MO 20937-5166','1972-12-22 00:34:04'),(63,'x','2002-10-28','19888 Nicolette Isle\nDevanstad, DE 60035','1974-01-21 02:34:58'),(64,'x','1979-08-31','2988 Joshuah Overpass Apt. 386\nPort Maryam, SD 12999-5155','2001-01-24 12:18:17'),(65,'f','1996-11-05','720 Hermiston Prairie\nAndersonmouth, TX 87846','1980-03-11 16:00:45'),(66,'m','1987-09-09','410 Carter Spring\nMacystad, TX 20997','2020-08-28 09:18:53'),(67,'m','1971-08-14','66820 Gislason Avenue\nOberbrunnermouth, WI 38620-1209','1988-06-09 15:05:51'),(68,'m','1986-10-22','047 Gerhold Village\nNew Alaina, CT 32517','2003-01-22 17:38:16'),(69,'f','1980-03-19','722 Emmet Lane Suite 475\nRaulchester, KS 28150-8160','1985-02-04 18:21:23'),(70,'x','1984-02-04','0295 Robel Spur Suite 998\nJonesport, VT 95952-4141','1993-01-04 02:15:20'),(71,'x','1970-11-11','4672 Alta Flat Apt. 100\nNorth Cierrafort, MD 44177-4313','1985-01-15 06:59:27'),(72,'f','2002-08-23','9799 Bridgette Forge\nHansenberg, WA 27361','1997-06-20 01:40:47'),(73,'x','1997-01-20','05130 Wolf Circles Suite 894\nSouth Ralph, OK 73764','1997-12-01 17:04:20'),(74,'x','1989-04-28','357 Gleason Key\nJordaneport, OR 64002','1998-11-28 09:35:53'),(75,'x','1994-08-13','720 Satterfield Greens\nAshleighfurt, DC 93731','2019-07-10 03:00:48'),(76,'f','2007-10-25','403 Arlene Springs Suite 859\nPort Jamir, WA 81443','1991-04-09 10:59:32'),(77,'f','2006-10-13','3505 Ferry Neck\nSteuberview, CA 06673','2008-05-14 17:44:17'),(78,'f','2004-03-08','288 Feeney Summit Suite 770\nSouth Valentinborough, OR 67870-2907','1996-03-07 05:47:19'),(79,'m','2008-01-31','009 Earnestine Cliffs Suite 120\nNorth Jacynthe, MA 22682-8701','2009-06-13 17:44:16'),(80,'x','2006-04-28','13681 Wuckert Overpass\nPricechester, KS 16447-4594','2010-10-03 18:07:25'),(81,'m','1999-11-15','7415 Amaya Streets\nWest Jabariborough, ID 36486','1980-08-22 13:11:01'),(82,'x','1976-05-27','3612 Harvey Street Suite 309\nLake Makennaville, VT 57681-5687','2011-11-06 02:42:54'),(83,'x','2007-08-30','5055 Estell Glens\nNew Edmund, WY 34138-1975','2019-11-22 05:31:57'),(84,'x','1985-03-30','935 Krajcik Throughway Suite 914\nRhettshire, WA 72016-5521','2007-11-24 13:31:56'),(85,'m','1994-08-28','956 Nader Tunnel\nSouth Theresiachester, ME 32966-6829','1971-09-21 00:02:16'),(86,'f','2019-08-02','196 Sauer Mountain Suite 329\nMullerton, MS 02373','1990-10-10 06:13:46'),(87,'f','1981-06-03','742 Reilly Meadows\nMcKenziestad, NH 48978','1987-06-09 19:38:53'),(88,'f','1978-08-01','3667 Wehner Points\nNorth Jarrodville, UT 55021','1991-01-15 23:03:20'),(89,'m','1983-06-24','263 Jast Green\nLauriannemouth, MA 96822-5920','2003-12-12 15:30:28'),(90,'x','1986-03-12','63605 Kathryn Rest\nKeelingberg, DE 57531','2017-01-10 17:08:04'),(91,'m','1971-04-04','329 Willow Drive\nSouth Simeon, NC 00227-6343','2003-11-30 08:44:37'),(92,'f','2003-02-11','40933 Wallace Island\nMorissetteshire, RI 73598','1997-07-12 08:43:00'),(93,'m','1992-12-23','206 Bernhard Stream\nPansyshire, TN 34857-1949','1993-03-27 09:39:47'),(94,'f','1992-05-27','619 Douglas Ridges\nIrwinview, MO 92309-3533','1999-03-12 20:39:23'),(95,'x','1973-04-20','346 Cremin Landing Apt. 172\nLefflerton, AK 45329-6493','1971-04-02 02:00:04'),(96,'f','1989-04-08','3842 Carroll Views Suite 683\nJeraldhaven, CT 86788','2008-07-17 06:44:49'),(97,'x','1979-01-06','60470 Raphaelle Courts Suite 953\nCreminburgh, MD 74584-9606','1993-09-07 04:49:20'),(98,'f','1992-03-19','796 Ritchie Skyway Apt. 021\nKohlerstad, CO 71286-5831','1970-05-20 06:16:40'),(99,'m','2001-11-04','85404 Borer Mill Suite 822\nChandlerstad, ME 79282-4784','2020-09-20 08:22:15'),(100,'x','2004-08-19','0363 Bashirian Circle\nLake Jeffreyton, TN 97814-6542','2019-02-24 08:35:44');
/*!40000 ALTER TABLE `profiles` ENABLE KEYS */;
UNLOCK TABLES;

--
-- Table structure for table `user`
--

DROP TABLE IF EXISTS `user`;
/*!40101 SET @saved_cs_client     = @@character_set_client */;
/*!50503 SET character_set_client = utf8mb4 */;
CREATE TABLE `user` (
  `id` int NOT NULL AUTO_INCREMENT,
  `firstname` varchar(245) NOT NULL COMMENT 'имя пользоватлея',
  `lastname` varchar(245) NOT NULL COMMENT 'фамилия пользователя',
  `email` varchar(245) NOT NULL,
  `phone` bigint NOT NULL,
  `password_hash` char(64) NOT NULL,
  `is_deleted` bit(1) NOT NULL DEFAULT b'0',
  PRIMARY KEY (`id`),
  UNIQUE KEY `email_UNIQUE` (`email`),
  UNIQUE KEY `phone_UNIQUE` (`phone`),
  KEY `firstname_lastname_idx` (`lastname`,`firstname`)
) ENGINE=InnoDB AUTO_INCREMENT=101 DEFAULT CHARSET=utf8mb4 COLLATE=utf8mb4_0900_ai_ci COMMENT='пользователи';
/*!40101 SET character_set_client = @saved_cs_client */;

--
-- Dumping data for table `user`
--

LOCK TABLES `user` WRITE;
/*!40000 ALTER TABLE `user` DISABLE KEYS */;
INSERT INTO `user` VALUES (1,'Twila','Ryan','jovany79@example.com',79091738974,'a1f09ec39e591dceaade754c7721e763461308da',_binary '\0'),(2,'Ezra','Lind','hermann.deven@example.net',79742072886,'de3d4dcb36e157c966ee451b576f1d0122cda707',_binary '\0'),(3,'Katharina','Kunde','dominique59@example.net',79523729274,'080cdd508e67c13b73cb43d6c5413c9e0ab839c7',_binary '\0'),(4,'Rowena','Schoen','emoore@example.com',79831002189,'21a607fd46bda1cfde5c2459c6fb3a584dc06d57',_binary '\0'),(5,'Brice','Rohan','hleuschke@example.net',79063706711,'764442e1bd85d6cdebcedc8a1141ab14789bbbdd',_binary '\0'),(6,'Jadyn','Ebert','zkeeling@example.org',79528962150,'ae5baf827eba71d51e2c8f0d43a6481779fb0dad',_binary '\0'),(7,'Tremayne','Sporer','lucio60@example.net',79794525279,'d17fa190452813b43687bb5b1e6b5a75a6f811d5',_binary '\0'),(8,'Milford','Kunde','amely22@example.net',79281797366,'03034ccea036c707e70d1453e37887b9fa7b5e6f',_binary '\0'),(9,'Patience','Collins','ricky.marvin@example.org',79861259550,'7dbb8dae8a883b3239908591aa7423d5a4759ab2',_binary '\0'),(10,'Ryann','Ernser','jay51@example.org',79271002156,'35ca5b0fa22fe196579adc16b12a73cd0b65bc67',_binary '\0'),(11,'Imogene','Jerde','evan74@example.com',79798322459,'d2afbccdcead7aa911069e34278c455e1a965eca',_binary '\0'),(12,'Ivory','Kovacek','grant.jadon@example.com',79758865182,'c690a92d7e2168ac0e7692e9ca400e516b449613',_binary '\0'),(13,'Alexandre','Raynor','xgislason@example.com',79178282596,'a610f5df7b4683a052060a25b6385f0b6d77ab90',_binary '\0'),(14,'Dean','Toy','hudson68@example.org',79995625468,'8121cfb47c4c31e1643ef2f7bd76c1eeee2fadb6',_binary '\0'),(15,'Esteban','Ferry','ortiz.ulises@example.org',79839164790,'77838419f232e04ff20b703a3fb86720c1de46be',_binary '\0'),(16,'Breanne','Kutch','prohaska.zita@example.org',79201102388,'e75633f0e7b88f1c095b552a68bf2e65c729c50e',_binary '\0'),(17,'Georgianna','Keeling','umurphy@example.com',79667985044,'361c0e918c6b3b4ff791b8627682b1763061e9d9',_binary '\0'),(18,'Olin','Ratke','carter44@example.com',79577739514,'6ee47a27a1462e4fb72b92063eed8dbcb12092ee',_binary '\0'),(19,'Alanis','Hettinger','wkohler@example.com',79372165672,'8a88e1453b7242fd3a6e71ab8f15f9abd8f3f1fe',_binary '\0'),(20,'Quentin','Kohler','littel.heath@example.net',79233591100,'f684f8b36005ac8d6c4b674b3340fc143efc80b2',_binary '\0'),(21,'Jammie','Upton','tvon@example.com',79106857960,'6f595da275ea03253aaa785ed6654fbd0021f98d',_binary '\0'),(22,'Verda','O\'Hara','satterfield.garrick@example.net',79302472139,'dc564948b723c9e27426110b7944fa21d0299ef2',_binary '\0'),(23,'Jaren','Labadie','hmante@example.net',79125938346,'d2f99bfea2d63bd49e05324cc5717cb65c740369',_binary '\0'),(24,'Emmy','Emard','kevon.bernier@example.net',79709556709,'adc4c10b2b1bc704fdeeef7ec465ecc8612918d3',_binary '\0'),(25,'Sedrick','Kautzer','runte.marquise@example.com',79600713944,'3b6fae2340dd52f06bad17e382e8fc374310fd27',_binary '\0'),(26,'Connor','Nitzsche','shad.reinger@example.com',79212030981,'324cb9b3fd54ae96b234676f7f5192d55a9c77a0',_binary '\0'),(27,'Marjory','Mosciski','olson.mittie@example.org',79134603470,'fe1c77f6a84d1aab4f5e071f78e2cd14b9cda062',_binary '\0'),(28,'Hal','Kub','deonte.price@example.com',79345411306,'3a64e0861c6cca1bf81e1100a6180cfd90ab9ea1',_binary '\0'),(29,'Junior','Torp','russel.alanis@example.org',79823186189,'b4302eefed975b1ad1aa7cee5ccf4ef3abfa543f',_binary '\0'),(30,'Carroll','McLaughlin','karelle23@example.net',79014526366,'39f9f74d01b3d96584e44c3ff2ea29e9001b5493',_binary '\0'),(31,'Barbara','Powlowski','umarvin@example.net',79529723226,'f4ee76b50c1cb76afe6501460be2d20989e93d84',_binary '\0'),(32,'Ludie','Tremblay','carlotta74@example.com',79711955173,'c97dabc4247ae4b6e2c0f52a99e79d3c4f418b57',_binary '\0'),(33,'Jamey','Homenick','norval.rosenbaum@example.net',79190792320,'dccc61344a7f9698b31bffa8c11d5e7df391056a',_binary '\0'),(34,'Freida','Friesen','maurice99@example.org',79697017113,'007012389bdd17298d4044501dbd4ba341e8ff96',_binary '\0'),(35,'Miguel','Erdman','rolfson.delmer@example.net',79413001997,'ece73ab12d7d9d60a60f7b87a63d307f30dd8da3',_binary '\0'),(36,'Brendon','Lemke','orval98@example.org',79160159441,'cb10bae5ad7578e83256507189a0276f68ca7231',_binary '\0'),(37,'Delaney','Murazik','qwiegand@example.net',79782327400,'e3aa4c975f0e0b7d24bdd6a51204c4a2fb83f134',_binary '\0'),(38,'Lydia','Pfannerstill','anabel50@example.com',79200966294,'e21822a0319dac7834493be54489ff9ec39f7b42',_binary '\0'),(39,'Rachael','Murray','gnolan@example.net',79769454691,'d7f50165f5bbec24ded56ec9fb4b4edeb6cd692a',_binary '\0'),(40,'Roselyn','Collier','schimmel.kariane@example.org',79293901840,'a3901292e7be2b5f8d0fad20dd360aa0280ca232',_binary '\0'),(41,'Ethelyn','Schultz','ghintz@example.net',79741896667,'9f4373f3cbc731e2e6c0c27cb9f2de67cb87bd0a',_binary '\0'),(42,'Vicenta','Glover','lockman.caitlyn@example.net',79619841750,'6915c7a681b2840c7e6abbda169cc0d853eda500',_binary '\0'),(43,'Felicia','Nienow','gabriel78@example.org',79701065572,'bfd8b1efa499f89620e87e138131b6f6249bf42a',_binary '\0'),(44,'Delaney','Hammes','asia.mckenzie@example.net',79109471983,'913b46f3cd400eddf33b24a5cd5702d112d4dc29',_binary '\0'),(45,'Murray','Hills','adelle.west@example.org',79976178474,'ddc097d9cab2b35cc5fab83132b2b102caaf93e7',_binary '\0'),(46,'Bo','Kozey','deshaun91@example.org',79801505196,'ad62fe6ba365b2701f6f594eda106f27693cb0db',_binary '\0'),(47,'Brock','Hoeger','kberge@example.com',79055335175,'08b2969d3de7b9115382ca4c722aaa00e3304352',_binary '\0'),(48,'Jaylan','Blanda','mitchell.laury@example.org',79479319687,'917a0ab96d6c8a73013669d814957885d3828f7b',_binary '\0'),(49,'Eva','Muller','wzulauf@example.com',79453742557,'e327f66b76849b60fdd46cbed2c461c575bfa3dc',_binary '\0'),(50,'Mariano','Spinka','chandler.breitenberg@example.net',79156665817,'af25fdefa9eaa71067fd1a5fba4b9b0eabfef095',_binary '\0'),(51,'Isidro','Leffler','vmcdermott@example.com',79458876261,'2477a827e8a69da861c45400691ddc1c06ec0460',_binary '\0'),(52,'Abel','Ratke','junius.stoltenberg@example.org',79986931547,'79d04132f2cefa794ca1fd03dcaa472eeb421b2e',_binary '\0'),(53,'Ethel','Schulist','welch.alexandrine@example.net',79198617732,'fe9d4b2aea318df0761ee1273b6f577dbef3d546',_binary '\0'),(54,'Princess','Sawayn','araceli.mitchell@example.net',79027588111,'ef477bc67fdabbe319670987e50e4aeada8705b8',_binary '\0'),(55,'Kelvin','Mayert','christopher.walker@example.com',79116091489,'01f8f1f8da2c5a415f5bb76def9938dfe37c6706',_binary '\0'),(56,'Gerard','Christiansen','lavon18@example.com',79702014596,'4e372b1909e910de3cc299ac35c5897d8202ef23',_binary '\0'),(57,'Brycen','O\'Hara','lester.satterfield@example.net',79174188288,'590ff84e1ea3261704d8a4ee5d9a67e2982466ab',_binary '\0'),(58,'Johann','Glover','dietrich.yoshiko@example.org',79131549198,'04817e801c2b251825e6175feeae4cb9f93eed62',_binary '\0'),(59,'Maya','Swaniawski','eldora.mante@example.net',79310169652,'259f3a9c7651b793df7b23159791312b64f8aca6',_binary '\0'),(60,'Pierce','Champlin','gideon.deckow@example.org',79488525101,'fe32d11ef676663623289e4080ca265bb8a905ac',_binary '\0'),(61,'Bria','Sanford','hackett.jadyn@example.com',79087759172,'2e29c5372cd245bd80e04fd7940ab5f93100e4a4',_binary '\0'),(62,'Jace','Jast','adan13@example.org',79833995620,'01d8dceac63085dcc516e7afaf0c6da4d6685b10',_binary '\0'),(63,'Jordi','Dooley','troy.jones@example.net',79915109414,'122c5f9c2ebe74d9a72de942d0cd0b90966a54ad',_binary '\0'),(64,'Lela','Schroeder','annabelle.o\'conner@example.com',79123073601,'4c8a794660c092e8f50aebb123de168cce8a0f5d',_binary '\0'),(65,'Della','Mosciski','marlene.wilkinson@example.net',79430266010,'7649abb9c043c937b0c63fa77391ea2cf9902c63',_binary '\0'),(66,'Viva','McCullough','otha.reichert@example.com',79305562322,'ab7fd410da4f9c891f3eb4dc682995f67f605554',_binary '\0'),(67,'Ivy','Nader','devante81@example.com',79326238106,'8003e28b23d468969799b8ee49c1a39cd3304f84',_binary '\0'),(68,'Dena','Lockman','alize.anderson@example.org',79755040334,'d91d83d402d9d09291864e0ed16990866a23eb33',_binary '\0'),(69,'Donny','Sauer','dixie.powlowski@example.net',79740794432,'87b79759d55c135f54ab7f30cc155f16614ae4d9',_binary '\0'),(70,'Norwood','Ankunding','zella52@example.com',79028926653,'cc5143e142900da5e1de735ae94e516edc5eefef',_binary '\0'),(71,'Jewel','Glover','jeanette52@example.org',79445547869,'75f994df04458a362466404fb2acf07060683f2b',_binary '\0'),(72,'Ludie','VonRueden','erogahn@example.net',79522341910,'df4e9af52f7256f3a2d218751ed8f551f28a869b',_binary '\0'),(73,'Soledad','Balistreri','luettgen.helmer@example.net',79259665595,'a917e4eb43ded650266dc02cb05d3067e87a8f1e',_binary '\0'),(74,'Landen','Okuneva','glennie82@example.org',79351279051,'70a35e97c6b84353ffd678a1262bdb4977c003da',_binary '\0'),(75,'Tom','Crona','pgleason@example.com',79375891372,'bce10f645a5319b3ee11a7cb97080be3c53579b8',_binary '\0'),(76,'Ernestine','Christiansen','alda51@example.com',79828518604,'21126ef182fe27c92421390ae18090d08ee1b2c4',_binary '\0'),(77,'Thalia','Weber','dannie.schroeder@example.com',79102206492,'e8544b63beb651ec70aaa9b582709f9274bc6f98',_binary '\0'),(78,'Jewell','Brown','melyna46@example.org',79169795514,'49a96d17e3274888e2b61147db86d0fe22ffe35d',_binary '\0'),(79,'Zoey','Schiller','asha55@example.net',79749400961,'0363bf103373d590cce78b7140cd4ab5cbb1f8ff',_binary '\0'),(80,'Julio','Reichel','liana69@example.org',79180510513,'962abc84082637f07b36671029675438482c7c71',_binary '\0'),(81,'Pearline','Douglas','mraz.gina@example.org',79497711547,'f2c8fc1c66484ddaeb6e8e6a68ba90791126e136',_binary '\0'),(82,'Alberto','Gislason','stokes.ray@example.net',79877185296,'19555bc9b41adbd6fc976c779fd2844821e2eda0',_binary '\0'),(83,'Adaline','Armstrong','hulda.heidenreich@example.net',79699383262,'e0749a817c782e4a77898b13498e112253aaeaff',_binary '\0'),(84,'Trisha','Krajcik','gibson.evangeline@example.org',79947841060,'3b1c84516c6804b675b4ad15e8b75565f6f1350a',_binary '\0'),(85,'Taryn','Tillman','hollie60@example.com',79251376366,'54604c99a282bd89a561b1ca6a8f619d6983d987',_binary '\0'),(86,'Branson','Beahan','candida.medhurst@example.org',79873505688,'0daa235adf7351e40bc46e3175d5335c72688de5',_binary '\0'),(87,'Gideon','Denesik','lydia.goyette@example.net',79426853856,'97cef01f9a9bd4223b60c1070d0a7ff4230f08dc',_binary '\0'),(88,'Margot','Walsh','bfeil@example.net',79443908424,'70c5efaab05487c5538e05719b675fcfb3a05e55',_binary '\0'),(89,'Earline','Hyatt','hoyt21@example.com',79800699198,'c3899a019a3a7af69d3f2157ca1fa187ade26f20',_binary '\0'),(90,'Ashleigh','Murphy','wkassulke@example.org',79890182308,'ac5dfa291048d160854b2f6538c34e6e89d513ce',_binary '\0'),(91,'Jena','Swift','zreilly@example.org',79952546559,'344c12b562b18e750b1bd788b9acf0c09ada4679',_binary '\0'),(92,'Matilda','Morar','hackett.braden@example.org',79061768172,'39793bc81ab5c1bf346586f92a41f49aebace7b2',_binary '\0'),(93,'Richie','Dach','ebert.karson@example.net',79828664673,'7b46bbcdbfd0330e7a4eab3cd70b58ad48bc54aa',_binary '\0'),(94,'Cortney','Brown','floyd.rice@example.net',79694200964,'8a076fa4e6c4a05f7f35e88b13f1d33440918e02',_binary '\0'),(95,'Delia','Mayert','tquitzon@example.org',79221240621,'ca1a46f2847d6e650a2090d045f74c5eec59e0d3',_binary '\0'),(96,'Marge','Thompson','maida68@example.org',79530060876,'7a695f6eb8b8aaba858fb4de513dfcbaccfff72f',_binary '\0'),(97,'Minerva','Champlin','twest@example.net',79726908373,'f119cc6db526796e6a6dafb5bcf232666b68b440',_binary '\0'),(98,'Florence','Gislason','asenger@example.org',79551137586,'498f1e77a18884fc9ca55badb6307e41c9c7b87f',_binary '\0'),(99,'Veronica','Ziemann','johanna.flatley@example.com',79064584968,'a2eecbf233aaae01e0716f73b1abfd0c2af8bac8',_binary '\0'),(100,'Jacky','Jacobs','tiara.fay@example.com',79918861847,'b5ae90e94b77c90eb969666b404f92353a8ca485',_binary '\0');
/*!40000 ALTER TABLE `user` ENABLE KEYS */;
UNLOCK TABLES;

--
-- Table structure for table `users_communities`
--

DROP TABLE IF EXISTS `users_communities`;
/*!40101 SET @saved_cs_client     = @@character_set_client */;
/*!50503 SET character_set_client = utf8mb4 */;
CREATE TABLE `users_communities` (
  `community_id` int NOT NULL,
  `user_id` int NOT NULL,
  PRIMARY KEY (`community_id`,`user_id`),
  KEY `fk_users_communities_users1_idx` (`user_id`),
  KEY `fk_users_communities_communities1_idx` (`community_id`)
) ENGINE=InnoDB DEFAULT CHARSET=utf8mb4 COLLATE=utf8mb4_0900_ai_ci;
/*!40101 SET character_set_client = @saved_cs_client */;

--
-- Dumping data for table `users_communities`
--

LOCK TABLES `users_communities` WRITE;
/*!40000 ALTER TABLE `users_communities` DISABLE KEYS */;
INSERT INTO `users_communities` VALUES (1,1),(7,2),(5,3),(6,5),(2,6),(3,7),(4,7),(9,7),(7,11),(7,12),(1,13),(9,13),(10,13),(3,16),(4,16),(10,17),(9,18),(10,18),(4,19),(9,20),(1,21),(1,22),(7,25),(3,26),(6,28),(7,28),(5,29),(3,32),(2,37),(1,38),(2,39),(1,40),(3,40),(7,41),(5,42),(2,43),(5,44),(8,47),(6,48),(9,48),(6,49),(8,51),(7,54),(3,55),(8,55),(9,55),(6,56),(3,58),(9,59),(1,60),(7,60),(9,61),(10,61),(1,62),(9,62),(4,63),(5,64),(6,66),(10,66),(7,67),(8,67),(8,71),(4,72),(10,72),(1,74),(10,75),(8,76),(10,77),(4,78),(9,78),(4,80),(6,81),(9,81),(10,81),(9,82),(1,86),(1,87),(2,87),(5,87),(10,87),(3,88),(4,88),(9,88),(3,93),(3,94),(7,95),(3,96),(1,97),(4,97),(4,98),(4,99),(4,100),(7,100);
/*!40000 ALTER TABLE `users_communities` ENABLE KEYS */;
UNLOCK TABLES;
/*!40103 SET TIME_ZONE=@OLD_TIME_ZONE */;

/*!40101 SET SQL_MODE=@OLD_SQL_MODE */;
/*!40014 SET FOREIGN_KEY_CHECKS=@OLD_FOREIGN_KEY_CHECKS */;
/*!40014 SET UNIQUE_CHECKS=@OLD_UNIQUE_CHECKS */;
/*!40101 SET CHARACTER_SET_CLIENT=@OLD_CHARACTER_SET_CLIENT */;
/*!40101 SET CHARACTER_SET_RESULTS=@OLD_CHARACTER_SET_RESULTS */;
/*!40101 SET COLLATION_CONNECTION=@OLD_COLLATION_CONNECTION */;
/*!40111 SET SQL_NOTES=@OLD_SQL_NOTES */;

-- Dump completed on 2020-10-05 14:33:15
