INSERT INTO `users` (`id`, `firstname`, `lastname`, `email`, `phone`, `password_hash`, `is_deleted`) VALUES (1, 'Eliezer', 'Gottlieb', 'ratke.loren@example.org', '79772959973', '4465db6c7d47ba3f8e121332863565de8fdc31d8', 0);
INSERT INTO `users` (`id`, `firstname`, `lastname`, `email`, `phone`, `password_hash`, `is_deleted`) VALUES (2, 'Tomasa', 'Wiegand', 'edgar.hirthe@example.com', '79471515664', '1a249059d58a1146af7a05cf24b9bfa2a175f433', 0);
INSERT INTO `users` (`id`, `firstname`, `lastname`, `email`, `phone`, `password_hash`, `is_deleted`) VALUES (3, 'Lew', 'Strosin', 'ghartmann@example.net', '79602467806', '9f1079dca4ad5064aaf2e3bb81d185792ba336df', 0);
INSERT INTO `users` (`id`, `firstname`, `lastname`, `email`, `phone`, `password_hash`, `is_deleted`) VALUES (4, 'Taryn', 'Hand', 'dgislason@example.org', '79438551064', 'f053e2a88add1ce5e940cec07515a2fae8218fe2', 0);
INSERT INTO `users` (`id`, `firstname`, `lastname`, `email`, `phone`, `password_hash`, `is_deleted`) VALUES (5, 'Laurie', 'Schamberger', 'hills.madelynn@example.net', '79551495362', 'e62b5cd95c496737bcc106c3c6529c734634b68f', 0);
INSERT INTO `users` (`id`, `firstname`, `lastname`, `email`, `phone`, `password_hash`, `is_deleted`) VALUES (6, 'Christ', 'Hagenes', 'nader.gerson@example.net', '79807265340', 'e50dd1cd53522a89a931fd5c649a92e94330f2fb', 0);
INSERT INTO `users` (`id`, `firstname`, `lastname`, `email`, `phone`, `password_hash`, `is_deleted`) VALUES (7, 'Patrick', 'Hamill', 'merritt.white@example.com', '79344228245', '503136d0e01c12b3ba69addb84983dc63c483b6f', 0);
INSERT INTO `users` (`id`, `firstname`, `lastname`, `email`, `phone`, `password_hash`, `is_deleted`) VALUES (8, 'Araceli', 'Goldner', 'zulauf.heidi@example.com', '79320424262', 'da6be9e1d638f1d9579076b49f2dd7e7797f8e05', 0);
INSERT INTO `users` (`id`, `firstname`, `lastname`, `email`, `phone`, `password_hash`, `is_deleted`) VALUES (9, 'Jaylin', 'Hilll', 'keegan23@example.com', '79056169701', 'b693eac23518fbe7c5e5cb63cddebdc91a2f77de', 0);
INSERT INTO `users` (`id`, `firstname`, `lastname`, `email`, `phone`, `password_hash`, `is_deleted`) VALUES (10, 'Gerald', 'Stamm', 'o\'kon.brandy@example.net', '79695240294', '95061aa0a95efbdb5c66d23dd52be8e776f59048', 0);
INSERT INTO `users` (`id`, `firstname`, `lastname`, `email`, `phone`, `password_hash`, `is_deleted`) VALUES (11, 'Pasquale', 'Marquardt', 'jairo00@example.com', '79792030177', '22c0c894419884a45afe4595bfbf852f6fdf2fa6', 0);
INSERT INTO `users` (`id`, `firstname`, `lastname`, `email`, `phone`, `password_hash`, `is_deleted`) VALUES (12, 'Pink', 'Windler', 'salvatore.bode@example.com', '79803761748', '74d8a8c7f0b578704baf7006763cb3bb4e4b9f64', 0);
INSERT INTO `users` (`id`, `firstname`, `lastname`, `email`, `phone`, `password_hash`, `is_deleted`) VALUES (13, 'Zetta', 'Marks', 'stefan.kshlerin@example.com', '79881252900', 'ce5c40dd55e8311453f246ebd2f1a55e592a6c5d', 0);
INSERT INTO `users` (`id`, `firstname`, `lastname`, `email`, `phone`, `password_hash`, `is_deleted`) VALUES (14, 'Flossie', 'Ebert', 'legros.holden@example.net', '79282850832', '4e36f911e969d280748fc022b7f292c5edf79c45', 0);
INSERT INTO `users` (`id`, `firstname`, `lastname`, `email`, `phone`, `password_hash`, `is_deleted`) VALUES (15, 'Everett', 'Hickle', 'qthiel@example.net', '79538575336', 'fbf10e4aa4402ade11ba2c0d9bbf004c559c968e', 0);
INSERT INTO `users` (`id`, `firstname`, `lastname`, `email`, `phone`, `password_hash`, `is_deleted`) VALUES (16, 'Monserrate', 'Schneider', 'xswift@example.net', '79254366265', '57949641ac6099fcad654a775b79254f6cc169a5', 0);
INSERT INTO `users` (`id`, `firstname`, `lastname`, `email`, `phone`, `password_hash`, `is_deleted`) VALUES (17, 'Marshall', 'Schmidt', 'reichel.glen@example.org', '79990099477', 'cf976934ca682cd823bb8d699ef5b397fd2ec05c', 0);
INSERT INTO `users` (`id`, `firstname`, `lastname`, `email`, `phone`, `password_hash`, `is_deleted`) VALUES (18, 'Jeff', 'Hills', 'prunte@example.org', '79145407406', '04a2f1e150d08ea384b15ee3a33c6b891d126c8e', 0);
INSERT INTO `users` (`id`, `firstname`, `lastname`, `email`, `phone`, `password_hash`, `is_deleted`) VALUES (19, 'Juliet', 'Beatty', 'jace.ritchie@example.com', '79511740297', 'ad8506cea616d28312470082ee874c495f8c1a95', 0);
INSERT INTO `users` (`id`, `firstname`, `lastname`, `email`, `phone`, `password_hash`, `is_deleted`) VALUES (20, 'Willis', 'O\'Kon', 'percival.towne@example.net', '79341579265', '209b5747e0ae12bc798bf1f49e715c9abd4c16f7', 0);
INSERT INTO `users` (`id`, `firstname`, `lastname`, `email`, `phone`, `password_hash`, `is_deleted`) VALUES (21, 'Kendrick', 'Yundt', 'minnie.corwin@example.org', '79267085118', '987fd2cc5b65f7cd62ce2e8d1aad6ffadf8703c3', 0);
INSERT INTO `users` (`id`, `firstname`, `lastname`, `email`, `phone`, `password_hash`, `is_deleted`) VALUES (22, 'Jimmie', 'Howell', 'marty70@example.net', '79667378837', 'd6ea26c118aa1afc39dc5550ac569376d992c210', 0);
INSERT INTO `users` (`id`, `firstname`, `lastname`, `email`, `phone`, `password_hash`, `is_deleted`) VALUES (23, 'Bryce', 'O\'Hara', 'ckohler@example.org', '79147567833', '983c45fc643cb989d37d5d83b4f0d8467b6c8447', 0);
INSERT INTO `users` (`id`, `firstname`, `lastname`, `email`, `phone`, `password_hash`, `is_deleted`) VALUES (24, 'Dayana', 'Block', 'windler.dixie@example.org', '79441551280', '135622b9ab22f6464e6b346bbf4edfd7f2b5b205', 0);
INSERT INTO `users` (`id`, `firstname`, `lastname`, `email`, `phone`, `password_hash`, `is_deleted`) VALUES (25, 'Joana', 'Ferry', 'deanna.watsica@example.com', '79665241770', '4da70550d8b38b63997856d77b16e9f1abd167cc', 0);
INSERT INTO `users` (`id`, `firstname`, `lastname`, `email`, `phone`, `password_hash`, `is_deleted`) VALUES (26, 'Ernesto', 'Shanahan', 'kenneth.hayes@example.org', '79806561168', 'fd46808c6250c2bd055e63df4211410afadc6a62', 0);
INSERT INTO `users` (`id`, `firstname`, `lastname`, `email`, `phone`, `password_hash`, `is_deleted`) VALUES (27, 'Kenna', 'Pfannerstill', 'bpredovic@example.net', '79638288684', '543cba20bd15fd42785c012363df3973d5b9e06a', 0);
INSERT INTO `users` (`id`, `firstname`, `lastname`, `email`, `phone`, `password_hash`, `is_deleted`) VALUES (28, 'Eloisa', 'Prohaska', 'hettinger.leatha@example.net', '79865868750', '653d8ff629f16f9c7fedab349795f3ee379e8566', 0);
INSERT INTO `users` (`id`, `firstname`, `lastname`, `email`, `phone`, `password_hash`, `is_deleted`) VALUES (29, 'Gayle', 'Beahan', 'jo.murray@example.org', '79612913273', 'f7075184fd9c34c962a33c599f01eb19e6a84e4a', 0);
INSERT INTO `users` (`id`, `firstname`, `lastname`, `email`, `phone`, `password_hash`, `is_deleted`) VALUES (30, 'Theron', 'Shanahan', 'percival.schimmel@example.com', '79894851517', '284f98ede1946ffa78421c79250a53e46f748f60', 0);
INSERT INTO `users` (`id`, `firstname`, `lastname`, `email`, `phone`, `password_hash`, `is_deleted`) VALUES (31, 'Larue', 'Howell', 'odie.kshlerin@example.com', '79140061815', 'e2536271a017c1a395bf4b235c7c450e11b4f8ab', 0);
INSERT INTO `users` (`id`, `firstname`, `lastname`, `email`, `phone`, `password_hash`, `is_deleted`) VALUES (32, 'Ramon', 'Wolf', 'wade48@example.com', '79777451539', '84250f081a7271fefbda7df5a877343bfef0bde7', 0);
INSERT INTO `users` (`id`, `firstname`, `lastname`, `email`, `phone`, `password_hash`, `is_deleted`) VALUES (33, 'Santa', 'Schmidt', 'caroline.hagenes@example.com', '79474244178', '13cc737939487e3251e87ad2c3d93b1a845e9b58', 0);
INSERT INTO `users` (`id`, `firstname`, `lastname`, `email`, `phone`, `password_hash`, `is_deleted`) VALUES (34, 'Eleazar', 'Leuschke', 'kherzog@example.com', '79865200510', '9bfe78e45ef14dfdead2d904aecd424cb45e63f6', 0);
INSERT INTO `users` (`id`, `firstname`, `lastname`, `email`, `phone`, `password_hash`, `is_deleted`) VALUES (35, 'Santino', 'Monahan', 'maddison.keeling@example.net', '79552440358', '689aff1b5155787d43c0fcf5bfb7b59203e1d185', 0);
INSERT INTO `users` (`id`, `firstname`, `lastname`, `email`, `phone`, `password_hash`, `is_deleted`) VALUES (36, 'Abagail', 'Reinger', 'lavinia72@example.com', '79207642148', 'd06343a5f921bf87a1d014dd8f2d1aa3096b3fe1', 0);
INSERT INTO `users` (`id`, `firstname`, `lastname`, `email`, `phone`, `password_hash`, `is_deleted`) VALUES (37, 'Lonie', 'VonRueden', 'sstark@example.org', '79261875273', 'ec1e4cb0c774e2c58e5f98a598b733ace2a0b052', 0);
INSERT INTO `users` (`id`, `firstname`, `lastname`, `email`, `phone`, `password_hash`, `is_deleted`) VALUES (38, 'Jerrell', 'Sipes', 'macejkovic.ryan@example.com', '79598313711', '8b4c27c86f0f33346367fda49f0503b289b5e5d4', 0);
INSERT INTO `users` (`id`, `firstname`, `lastname`, `email`, `phone`, `password_hash`, `is_deleted`) VALUES (39, 'Catherine', 'Osinski', 'samara15@example.com', '79967284697', '92dcd37bc65b51914698a2a7415f960d58ad0bfa', 0);
INSERT INTO `users` (`id`, `firstname`, `lastname`, `email`, `phone`, `password_hash`, `is_deleted`) VALUES (40, 'Germaine', 'Reilly', 'mertie85@example.com', '79155831569', 'c6acd48320781587f704b2a5d95f4dde12435386', 0);
INSERT INTO `users` (`id`, `firstname`, `lastname`, `email`, `phone`, `password_hash`, `is_deleted`) VALUES (41, 'Kaylin', 'Ruecker', 'reanna63@example.org', '79695280836', '87fd755d0e0781610be52f0316c049844e3e42d8', 0);
INSERT INTO `users` (`id`, `firstname`, `lastname`, `email`, `phone`, `password_hash`, `is_deleted`) VALUES (42, 'Maxie', 'Deckow', 'xhills@example.net', '79742171558', '5814938bbbba5ce03cd682633a85c70322119eed', 0);
INSERT INTO `users` (`id`, `firstname`, `lastname`, `email`, `phone`, `password_hash`, `is_deleted`) VALUES (43, 'Dana', 'Blanda', 'laurine.jacobson@example.net', '79273258917', 'e2ae5b519fe8cfe16c60d9640dbcc755b99a6894', 0);
INSERT INTO `users` (`id`, `firstname`, `lastname`, `email`, `phone`, `password_hash`, `is_deleted`) VALUES (44, 'Daphnee', 'Gutkowski', 'chaya25@example.com', '79363855459', 'b0acf9a6c41accc621a835aebf3b922ff126e4de', 0);
INSERT INTO `users` (`id`, `firstname`, `lastname`, `email`, `phone`, `password_hash`, `is_deleted`) VALUES (45, 'Jovanny', 'Fahey', 'samanta78@example.net', '79173463172', '78007608ad4810944db74e1ee4a5b36e738521bd', 0);
INSERT INTO `users` (`id`, `firstname`, `lastname`, `email`, `phone`, `password_hash`, `is_deleted`) VALUES (46, 'Amina', 'Dicki', 'eleonore.kub@example.com', '79277511603', '435b55541b6053dac0795b612f25dd5f319cf3a6', 0);
INSERT INTO `users` (`id`, `firstname`, `lastname`, `email`, `phone`, `password_hash`, `is_deleted`) VALUES (47, 'Emmett', 'Hintz', 'rohan.myles@example.org', '79559046096', 'ed1757f3f4fbf808479d66137288b8268122b17b', 0);
INSERT INTO `users` (`id`, `firstname`, `lastname`, `email`, `phone`, `password_hash`, `is_deleted`) VALUES (48, 'Brittany', 'Waters', 'goldner.bernardo@example.org', '79610081526', '497b4ab94e16dd2abe6715c401e6d798f3ee9696', 0);
INSERT INTO `users` (`id`, `firstname`, `lastname`, `email`, `phone`, `password_hash`, `is_deleted`) VALUES (49, 'Porter', 'Hane', 'lucie.bednar@example.net', '79261649893', 'ab8c7a2fbc43b4681e0033390ec6ceb0cfa8e6c5', 0);
INSERT INTO `users` (`id`, `firstname`, `lastname`, `email`, `phone`, `password_hash`, `is_deleted`) VALUES (50, 'Marian', 'Cormier', 'miracle.hickle@example.com', '79548173519', 'd1cfe937e2a1b1a80546c42daff89a12eccf930a', 0);
INSERT INTO `users` (`id`, `firstname`, `lastname`, `email`, `phone`, `password_hash`, `is_deleted`) VALUES (51, 'Clark', 'Blanda', 'blick.henry@example.com', '79470244722', '3130d6db9fa8e50ce9add8a4263cd8e879c80baf', 0);
INSERT INTO `users` (`id`, `firstname`, `lastname`, `email`, `phone`, `password_hash`, `is_deleted`) VALUES (52, 'Josefina', 'Zieme', 'virgie.dicki@example.net', '79041534173', '42971536f449d20def395d6d3a2f20b6ab9ba882', 0);
INSERT INTO `users` (`id`, `firstname`, `lastname`, `email`, `phone`, `password_hash`, `is_deleted`) VALUES (53, 'Leila', 'Kemmer', 'irma71@example.com', '79028363972', '80c3ffcc97751b2b5b0993a8514da3e5475507ab', 0);
INSERT INTO `users` (`id`, `firstname`, `lastname`, `email`, `phone`, `password_hash`, `is_deleted`) VALUES (54, 'Era', 'O\'Keefe', 'michale49@example.org', '79994758179', 'b19178562f128185dafbc1dfa647584117ceb369', 0);
INSERT INTO `users` (`id`, `firstname`, `lastname`, `email`, `phone`, `password_hash`, `is_deleted`) VALUES (55, 'Vena', 'Feeney', 'bwalsh@example.org', '79255012538', 'a00afd8471bf24c51401cf6eec002da3791f72eb', 0);
INSERT INTO `users` (`id`, `firstname`, `lastname`, `email`, `phone`, `password_hash`, `is_deleted`) VALUES (56, 'Jorge', 'Sporer', 'ucremin@example.net', '79399686879', 'c0f3b021d4e4bfe21d08385736a9c9eeae11d011', 0);
INSERT INTO `users` (`id`, `firstname`, `lastname`, `email`, `phone`, `password_hash`, `is_deleted`) VALUES (57, 'Josianne', 'Reynolds', 'larry.nienow@example.net', '79604936857', '18b42b3321ef0c2cd36620ac9ff62e882a6149ea', 0);
INSERT INTO `users` (`id`, `firstname`, `lastname`, `email`, `phone`, `password_hash`, `is_deleted`) VALUES (58, 'Scottie', 'Predovic', 'kcruickshank@example.org', '79004707624', '8fc8f3228e9ddef108421c6542062fc21633ec49', 0);
INSERT INTO `users` (`id`, `firstname`, `lastname`, `email`, `phone`, `password_hash`, `is_deleted`) VALUES (59, 'Briana', 'Grimes', 'jazmyne.huel@example.net', '79375925616', 'a06dfbed67c9c3e267afc6ce499866421792a70a', 0);
INSERT INTO `users` (`id`, `firstname`, `lastname`, `email`, `phone`, `password_hash`, `is_deleted`) VALUES (60, 'Alice', 'Reichert', 'kuhlman.keegan@example.net', '79002529426', '5d3be14851dc33bd211c50500770bfdbcbf1f9c0', 0);
INSERT INTO `users` (`id`, `firstname`, `lastname`, `email`, `phone`, `password_hash`, `is_deleted`) VALUES (61, 'Nathanial', 'Hamill', 'joan71@example.org', '79614430407', 'e137828c02abfdc6a8a49205392e572a1eeea655', 0);
INSERT INTO `users` (`id`, `firstname`, `lastname`, `email`, `phone`, `password_hash`, `is_deleted`) VALUES (62, 'Kathlyn', 'Nicolas', 'jmorissette@example.org', '79590939130', 'c9e4687c0adecb8967ce29dc3bcdc4c647ec7113', 0);
INSERT INTO `users` (`id`, `firstname`, `lastname`, `email`, `phone`, `password_hash`, `is_deleted`) VALUES (63, 'Dariana', 'Yost', 'jaycee.stark@example.net', '79300448625', '5c4da624d65e2ddad569f5f02dc68130b83847bc', 0);
INSERT INTO `users` (`id`, `firstname`, `lastname`, `email`, `phone`, `password_hash`, `is_deleted`) VALUES (64, 'Verlie', 'Raynor', 'reichel.yasmeen@example.org', '79995122270', '047667ca21892f937d1869adfeaba3e85c219058', 0);
INSERT INTO `users` (`id`, `firstname`, `lastname`, `email`, `phone`, `password_hash`, `is_deleted`) VALUES (65, 'Troy', 'Batz', 'rframi@example.com', '79028906207', 'a25048cdfddca85404651fef147d24fbd9bd9c04', 0);
INSERT INTO `users` (`id`, `firstname`, `lastname`, `email`, `phone`, `password_hash`, `is_deleted`) VALUES (66, 'Arielle', 'Kub', 'deonte19@example.net', '79793544787', '44882eab1c5c3c3915a11d784ac578ae289611b7', 0);
INSERT INTO `users` (`id`, `firstname`, `lastname`, `email`, `phone`, `password_hash`, `is_deleted`) VALUES (67, 'Athena', 'Baumbach', 'parker.schuster@example.org', '79534052431', 'a1a76dc76d84159bae3c89b9984196faf0945629', 0);
INSERT INTO `users` (`id`, `firstname`, `lastname`, `email`, `phone`, `password_hash`, `is_deleted`) VALUES (68, 'Lawson', 'Will', 'breitenberg.jon@example.com', '79824063452', '977662a0beb714b844a1deea6dbd52cefeed4669', 0);
INSERT INTO `users` (`id`, `firstname`, `lastname`, `email`, `phone`, `password_hash`, `is_deleted`) VALUES (69, 'Dereck', 'Medhurst', 'mnolan@example.com', '79708761290', 'c76a64ce9b8b1861dff1b8ae8f67391b6878a837', 0);
INSERT INTO `users` (`id`, `firstname`, `lastname`, `email`, `phone`, `password_hash`, `is_deleted`) VALUES (70, 'Erin', 'O\'Hara', 'rbradtke@example.net', '79044786033', 'fa96882684dc66897bae339647762322406a8c77', 0);
INSERT INTO `users` (`id`, `firstname`, `lastname`, `email`, `phone`, `password_hash`, `is_deleted`) VALUES (71, 'Milton', 'Towne', 'hcummings@example.com', '79825683284', '8b170d0449e7610e37335f294155f68b930ca417', 0);
INSERT INTO `users` (`id`, `firstname`, `lastname`, `email`, `phone`, `password_hash`, `is_deleted`) VALUES (72, 'Kaci', 'Rau', 'bessie.quitzon@example.net', '79518250394', '0ab89cec52a686a04ab734a963933efa7c2bad0c', 0);
INSERT INTO `users` (`id`, `firstname`, `lastname`, `email`, `phone`, `password_hash`, `is_deleted`) VALUES (73, 'Darian', 'Beatty', 'eichmann.amelia@example.org', '79547014738', '73283b524828b885d6ba14654f97ac276d3fc381', 0);
INSERT INTO `users` (`id`, `firstname`, `lastname`, `email`, `phone`, `password_hash`, `is_deleted`) VALUES (74, 'Elnora', 'Dibbert', 'elliott35@example.org', '79266328752', '7dda0031ff6413c2a043de732a3ca8ff24586ec8', 0);
INSERT INTO `users` (`id`, `firstname`, `lastname`, `email`, `phone`, `password_hash`, `is_deleted`) VALUES (75, 'Madilyn', 'Jacobs', 'reichel.ayla@example.com', '79514397794', 'e1994b211797549e5370717b457484ee884796f5', 0);
INSERT INTO `users` (`id`, `firstname`, `lastname`, `email`, `phone`, `password_hash`, `is_deleted`) VALUES (76, 'Bertram', 'Cremin', 'simonis.edyth@example.org', '79704408021', '10c5988861ca5a4e14cc0d898c8175a281f99ca8', 0);
INSERT INTO `users` (`id`, `firstname`, `lastname`, `email`, `phone`, `password_hash`, `is_deleted`) VALUES (77, 'Leanna', 'Kilback', 'jarrett.schuppe@example.net', '79320647622', 'd9ef351fa120b2492aa4a8514dde5c8e616cb248', 0);
INSERT INTO `users` (`id`, `firstname`, `lastname`, `email`, `phone`, `password_hash`, `is_deleted`) VALUES (78, 'Virginie', 'Schultz', 'adrain92@example.org', '79425618095', '64fde99066f007355ee380d9363452ae0a7e3439', 0);
INSERT INTO `users` (`id`, `firstname`, `lastname`, `email`, `phone`, `password_hash`, `is_deleted`) VALUES (79, 'Lea', 'Funk', 'chelsea.graham@example.org', '79242431397', 'f4391ddb44cd31ccbb30f1b6bf66506db08faa21', 0);
INSERT INTO `users` (`id`, `firstname`, `lastname`, `email`, `phone`, `password_hash`, `is_deleted`) VALUES (80, 'Selmer', 'Ledner', 'ajerde@example.org', '79430694319', 'b3cc4a7ca565e5d0e5ffa3e45b0a3b958df50e09', 0);
INSERT INTO `users` (`id`, `firstname`, `lastname`, `email`, `phone`, `password_hash`, `is_deleted`) VALUES (81, 'Austen', 'Bartoletti', 'hershel.bartell@example.com', '79590961260', '7d7b823f3b10d77ee79fb14c79516065718edcf8', 0);
INSERT INTO `users` (`id`, `firstname`, `lastname`, `email`, `phone`, `password_hash`, `is_deleted`) VALUES (82, 'Lavonne', 'Thiel', 'larson.mafalda@example.org', '79517232613', '347b7fff4e81b2634da35f3f3e161f7f3520ffda', 0);
INSERT INTO `users` (`id`, `firstname`, `lastname`, `email`, `phone`, `password_hash`, `is_deleted`) VALUES (83, 'Susanna', 'Harvey', 'tremblay.keira@example.net', '79506477360', '3e285078299677b8922b3416d04238d3b04cdbbf', 0);
INSERT INTO `users` (`id`, `firstname`, `lastname`, `email`, `phone`, `password_hash`, `is_deleted`) VALUES (84, 'Sonya', 'Yundt', 'hosinski@example.net', '79045902737', 'c8a0fa1283abc5f83073e7dbb8bfa985c88d8201', 0);
INSERT INTO `users` (`id`, `firstname`, `lastname`, `email`, `phone`, `password_hash`, `is_deleted`) VALUES (85, 'Sabryna', 'Luettgen', 'jordyn56@example.com', '79829168724', 'f978053195f7421bcf0e1075e73960ea60d341df', 0);
INSERT INTO `users` (`id`, `firstname`, `lastname`, `email`, `phone`, `password_hash`, `is_deleted`) VALUES (86, 'Clementine', 'Emmerich', 'ramon.cormier@example.com', '79996582020', 'a8ebba00f7c5ed09a6610b06431cde3e6695ba67', 0);
INSERT INTO `users` (`id`, `firstname`, `lastname`, `email`, `phone`, `password_hash`, `is_deleted`) VALUES (87, 'Skyla', 'Hoeger', 'luigi.jacobi@example.net', '79694581639', '53764b3aca89c54de484a1217c3d9af23f8996aa', 0);
INSERT INTO `users` (`id`, `firstname`, `lastname`, `email`, `phone`, `password_hash`, `is_deleted`) VALUES (88, 'Garrett', 'Becker', 'ruecker.sydnie@example.net', '79281252763', '93b574205f33f5551680d6c7fbe3fe3e5a64f9f9', 0);
INSERT INTO `users` (`id`, `firstname`, `lastname`, `email`, `phone`, `password_hash`, `is_deleted`) VALUES (89, 'Elvis', 'Graham', 'merl.hintz@example.net', '79186946253', 'fc36c19e24e12e424d858bc63fbd3dd015ec7aac', 0);
INSERT INTO `users` (`id`, `firstname`, `lastname`, `email`, `phone`, `password_hash`, `is_deleted`) VALUES (90, 'Kacey', 'Bruen', 'reilly.garrett@example.com', '79114319487', 'b9617002c2dfee63f044f15fad2acf830011c980', 0);
INSERT INTO `users` (`id`, `firstname`, `lastname`, `email`, `phone`, `password_hash`, `is_deleted`) VALUES (91, 'Aiden', 'Hartmann', 'valentine70@example.org', '79293178358', '2dec9205663dd28bfe57664e1f685de33ef4ad06', 0);
INSERT INTO `users` (`id`, `firstname`, `lastname`, `email`, `phone`, `password_hash`, `is_deleted`) VALUES (92, 'Margret', 'Kuhlman', 'blanche77@example.org', '79786416110', '2e43556c30df29dbd9003c49994a2a85eee2d21a', 0);
INSERT INTO `users` (`id`, `firstname`, `lastname`, `email`, `phone`, `password_hash`, `is_deleted`) VALUES (93, 'Brooke', 'Runolfsdottir', 'gracie.altenwerth@example.com', '79259990738', 'd0fcc881d022cd7d93424d61058e4f2e994832b5', 0);
INSERT INTO `users` (`id`, `firstname`, `lastname`, `email`, `phone`, `password_hash`, `is_deleted`) VALUES (94, 'Halie', 'Keeling', 'edmund08@example.org', '79747448671', 'f4b5c9523b2115331e3bf42c58563e7533731aaf', 0);
INSERT INTO `users` (`id`, `firstname`, `lastname`, `email`, `phone`, `password_hash`, `is_deleted`) VALUES (95, 'Andy', 'Bernhard', 'montana.wolf@example.org', '79453611801', 'c72d1de004452fd27d7c900048b1a6e96a45c007', 0);
INSERT INTO `users` (`id`, `firstname`, `lastname`, `email`, `phone`, `password_hash`, `is_deleted`) VALUES (96, 'Fatima', 'Quigley', 'rvon@example.net', '79238584626', '52781f9bd95adeed6c57f3a587a35fec0a5ef897', 0);
INSERT INTO `users` (`id`, `firstname`, `lastname`, `email`, `phone`, `password_hash`, `is_deleted`) VALUES (97, 'Francesco', 'Hamill', 'lynch.fred@example.net', '79318200389', 'e034043a8ecf377969fe59f89defdfd2c3df29e1', 0);
INSERT INTO `users` (`id`, `firstname`, `lastname`, `email`, `phone`, `password_hash`, `is_deleted`) VALUES (98, 'Cheyenne', 'Murphy', 'gunner.rolfson@example.net', '79580927359', '1c956e1516523d09015942a75d4a729ccc21f027', 0);
INSERT INTO `users` (`id`, `firstname`, `lastname`, `email`, `phone`, `password_hash`, `is_deleted`) VALUES (99, 'August', 'Green', 'anissa92@example.net', '79609427693', 'e1b332a11e5f9a5a75ea2a76a795ceb28d8c527d', 0);
INSERT INTO `users` (`id`, `firstname`, `lastname`, `email`, `phone`, `password_hash`, `is_deleted`) VALUES (100, 'Camila', 'Christiansen', 'tjaskolski@example.net', '79727532896', '031a439358402d5e8dcb97234a4e7cb79762493b', 0);



INSERT INTO `profiles` (`users_id`, `gender`, `birthday`, `location`, `created_at`) VALUES (1, 'f', '1971-02-09', '5907 Gerhard Radial Apt. 567\nHarmonyberg, MT 64948', '1971-06-24 11:31:56');
INSERT INTO `profiles` (`users_id`, `gender`, `birthday`, `location`, `created_at`) VALUES (2, 'm', '2018-07-11', '231 Walter Lakes\nNew Fern, AL 32610', '1996-08-05 15:42:07');
INSERT INTO `profiles` (`users_id`, `gender`, `birthday`, `location`, `created_at`) VALUES (3, 'm', '2015-02-22', '8354 Kirlin Bypass Suite 444\nO\'Reillyfort, TX 92092', '2002-12-04 01:26:06');
INSERT INTO `profiles` (`users_id`, `gender`, `birthday`, `location`, `created_at`) VALUES (4, 'x', '1984-03-09', '30309 Keyon Points Apt. 889\nMyraburgh, MN 06058', '2015-01-07 06:37:50');
INSERT INTO `profiles` (`users_id`, `gender`, `birthday`, `location`, `created_at`) VALUES (5, 'm', '2009-09-17', '19321 Prince Hill Suite 452\nTatyanaside, MA 50067-9056', '1991-12-17 09:30:58');
INSERT INTO `profiles` (`users_id`, `gender`, `birthday`, `location`, `created_at`) VALUES (6, 'm', '1992-08-31', '4668 Garth Fork Suite 797\nPort Eldoraview, WV 23208', '2006-07-15 00:12:43');
INSERT INTO `profiles` (`users_id`, `gender`, `birthday`, `location`, `created_at`) VALUES (7, 'f', '2007-08-31', '175 Konopelski Roads Suite 768\nLisastad, CA 74003', '1985-08-25 22:43:35');
INSERT INTO `profiles` (`users_id`, `gender`, `birthday`, `location`, `created_at`) VALUES (8, 'f', '1996-03-05', '25631 Stanton Tunnel\nMuellerhaven, KS 40974', '1976-02-04 11:39:26');
INSERT INTO `profiles` (`users_id`, `gender`, `birthday`, `location`, `created_at`) VALUES (9, 'x', '2011-08-17', '373 Rodriguez Mission Suite 436\nNew Aglaeborough, MA 19411-7735', '2000-07-30 20:59:44');
INSERT INTO `profiles` (`users_id`, `gender`, `birthday`, `location`, `created_at`) VALUES (10, 'm', '2018-06-14', '466 Sydney Skyway\nNorth Tellybury, OK 08680-2490', '1996-08-26 09:28:49');
INSERT INTO `profiles` (`users_id`, `gender`, `birthday`, `location`, `created_at`) VALUES (11, 'f', '1998-08-30', '0600 Schinner Ports\nSouth Ashlyhaven, VT 14766-1265', '1992-09-24 06:07:25');
INSERT INTO `profiles` (`users_id`, `gender`, `birthday`, `location`, `created_at`) VALUES (12, 'f', '1993-02-26', '7366 Keebler Camp\nWest Medaland, WA 18062', '1991-03-29 04:51:18');
INSERT INTO `profiles` (`users_id`, `gender`, `birthday`, `location`, `created_at`) VALUES (13, 'm', '2006-01-31', '13473 Xavier Burgs Apt. 083\nLabadieberg, DE 62935-3789', '1995-12-06 19:43:53');
INSERT INTO `profiles` (`users_id`, `gender`, `birthday`, `location`, `created_at`) VALUES (14, 'f', '2011-05-30', '658 Gleason Junction Apt. 615\nWest Harmon, DC 59882-8276', '2017-03-08 07:33:04');
INSERT INTO `profiles` (`users_id`, `gender`, `birthday`, `location`, `created_at`) VALUES (15, 'x', '2006-09-05', '1544 Ernser Divide\nAbelardofurt, WY 03844-3199', '1992-01-28 10:55:35');
INSERT INTO `profiles` (`users_id`, `gender`, `birthday`, `location`, `created_at`) VALUES (16, 'm', '1994-04-22', '0814 Meredith Orchard Suite 554\nNew Camillastad, HI 33571', '1977-02-18 16:09:11');
INSERT INTO `profiles` (`users_id`, `gender`, `birthday`, `location`, `created_at`) VALUES (17, 'm', '1977-05-10', '78278 Strosin Cove Suite 509\nEmmerichside, KY 73756', '1970-04-22 06:47:09');
INSERT INTO `profiles` (`users_id`, `gender`, `birthday`, `location`, `created_at`) VALUES (18, 'x', '2013-05-21', '598 Hagenes Turnpike Apt. 990\nPowlowskiburgh, MA 03647', '2011-08-31 20:14:37');
INSERT INTO `profiles` (`users_id`, `gender`, `birthday`, `location`, `created_at`) VALUES (19, 'f', '2008-02-17', '967 Maude Divide Suite 594\nLeopoldoside, ND 15038', '2012-03-16 09:56:04');
INSERT INTO `profiles` (`users_id`, `gender`, `birthday`, `location`, `created_at`) VALUES (20, 'x', '2004-04-21', '681 Dorthy Forges Suite 547\nLake Vidafurt, AL 78136', '2013-03-15 09:14:23');
INSERT INTO `profiles` (`users_id`, `gender`, `birthday`, `location`, `created_at`) VALUES (21, 'f', '2002-01-19', '388 Aufderhar Key\nJeffryland, CA 84384', '1996-11-08 15:42:33');
INSERT INTO `profiles` (`users_id`, `gender`, `birthday`, `location`, `created_at`) VALUES (22, 'm', '1981-01-29', '926 Jade Village\nNew Gertrudeville, CT 58923', '2014-11-22 08:15:10');
INSERT INTO `profiles` (`users_id`, `gender`, `birthday`, `location`, `created_at`) VALUES (23, 'm', '2004-07-03', '2358 Altenwerth Vista Apt. 930\nNorth Marquesmouth, AL 71175-0302', '1995-09-22 15:09:41');
INSERT INTO `profiles` (`users_id`, `gender`, `birthday`, `location`, `created_at`) VALUES (24, 'f', '2009-08-23', '3857 Schaden Locks Apt. 191\nNew Rhiannonville, TX 06962', '1993-05-16 01:53:44');
INSERT INTO `profiles` (`users_id`, `gender`, `birthday`, `location`, `created_at`) VALUES (25, 'f', '1993-09-12', '5280 Oberbrunner Mill Apt. 319\nWest Magdalenborough, ME 79059', '2010-09-22 19:11:08');
INSERT INTO `profiles` (`users_id`, `gender`, `birthday`, `location`, `created_at`) VALUES (26, 'm', '1986-09-24', '90590 Amalia Via\nEast Simeonside, OR 23631-2223', '1971-05-17 22:27:39');
INSERT INTO `profiles` (`users_id`, `gender`, `birthday`, `location`, `created_at`) VALUES (27, 'x', '2015-01-10', '41617 Dach Terrace\nKuhicshire, MN 23771-1359', '2016-04-03 05:15:15');
INSERT INTO `profiles` (`users_id`, `gender`, `birthday`, `location`, `created_at`) VALUES (28, 'f', '1992-01-22', '9192 Mohr Orchard Apt. 772\nHodkiewiczberg, AR 69260', '2002-03-28 12:36:16');
INSERT INTO `profiles` (`users_id`, `gender`, `birthday`, `location`, `created_at`) VALUES (29, 'x', '1987-07-06', '3904 Hudson Mountain\nSonialand, NE 72976-3916', '2018-05-06 18:02:40');
INSERT INTO `profiles` (`users_id`, `gender`, `birthday`, `location`, `created_at`) VALUES (30, 'm', '1971-05-14', '5725 Samara Greens\nAlannaport, TN 16070', '1970-09-30 04:17:18');
INSERT INTO `profiles` (`users_id`, `gender`, `birthday`, `location`, `created_at`) VALUES (31, 'm', '1985-01-09', '640 Daphnee Station Apt. 497\nAnibalbury, MS 66717-8019', '2015-06-21 17:37:31');
INSERT INTO `profiles` (`users_id`, `gender`, `birthday`, `location`, `created_at`) VALUES (32, 'm', '1984-07-05', '85489 Kub Causeway Apt. 468\nJohnpaulfurt, GA 19194-6988', '2003-12-04 03:53:35');
INSERT INTO `profiles` (`users_id`, `gender`, `birthday`, `location`, `created_at`) VALUES (33, 'x', '2002-01-30', '153 Bernhard Union Suite 969\nNew Clay, WY 29399-7210', '1984-03-30 09:30:01');
INSERT INTO `profiles` (`users_id`, `gender`, `birthday`, `location`, `created_at`) VALUES (34, 'm', '1976-10-25', '615 Lynn Spur\nNew Ruben, CT 55827-5656', '2013-07-17 12:49:03');
INSERT INTO `profiles` (`users_id`, `gender`, `birthday`, `location`, `created_at`) VALUES (35, 'm', '1984-05-25', '1692 Carolyn Mountain\nLake Robbiechester, AL 90661', '1982-01-26 18:17:42');
INSERT INTO `profiles` (`users_id`, `gender`, `birthday`, `location`, `created_at`) VALUES (36, 'm', '2015-10-26', '525 Mitchell Greens Suite 414\nNew Ken, SD 79923', '2006-07-10 02:17:19');
INSERT INTO `profiles` (`users_id`, `gender`, `birthday`, `location`, `created_at`) VALUES (37, 'f', '1980-08-18', '0567 Alessandro Lights\nAdelberthaven, ME 42753', '1997-12-29 01:15:07');
INSERT INTO `profiles` (`users_id`, `gender`, `birthday`, `location`, `created_at`) VALUES (38, 'm', '1987-06-01', '2294 Hackett Mountain Suite 744\nPort Jackson, ND 40739', '1978-08-11 14:36:59');
INSERT INTO `profiles` (`users_id`, `gender`, `birthday`, `location`, `created_at`) VALUES (39, 'f', '1976-03-13', '85036 Wiegand Crossing Suite 292\nSpencerland, FL 76493-6006', '1976-02-12 21:28:04');
INSERT INTO `profiles` (`users_id`, `gender`, `birthday`, `location`, `created_at`) VALUES (40, 'x', '1997-03-11', '9648 Alaina Island\nJanamouth, VT 32043-8167', '2005-11-10 05:00:01');
INSERT INTO `profiles` (`users_id`, `gender`, `birthday`, `location`, `created_at`) VALUES (41, 'x', '2020-12-24', '37117 Nolan Port\nNorth Eliaschester, NV 19983-9922', '1970-11-20 23:20:18');
INSERT INTO `profiles` (`users_id`, `gender`, `birthday`, `location`, `created_at`) VALUES (42, 'f', '2014-04-01', '44395 McGlynn Light Apt. 285\nWilliamsonton, DE 89012', '2000-03-19 00:12:31');
INSERT INTO `profiles` (`users_id`, `gender`, `birthday`, `location`, `created_at`) VALUES (43, 'm', '2004-01-07', '408 Hirthe Lodge Suite 363\nWillport, ID 27325-7600', '2011-07-09 10:23:01');
INSERT INTO `profiles` (`users_id`, `gender`, `birthday`, `location`, `created_at`) VALUES (44, 'f', '1977-01-14', '52069 O\'Conner Forges Apt. 382\nEast Armando, UT 18741-1416', '1996-02-01 19:50:00');
INSERT INTO `profiles` (`users_id`, `gender`, `birthday`, `location`, `created_at`) VALUES (45, 'x', '2000-10-08', '51051 Geo Mountains\nSouth Chaya, MT 22882', '1970-07-04 06:41:05');
INSERT INTO `profiles` (`users_id`, `gender`, `birthday`, `location`, `created_at`) VALUES (46, 'f', '2003-08-09', '59707 Solon Plain\nWaynemouth, ID 36986-1612', '2014-08-09 09:04:40');
INSERT INTO `profiles` (`users_id`, `gender`, `birthday`, `location`, `created_at`) VALUES (47, 'x', '2007-04-05', '3827 Eino Manor Suite 728\nNedraburgh, AK 03602-4240', '2010-07-22 17:33:24');
INSERT INTO `profiles` (`users_id`, `gender`, `birthday`, `location`, `created_at`) VALUES (48, 'm', '2000-11-25', '203 Becker Trace\nNew Murphyland, TX 29061-4075', '2003-05-21 16:58:18');
INSERT INTO `profiles` (`users_id`, `gender`, `birthday`, `location`, `created_at`) VALUES (49, 'f', '1986-10-26', '99972 Troy Stravenue\nEast Lennatown, IN 47214-9912', '1993-08-23 07:03:00');
INSERT INTO `profiles` (`users_id`, `gender`, `birthday`, `location`, `created_at`) VALUES (50, 'f', '2010-02-15', '5779 Dave Vista Suite 517\nKristinmouth, SC 89915-8320', '1973-11-26 21:12:32');
INSERT INTO `profiles` (`users_id`, `gender`, `birthday`, `location`, `created_at`) VALUES (51, 'f', '1987-11-14', '75697 Reichert Shores Suite 127\nWest Sabina, DE 15034-1778', '1970-04-10 18:07:20');
INSERT INTO `profiles` (`users_id`, `gender`, `birthday`, `location`, `created_at`) VALUES (52, 'm', '1997-01-14', '071 Raven Drives Suite 260\nKaiaview, OR 10516', '1997-10-18 07:07:12');
INSERT INTO `profiles` (`users_id`, `gender`, `birthday`, `location`, `created_at`) VALUES (53, 'm', '1974-09-14', '797 Renner Dam Apt. 031\nBeierland, NY 65878-1970', '1978-06-29 23:40:46');
INSERT INTO `profiles` (`users_id`, `gender`, `birthday`, `location`, `created_at`) VALUES (54, 'm', '1980-06-16', '7908 Shania Summit Apt. 115\nPatriciaview, MS 43676-9800', '1973-12-28 17:45:01');
INSERT INTO `profiles` (`users_id`, `gender`, `birthday`, `location`, `created_at`) VALUES (55, 'm', '1995-07-06', '0779 Schumm Keys\nFlorencioberg, OK 73639', '1989-02-01 03:22:32');
INSERT INTO `profiles` (`users_id`, `gender`, `birthday`, `location`, `created_at`) VALUES (56, 'f', '1978-07-30', '418 Muriel Station Suite 915\nHartmanntown, NH 71518-0479', '1990-09-08 20:03:57');
INSERT INTO `profiles` (`users_id`, `gender`, `birthday`, `location`, `created_at`) VALUES (57, 'x', '1972-01-14', '542 Cali Shores Suite 290\nDarestad, UT 56063', '2019-07-28 18:47:14');
INSERT INTO `profiles` (`users_id`, `gender`, `birthday`, `location`, `created_at`) VALUES (58, 'f', '2008-08-29', '9619 Klocko Meadow Apt. 057\nMcKenzieport, CA 47549', '2019-11-09 04:05:15');
INSERT INTO `profiles` (`users_id`, `gender`, `birthday`, `location`, `created_at`) VALUES (59, 'f', '1983-08-19', '1199 Lavonne Plains Suite 332\nRamonaton, NC 41435-7230', '1974-05-05 10:02:53');
INSERT INTO `profiles` (`users_id`, `gender`, `birthday`, `location`, `created_at`) VALUES (60, 'm', '1980-08-28', '1262 Wiegand Ways Apt. 153\nNorth Loniemouth, KS 99235', '1985-10-30 08:13:49');
INSERT INTO `profiles` (`users_id`, `gender`, `birthday`, `location`, `created_at`) VALUES (61, 'f', '2006-12-04', '97205 Hermann Lake\nMillsbury, WY 23704-0660', '2007-02-24 06:51:41');
INSERT INTO `profiles` (`users_id`, `gender`, `birthday`, `location`, `created_at`) VALUES (62, 'f', '1994-12-18', '75766 Medhurst Lakes Suite 101\nNedburgh, SC 08324', '2001-07-12 14:54:55');
INSERT INTO `profiles` (`users_id`, `gender`, `birthday`, `location`, `created_at`) VALUES (63, 'm', '1997-10-18', '25996 Yost Island Apt. 090\nQuentinchester, UT 58021-6027', '2013-07-21 16:49:38');
INSERT INTO `profiles` (`users_id`, `gender`, `birthday`, `location`, `created_at`) VALUES (64, 'm', '1990-10-01', '828 Pagac Mews Apt. 344\nEast Luzborough, RI 37640-1237', '1986-06-11 06:05:06');
INSERT INTO `profiles` (`users_id`, `gender`, `birthday`, `location`, `created_at`) VALUES (65, 'm', '1989-07-28', '63800 Beer Row\nWest Juwanland, WY 55774-3348', '2015-03-04 12:52:59');
INSERT INTO `profiles` (`users_id`, `gender`, `birthday`, `location`, `created_at`) VALUES (66, 'x', '1999-09-22', '031 White Path\nEast Bryce, CA 44487-0031', '1985-03-29 00:56:33');
INSERT INTO `profiles` (`users_id`, `gender`, `birthday`, `location`, `created_at`) VALUES (67, 'm', '2010-08-12', '11424 Millie Port Suite 934\nMorartown, CA 62521', '1970-01-08 17:30:29');
INSERT INTO `profiles` (`users_id`, `gender`, `birthday`, `location`, `created_at`) VALUES (68, 'm', '2009-12-19', '3683 Ottis Islands\nMcLaughlinbury, DE 80418', '2006-10-21 19:30:36');
INSERT INTO `profiles` (`users_id`, `gender`, `birthday`, `location`, `created_at`) VALUES (69, 'x', '1990-08-08', '41881 Garth Forges\nPort Reva, OH 58211', '2019-12-28 16:09:29');
INSERT INTO `profiles` (`users_id`, `gender`, `birthday`, `location`, `created_at`) VALUES (70, 'f', '1986-12-18', '3120 Abernathy Field Suite 378\nPort Waltonbury, SD 59637-0796', '2002-04-17 19:28:54');
INSERT INTO `profiles` (`users_id`, `gender`, `birthday`, `location`, `created_at`) VALUES (71, 'x', '2000-09-28', '27424 Effertz Stream Apt. 392\nMargeborough, MA 28029-3044', '1991-08-11 09:21:24');
INSERT INTO `profiles` (`users_id`, `gender`, `birthday`, `location`, `created_at`) VALUES (72, 'f', '1971-05-25', '950 Mills Islands\nMcKenzieview, WY 04611', '1989-12-27 10:21:55');
INSERT INTO `profiles` (`users_id`, `gender`, `birthday`, `location`, `created_at`) VALUES (73, 'm', '1981-06-16', '723 Keely Mission\nBrentstad, NY 43309-5090', '1987-07-25 10:45:24');
INSERT INTO `profiles` (`users_id`, `gender`, `birthday`, `location`, `created_at`) VALUES (74, 'x', '1989-06-11', '907 Frami Tunnel\nPort Olafberg, MT 27750-3182', '2005-07-31 05:22:33');
INSERT INTO `profiles` (`users_id`, `gender`, `birthday`, `location`, `created_at`) VALUES (75, 'm', '2006-02-05', '62159 Lehner Trace Suite 099\nJovanibury, MT 37816', '1996-11-20 03:49:48');
INSERT INTO `profiles` (`users_id`, `gender`, `birthday`, `location`, `created_at`) VALUES (76, 'f', '1983-08-23', '007 Kuhn Village\nWest Naomiburgh, AK 54447', '1999-08-27 13:58:29');
INSERT INTO `profiles` (`users_id`, `gender`, `birthday`, `location`, `created_at`) VALUES (77, 'x', '2010-12-21', '008 Adeline Haven Suite 850\nNyasiaside, ND 49885-8364', '2002-10-23 02:14:36');
INSERT INTO `profiles` (`users_id`, `gender`, `birthday`, `location`, `created_at`) VALUES (78, 'f', '2012-01-27', '72766 Purdy Row\nNorth Kaylahport, OR 53625', '2019-12-26 21:01:10');
INSERT INTO `profiles` (`users_id`, `gender`, `birthday`, `location`, `created_at`) VALUES (79, 'm', '1988-05-30', '030 Rachael Port\nWest Candacemouth, NJ 25305', '1988-08-07 17:13:47');
INSERT INTO `profiles` (`users_id`, `gender`, `birthday`, `location`, `created_at`) VALUES (80, 'f', '2011-06-24', '89683 Amely Prairie Suite 971\nSouth Shadmouth, PA 04263-0553', '1975-06-14 21:50:22');
INSERT INTO `profiles` (`users_id`, `gender`, `birthday`, `location`, `created_at`) VALUES (81, 'f', '1977-03-14', '6596 Keeling Forge Suite 879\nGusikowskichester, OH 97025', '2011-03-09 15:18:32');
INSERT INTO `profiles` (`users_id`, `gender`, `birthday`, `location`, `created_at`) VALUES (82, 'x', '2020-08-19', '779 Davis Inlet Apt. 202\nEast Tara, ND 06264', '1971-04-15 10:53:37');
INSERT INTO `profiles` (`users_id`, `gender`, `birthday`, `location`, `created_at`) VALUES (83, 'x', '1985-03-02', '04597 Leannon Pines Suite 435\nPagacville, NC 59050', '2014-02-19 04:30:14');
INSERT INTO `profiles` (`users_id`, `gender`, `birthday`, `location`, `created_at`) VALUES (84, 'm', '2018-02-14', '5984 Hallie Ranch Apt. 080\nJaylinport, VA 11638', '1983-03-05 17:09:16');
INSERT INTO `profiles` (`users_id`, `gender`, `birthday`, `location`, `created_at`) VALUES (85, 'x', '1981-08-17', '317 Kayley Way Apt. 645\nWest Julio, MT 95641', '2010-07-15 11:16:22');
INSERT INTO `profiles` (`users_id`, `gender`, `birthday`, `location`, `created_at`) VALUES (86, 'x', '2011-08-25', '56966 Corkery Lakes Suite 522\nSouth Stanfordview, KY 44749', '1983-04-01 01:20:16');
INSERT INTO `profiles` (`users_id`, `gender`, `birthday`, `location`, `created_at`) VALUES (87, 'f', '2003-04-26', '10548 Johns Haven Apt. 605\nAbagailborough, CO 97303', '1976-09-30 18:48:42');
INSERT INTO `profiles` (`users_id`, `gender`, `birthday`, `location`, `created_at`) VALUES (88, 'm', '2015-05-20', '76486 Beer Springs\nSouth Jailyn, TX 04712-7886', '1979-11-06 22:39:25');
INSERT INTO `profiles` (`users_id`, `gender`, `birthday`, `location`, `created_at`) VALUES (89, 'x', '1987-08-17', '59080 Wiegand Terrace\nWest Lexieberg, IA 12725', '2012-11-30 00:53:29');
INSERT INTO `profiles` (`users_id`, `gender`, `birthday`, `location`, `created_at`) VALUES (90, 'm', '2006-08-12', '5470 Avery Vista Suite 126\nGleasonstad, DE 93505', '1988-06-05 00:53:52');
INSERT INTO `profiles` (`users_id`, `gender`, `birthday`, `location`, `created_at`) VALUES (91, 'x', '1996-02-11', '8485 Corene Springs\nNew Calistamouth, SC 58640-0116', '2004-08-29 00:48:12');
INSERT INTO `profiles` (`users_id`, `gender`, `birthday`, `location`, `created_at`) VALUES (92, 'f', '2012-12-04', '21590 Christiansen Knoll Apt. 239\nFritschview, AK 70823', '2012-09-21 13:29:38');
INSERT INTO `profiles` (`users_id`, `gender`, `birthday`, `location`, `created_at`) VALUES (93, 'm', '1993-09-07', '45278 Kirsten Plaza\nNew Hoyt, TN 75711', '1999-09-28 18:43:28');
INSERT INTO `profiles` (`users_id`, `gender`, `birthday`, `location`, `created_at`) VALUES (94, 'x', '1976-02-15', '5732 Kyle Lights Apt. 857\nGleichnerbury, OR 30704-6986', '2012-11-14 19:37:38');
INSERT INTO `profiles` (`users_id`, `gender`, `birthday`, `location`, `created_at`) VALUES (95, 'm', '1976-12-26', '9640 Wolf Mall Apt. 953\nNew Twilahaven, CO 92951-0186', '2010-04-19 21:38:19');
INSERT INTO `profiles` (`users_id`, `gender`, `birthday`, `location`, `created_at`) VALUES (96, 'f', '1997-06-13', '06081 Dennis Expressway Suite 823\nLake Buddy, NM 18746', '2011-08-26 07:01:16');
INSERT INTO `profiles` (`users_id`, `gender`, `birthday`, `location`, `created_at`) VALUES (97, 'x', '2018-08-18', '13978 Stanley Court Suite 444\nNorth Sisterfort, CO 97846-2060', '1974-11-26 07:15:16');
INSERT INTO `profiles` (`users_id`, `gender`, `birthday`, `location`, `created_at`) VALUES (98, 'x', '1990-06-03', '75717 Bayer Common\nEast Delfinahaven, RI 01454-0293', '2008-07-26 03:24:28');
INSERT INTO `profiles` (`users_id`, `gender`, `birthday`, `location`, `created_at`) VALUES (99, 'f', '2000-04-12', '6654 Conor Harbor\nReyborough, NJ 99556', '1991-05-12 00:04:16');
INSERT INTO `profiles` (`users_id`, `gender`, `birthday`, `location`, `created_at`) VALUES (100, 'm', '2009-11-29', '54992 Agustina Centers Apt. 857\nAlizehaven, SD 68953', '1994-12-09 13:11:45');
   
       
INSERT INTO `photo_albums` (`id`, `name`, `decs`, `user_id`) VALUES (1, 'sed', NULL, 1);
INSERT INTO `photo_albums` (`id`, `name`, `decs`, `user_id`) VALUES (2, 'quia', NULL, 2);
INSERT INTO `photo_albums` (`id`, `name`, `decs`, `user_id`) VALUES (3, 'quod', NULL, 3);
INSERT INTO `photo_albums` (`id`, `name`, `decs`, `user_id`) VALUES (4, 'veritatis', NULL, 4);
INSERT INTO `photo_albums` (`id`, `name`, `decs`, `user_id`) VALUES (5, 'deserunt', NULL, 5);
INSERT INTO `photo_albums` (`id`, `name`, `decs`, `user_id`) VALUES (6, 'voluptas', NULL, 6);
INSERT INTO `photo_albums` (`id`, `name`, `decs`, `user_id`) VALUES (7, 'blanditiis', NULL, 7);
INSERT INTO `photo_albums` (`id`, `name`, `decs`, `user_id`) VALUES (8, 'commodi', NULL, 8);
INSERT INTO `photo_albums` (`id`, `name`, `decs`, `user_id`) VALUES (9, 'sapiente', NULL, 9);
INSERT INTO `photo_albums` (`id`, `name`, `decs`, `user_id`) VALUES (10, 'minus', NULL, 10);
INSERT INTO `photo_albums` (`id`, `name`, `decs`, `user_id`) VALUES (11, 'repudiandae', NULL, 11);
INSERT INTO `photo_albums` (`id`, `name`, `decs`, `user_id`) VALUES (12, 'quam', NULL, 12);
INSERT INTO `photo_albums` (`id`, `name`, `decs`, `user_id`) VALUES (13, 'consequatur', NULL, 13);
INSERT INTO `photo_albums` (`id`, `name`, `decs`, `user_id`) VALUES (14, 'quae', NULL, 14);
INSERT INTO `photo_albums` (`id`, `name`, `decs`, `user_id`) VALUES (15, 'commodi', NULL, 15);
INSERT INTO `photo_albums` (`id`, `name`, `decs`, `user_id`) VALUES (16, 'aliquam', NULL, 16);
INSERT INTO `photo_albums` (`id`, `name`, `decs`, `user_id`) VALUES (17, 'id', NULL, 17);
INSERT INTO `photo_albums` (`id`, `name`, `decs`, `user_id`) VALUES (18, 'consectetur', NULL, 18);
INSERT INTO `photo_albums` (`id`, `name`, `decs`, `user_id`) VALUES (19, 'aut', NULL, 19);
INSERT INTO `photo_albums` (`id`, `name`, `decs`, `user_id`) VALUES (20, 'ex', NULL, 20);
INSERT INTO `photo_albums` (`id`, `name`, `decs`, `user_id`) VALUES (21, 'autem', NULL, 21);
INSERT INTO `photo_albums` (`id`, `name`, `decs`, `user_id`) VALUES (22, 'minima', NULL, 22);
INSERT INTO `photo_albums` (`id`, `name`, `decs`, `user_id`) VALUES (23, 'quasi', NULL, 23);
INSERT INTO `photo_albums` (`id`, `name`, `decs`, `user_id`) VALUES (24, 'voluptas', NULL, 24);
INSERT INTO `photo_albums` (`id`, `name`, `decs`, `user_id`) VALUES (25, 'quia', NULL, 25);
INSERT INTO `photo_albums` (`id`, `name`, `decs`, `user_id`) VALUES (26, 'quae', NULL, 26);
INSERT INTO `photo_albums` (`id`, `name`, `decs`, `user_id`) VALUES (27, 'asperiores', NULL, 27);
INSERT INTO `photo_albums` (`id`, `name`, `decs`, `user_id`) VALUES (28, 'repudiandae', NULL, 28);
INSERT INTO `photo_albums` (`id`, `name`, `decs`, `user_id`) VALUES (29, 'quo', NULL, 29);
INSERT INTO `photo_albums` (`id`, `name`, `decs`, `user_id`) VALUES (30, 'rerum', NULL, 30);
INSERT INTO `photo_albums` (`id`, `name`, `decs`, `user_id`) VALUES (31, 'ut', NULL, 31);
INSERT INTO `photo_albums` (`id`, `name`, `decs`, `user_id`) VALUES (32, 'est', NULL, 32);
INSERT INTO `photo_albums` (`id`, `name`, `decs`, `user_id`) VALUES (33, 'veritatis', NULL, 33);
INSERT INTO `photo_albums` (`id`, `name`, `decs`, `user_id`) VALUES (34, 'optio', NULL, 34);
INSERT INTO `photo_albums` (`id`, `name`, `decs`, `user_id`) VALUES (35, 'sed', NULL, 35);
INSERT INTO `photo_albums` (`id`, `name`, `decs`, `user_id`) VALUES (36, 'eos', NULL, 36);
INSERT INTO `photo_albums` (`id`, `name`, `decs`, `user_id`) VALUES (37, 'non', NULL, 37);
INSERT INTO `photo_albums` (`id`, `name`, `decs`, `user_id`) VALUES (38, 'ut', NULL, 38);
INSERT INTO `photo_albums` (`id`, `name`, `decs`, `user_id`) VALUES (39, 'modi', NULL, 39);
INSERT INTO `photo_albums` (`id`, `name`, `decs`, `user_id`) VALUES (40, 'error', NULL, 40);
INSERT INTO `photo_albums` (`id`, `name`, `decs`, `user_id`) VALUES (41, 'sunt', NULL, 41);
INSERT INTO `photo_albums` (`id`, `name`, `decs`, `user_id`) VALUES (42, 'quam', NULL, 42);
INSERT INTO `photo_albums` (`id`, `name`, `decs`, `user_id`) VALUES (43, 'nam', NULL, 43);
INSERT INTO `photo_albums` (`id`, `name`, `decs`, `user_id`) VALUES (44, 'eos', NULL, 44);
INSERT INTO `photo_albums` (`id`, `name`, `decs`, `user_id`) VALUES (45, 'nisi', NULL, 45);
INSERT INTO `photo_albums` (`id`, `name`, `decs`, `user_id`) VALUES (46, 'asperiores', NULL, 46);
INSERT INTO `photo_albums` (`id`, `name`, `decs`, `user_id`) VALUES (47, 'hic', NULL, 47);
INSERT INTO `photo_albums` (`id`, `name`, `decs`, `user_id`) VALUES (48, 'quas', NULL, 48);
INSERT INTO `photo_albums` (`id`, `name`, `decs`, `user_id`) VALUES (49, 'cumque', NULL, 49);
INSERT INTO `photo_albums` (`id`, `name`, `decs`, `user_id`) VALUES (50, 'velit', NULL, 50);
INSERT INTO `photo_albums` (`id`, `name`, `decs`, `user_id`) VALUES (51, 'numquam', NULL, 51);
INSERT INTO `photo_albums` (`id`, `name`, `decs`, `user_id`) VALUES (52, 'voluptas', NULL, 52);
INSERT INTO `photo_albums` (`id`, `name`, `decs`, `user_id`) VALUES (53, 'quidem', NULL, 53);
INSERT INTO `photo_albums` (`id`, `name`, `decs`, `user_id`) VALUES (54, 'est', NULL, 54);
INSERT INTO `photo_albums` (`id`, `name`, `decs`, `user_id`) VALUES (55, 'et', NULL, 55);
INSERT INTO `photo_albums` (`id`, `name`, `decs`, `user_id`) VALUES (56, 'molestiae', NULL, 56);
INSERT INTO `photo_albums` (`id`, `name`, `decs`, `user_id`) VALUES (57, 'veniam', NULL, 57);
INSERT INTO `photo_albums` (`id`, `name`, `decs`, `user_id`) VALUES (58, 'enim', NULL, 58);
INSERT INTO `photo_albums` (`id`, `name`, `decs`, `user_id`) VALUES (59, 'a', NULL, 59);
INSERT INTO `photo_albums` (`id`, `name`, `decs`, `user_id`) VALUES (60, 'reiciendis', NULL, 60);
INSERT INTO `photo_albums` (`id`, `name`, `decs`, `user_id`) VALUES (61, 'aut', NULL, 61);
INSERT INTO `photo_albums` (`id`, `name`, `decs`, `user_id`) VALUES (62, 'quae', NULL, 62);
INSERT INTO `photo_albums` (`id`, `name`, `decs`, `user_id`) VALUES (63, 'alias', NULL, 63);
INSERT INTO `photo_albums` (`id`, `name`, `decs`, `user_id`) VALUES (64, 'accusantium', NULL, 64);
INSERT INTO `photo_albums` (`id`, `name`, `decs`, `user_id`) VALUES (65, 'molestiae', NULL, 65);
INSERT INTO `photo_albums` (`id`, `name`, `decs`, `user_id`) VALUES (66, 'ut', NULL, 66);
INSERT INTO `photo_albums` (`id`, `name`, `decs`, `user_id`) VALUES (67, 'totam', NULL, 67);
INSERT INTO `photo_albums` (`id`, `name`, `decs`, `user_id`) VALUES (68, 'aut', NULL, 68);
INSERT INTO `photo_albums` (`id`, `name`, `decs`, `user_id`) VALUES (69, 'laborum', NULL, 69);
INSERT INTO `photo_albums` (`id`, `name`, `decs`, `user_id`) VALUES (70, 'officiis', NULL, 70);
INSERT INTO `photo_albums` (`id`, `name`, `decs`, `user_id`) VALUES (71, 'dolor', NULL, 71);
INSERT INTO `photo_albums` (`id`, `name`, `decs`, `user_id`) VALUES (72, 'nobis', NULL, 72);
INSERT INTO `photo_albums` (`id`, `name`, `decs`, `user_id`) VALUES (73, 'doloremque', NULL, 73);
INSERT INTO `photo_albums` (`id`, `name`, `decs`, `user_id`) VALUES (74, 'nobis', NULL, 74);
INSERT INTO `photo_albums` (`id`, `name`, `decs`, `user_id`) VALUES (75, 'libero', NULL, 75);
INSERT INTO `photo_albums` (`id`, `name`, `decs`, `user_id`) VALUES (76, 'mollitia', NULL, 76);
INSERT INTO `photo_albums` (`id`, `name`, `decs`, `user_id`) VALUES (77, 'a', NULL, 77);
INSERT INTO `photo_albums` (`id`, `name`, `decs`, `user_id`) VALUES (78, 'excepturi', NULL, 78);
INSERT INTO `photo_albums` (`id`, `name`, `decs`, `user_id`) VALUES (79, 'ea', NULL, 79);
INSERT INTO `photo_albums` (`id`, `name`, `decs`, `user_id`) VALUES (80, 'id', NULL, 80);
INSERT INTO `photo_albums` (`id`, `name`, `decs`, `user_id`) VALUES (81, 'ea', NULL, 81);
INSERT INTO `photo_albums` (`id`, `name`, `decs`, `user_id`) VALUES (82, 'rerum', NULL, 82);
INSERT INTO `photo_albums` (`id`, `name`, `decs`, `user_id`) VALUES (83, 'qui', NULL, 83);
INSERT INTO `photo_albums` (`id`, `name`, `decs`, `user_id`) VALUES (84, 'neque', NULL, 84);
INSERT INTO `photo_albums` (`id`, `name`, `decs`, `user_id`) VALUES (85, 'est', NULL, 85);
INSERT INTO `photo_albums` (`id`, `name`, `decs`, `user_id`) VALUES (86, 'autem', NULL, 86);
INSERT INTO `photo_albums` (`id`, `name`, `decs`, `user_id`) VALUES (87, 'rem', NULL, 87);
INSERT INTO `photo_albums` (`id`, `name`, `decs`, `user_id`) VALUES (88, 'molestiae', NULL, 88);
INSERT INTO `photo_albums` (`id`, `name`, `decs`, `user_id`) VALUES (89, 'voluptatem', NULL, 89);
INSERT INTO `photo_albums` (`id`, `name`, `decs`, `user_id`) VALUES (90, 'deleniti', NULL, 90);
INSERT INTO `photo_albums` (`id`, `name`, `decs`, `user_id`) VALUES (91, 'quis', NULL, 91);
INSERT INTO `photo_albums` (`id`, `name`, `decs`, `user_id`) VALUES (92, 'omnis', NULL, 92);
INSERT INTO `photo_albums` (`id`, `name`, `decs`, `user_id`) VALUES (93, 'earum', NULL, 93);
INSERT INTO `photo_albums` (`id`, `name`, `decs`, `user_id`) VALUES (94, 'dicta', NULL, 94);
INSERT INTO `photo_albums` (`id`, `name`, `decs`, `user_id`) VALUES (95, 'quos', NULL, 95);
INSERT INTO `photo_albums` (`id`, `name`, `decs`, `user_id`) VALUES (96, 'omnis', NULL, 96);
INSERT INTO `photo_albums` (`id`, `name`, `decs`, `user_id`) VALUES (97, 'nostrum', NULL, 97);
INSERT INTO `photo_albums` (`id`, `name`, `decs`, `user_id`) VALUES (98, 'doloribus', NULL, 98);
INSERT INTO `photo_albums` (`id`, `name`, `decs`, `user_id`) VALUES (99, 'laboriosam', NULL, 99);
INSERT INTO `photo_albums` (`id`, `name`, `decs`, `user_id`) VALUES (100, 'expedita', NULL, 100);
