INSERT INTO `users` (`id`, `firstname`, `lastname`, `email`, `phone`, `password_hash`, `is_deleted`) VALUES (1, 'Eliezer', 'Gottlieb', 'ratke.loren@example.org', '79772959973', '4465db6c7d47ba3f8e121332863565de8fdc31d8', 0);
INSERT INTO `users` (`id`, `firstname`, `lastname`, `email`, `phone`, `password_hash`, `is_deleted`) VALUES (2, 'Tomasa', 'Wiegand', 'edgar.hirthe@example.com', '79471515664', '1a249059d58a1146af7a05cf24b9bfa2a175f433', 0);
INSERT INTO `users` (`id`, `firstname`, `lastname`, `email`, `phone`, `password_hash`, `is_deleted`) VALUES (3, 'Lew', 'Strosin', 'ghartmann@example.net', '79602467806', '9f1079dca4ad5064aaf2e3bb81d185792ba336df', 0);
INSERT INTO `users` (`id`, `firstname`, `lastname`, `email`, `phone`, `password_hash`, `is_deleted`) VALUES (4, 'Taryn', 'Hand', 'dgislason@example.org', '79438551064', 'f053e2a88add1ce5e940cec07515a2fae8218fe2', 0);
INSERT INTO `users` (`id`, `firstname`, `lastname`, `email`, `phone`, `password_hash`, `is_deleted`) VALUES (5, 'Laurie', 'Schamberger', 'hills.madelynn@example.net', '79551495362', 'e62b5cd95c496737bcc106c3c6529c734634b68f', 0);
INSERT INTO `users` (`id`, `firstname`, `lastname`, `email`, `phone`, `password_hash`, `is_deleted`) VALUES (6, 'Christ', 'Hagenes', 'nader.gerson@example.net', '79807265340', 'e50dd1cd53522a89a931fd5c649a92e94330f2fb', 0);
INSERT INTO `users` (`id`, `firstname`, `lastname`, `email`, `phone`, `password_hash`, `is_deleted`) VALUES (7, 'Patrick', 'Hamill', 'merritt.white@example.com', '79344228245', '503136d0e01c12b3ba69addb84983dc63c483b6f', 0);
INSERT INTO `users` (`id`, `firstname`, `lastname`, `email`, `phone`, `password_hash`, `is_deleted`) VALUES (8, 'Araceli', 'Goldner', 'zulauf.heidi@example.com', '79320424262', 'da6be9e1d638f1d9579076b49f2dd7e7797f8e05', 0);
INSERT INTO `users` (`id`, `firstname`, `lastname`, `email`, `phone`, `password_hash`, `is_deleted`) VALUES (9, 'Jaylin', 'Hilll', 'keegan23@example.com', '79056169701', 'b693eac23518fbe7c5e5cb63cddebdc91a2f77de', 0);
INSERT INTO `users` (`id`, `firstname`, `lastname`, `email`, `phone`, `password_hash`, `is_deleted`) VALUES (10, 'Gerald', 'Stamm', 'o\'kon.brandy@example.net', '79695240294', '95061aa0a95efbdb5c66d23dd52be8e776f59048', 0);
INSERT INTO `users` (`id`, `firstname`, `lastname`, `email`, `phone`, `password_hash`, `is_deleted`) VALUES (11, 'Pasquale', 'Marquardt', 'jairo00@example.com', '79792030177', '22c0c894419884a45afe4595bfbf852f6fdf2fa6', 0);
INSERT INTO `users` (`id`, `firstname`, `lastname`, `email`, `phone`, `password_hash`, `is_deleted`) VALUES (12, 'Pink', 'Windler', 'salvatore.bode@example.com', '79803761748', '74d8a8c7f0b578704baf7006763cb3bb4e4b9f64', 0);
INSERT INTO `users` (`id`, `firstname`, `lastname`, `email`, `phone`, `password_hash`, `is_deleted`) VALUES (13, 'Zetta', 'Marks', 'stefan.kshlerin@example.com', '79881252900', 'ce5c40dd55e8311453f246ebd2f1a55e592a6c5d', 0);
INSERT INTO `users` (`id`, `firstname`, `lastname`, `email`, `phone`, `password_hash`, `is_deleted`) VALUES (14, 'Flossie', 'Ebert', 'legros.holden@example.net', '79282850832', '4e36f911e969d280748fc022b7f292c5edf79c45', 0);
INSERT INTO `users` (`id`, `firstname`, `lastname`, `email`, `phone`, `password_hash`, `is_deleted`) VALUES (15, 'Everett', 'Hickle', 'qthiel@example.net', '79538575336', 'fbf10e4aa4402ade11ba2c0d9bbf004c559c968e', 0);
INSERT INTO `users` (`id`, `firstname`, `lastname`, `email`, `phone`, `password_hash`, `is_deleted`) VALUES (16, 'Monserrate', 'Schneider', 'xswift@example.net', '79254366265', '57949641ac6099fcad654a775b79254f6cc169a5', 0);
INSERT INTO `users` (`id`, `firstname`, `lastname`, `email`, `phone`, `password_hash`, `is_deleted`) VALUES (17, 'Marshall', 'Schmidt', 'reichel.glen@example.org', '79990099477', 'cf976934ca682cd823bb8d699ef5b397fd2ec05c', 0);
INSERT INTO `users` (`id`, `firstname`, `lastname`, `email`, `phone`, `password_hash`, `is_deleted`) VALUES (18, 'Jeff', 'Hills', 'prunte@example.org', '79145407406', '04a2f1e150d08ea384b15ee3a33c6b891d126c8e', 0);
INSERT INTO `users` (`id`, `firstname`, `lastname`, `email`, `phone`, `password_hash`, `is_deleted`) VALUES (19, 'Juliet', 'Beatty', 'jace.ritchie@example.com', '79511740297', 'ad8506cea616d28312470082ee874c495f8c1a95', 0);
INSERT INTO `users` (`id`, `firstname`, `lastname`, `email`, `phone`, `password_hash`, `is_deleted`) VALUES (20, 'Willis', 'O\'Kon', 'percival.towne@example.net', '79341579265', '209b5747e0ae12bc798bf1f49e715c9abd4c16f7', 0);
INSERT INTO `users` (`id`, `firstname`, `lastname`, `email`, `phone`, `password_hash`, `is_deleted`) VALUES (21, 'Kendrick', 'Yundt', 'minnie.corwin@example.org', '79267085118', '987fd2cc5b65f7cd62ce2e8d1aad6ffadf8703c3', 0);
INSERT INTO `users` (`id`, `firstname`, `lastname`, `email`, `phone`, `password_hash`, `is_deleted`) VALUES (22, 'Jimmie', 'Howell', 'marty70@example.net', '79667378837', 'd6ea26c118aa1afc39dc5550ac569376d992c210', 0);
INSERT INTO `users` (`id`, `firstname`, `lastname`, `email`, `phone`, `password_hash`, `is_deleted`) VALUES (23, 'Bryce', 'O\'Hara', 'ckohler@example.org', '79147567833', '983c45fc643cb989d37d5d83b4f0d8467b6c8447', 0);
INSERT INTO `users` (`id`, `firstname`, `lastname`, `email`, `phone`, `password_hash`, `is_deleted`) VALUES (24, 'Dayana', 'Block', 'windler.dixie@example.org', '79441551280', '135622b9ab22f6464e6b346bbf4edfd7f2b5b205', 0);
INSERT INTO `users` (`id`, `firstname`, `lastname`, `email`, `phone`, `password_hash`, `is_deleted`) VALUES (25, 'Joana', 'Ferry', 'deanna.watsica@example.com', '79665241770', '4da70550d8b38b63997856d77b16e9f1abd167cc', 0);
INSERT INTO `users` (`id`, `firstname`, `lastname`, `email`, `phone`, `password_hash`, `is_deleted`) VALUES (26, 'Ernesto', 'Shanahan', 'kenneth.hayes@example.org', '79806561168', 'fd46808c6250c2bd055e63df4211410afadc6a62', 0);
INSERT INTO `users` (`id`, `firstname`, `lastname`, `email`, `phone`, `password_hash`, `is_deleted`) VALUES (27, 'Kenna', 'Pfannerstill', 'bpredovic@example.net', '79638288684', '543cba20bd15fd42785c012363df3973d5b9e06a', 0);
INSERT INTO `users` (`id`, `firstname`, `lastname`, `email`, `phone`, `password_hash`, `is_deleted`) VALUES (28, 'Eloisa', 'Prohaska', 'hettinger.leatha@example.net', '79865868750', '653d8ff629f16f9c7fedab349795f3ee379e8566', 0);
INSERT INTO `users` (`id`, `firstname`, `lastname`, `email`, `phone`, `password_hash`, `is_deleted`) VALUES (29, 'Gayle', 'Beahan', 'jo.murray@example.org', '79612913273', 'f7075184fd9c34c962a33c599f01eb19e6a84e4a', 0);
INSERT INTO `users` (`id`, `firstname`, `lastname`, `email`, `phone`, `password_hash`, `is_deleted`) VALUES (30, 'Theron', 'Shanahan', 'percival.schimmel@example.com', '79894851517', '284f98ede1946ffa78421c79250a53e46f748f60', 0);
INSERT INTO `users` (`id`, `firstname`, `lastname`, `email`, `phone`, `password_hash`, `is_deleted`) VALUES (31, 'Larue', 'Howell', 'odie.kshlerin@example.com', '79140061815', 'e2536271a017c1a395bf4b235c7c450e11b4f8ab', 0);
INSERT INTO `users` (`id`, `firstname`, `lastname`, `email`, `phone`, `password_hash`, `is_deleted`) VALUES (32, 'Ramon', 'Wolf', 'wade48@example.com', '79777451539', '84250f081a7271fefbda7df5a877343bfef0bde7', 0);
INSERT INTO `users` (`id`, `firstname`, `lastname`, `email`, `phone`, `password_hash`, `is_deleted`) VALUES (33, 'Santa', 'Schmidt', 'caroline.hagenes@example.com', '79474244178', '13cc737939487e3251e87ad2c3d93b1a845e9b58', 0);
INSERT INTO `users` (`id`, `firstname`, `lastname`, `email`, `phone`, `password_hash`, `is_deleted`) VALUES (34, 'Eleazar', 'Leuschke', 'kherzog@example.com', '79865200510', '9bfe78e45ef14dfdead2d904aecd424cb45e63f6', 0);
INSERT INTO `users` (`id`, `firstname`, `lastname`, `email`, `phone`, `password_hash`, `is_deleted`) VALUES (35, 'Santino', 'Monahan', 'maddison.keeling@example.net', '79552440358', '689aff1b5155787d43c0fcf5bfb7b59203e1d185', 0);
INSERT INTO `users` (`id`, `firstname`, `lastname`, `email`, `phone`, `password_hash`, `is_deleted`) VALUES (36, 'Abagail', 'Reinger', 'lavinia72@example.com', '79207642148', 'd06343a5f921bf87a1d014dd8f2d1aa3096b3fe1', 0);
INSERT INTO `users` (`id`, `firstname`, `lastname`, `email`, `phone`, `password_hash`, `is_deleted`) VALUES (37, 'Lonie', 'VonRueden', 'sstark@example.org', '79261875273', 'ec1e4cb0c774e2c58e5f98a598b733ace2a0b052', 0);
INSERT INTO `users` (`id`, `firstname`, `lastname`, `email`, `phone`, `password_hash`, `is_deleted`) VALUES (38, 'Jerrell', 'Sipes', 'macejkovic.ryan@example.com', '79598313711', '8b4c27c86f0f33346367fda49f0503b289b5e5d4', 0);
INSERT INTO `users` (`id`, `firstname`, `lastname`, `email`, `phone`, `password_hash`, `is_deleted`) VALUES (39, 'Catherine', 'Osinski', 'samara15@example.com', '79967284697', '92dcd37bc65b51914698a2a7415f960d58ad0bfa', 0);
INSERT INTO `users` (`id`, `firstname`, `lastname`, `email`, `phone`, `password_hash`, `is_deleted`) VALUES (40, 'Germaine', 'Reilly', 'mertie85@example.com', '79155831569', 'c6acd48320781587f704b2a5d95f4dde12435386', 0);
INSERT INTO `users` (`id`, `firstname`, `lastname`, `email`, `phone`, `password_hash`, `is_deleted`) VALUES (41, 'Kaylin', 'Ruecker', 'reanna63@example.org', '79695280836', '87fd755d0e0781610be52f0316c049844e3e42d8', 0);
INSERT INTO `users` (`id`, `firstname`, `lastname`, `email`, `phone`, `password_hash`, `is_deleted`) VALUES (42, 'Maxie', 'Deckow', 'xhills@example.net', '79742171558', '5814938bbbba5ce03cd682633a85c70322119eed', 0);
INSERT INTO `users` (`id`, `firstname`, `lastname`, `email`, `phone`, `password_hash`, `is_deleted`) VALUES (43, 'Dana', 'Blanda', 'laurine.jacobson@example.net', '79273258917', 'e2ae5b519fe8cfe16c60d9640dbcc755b99a6894', 0);
INSERT INTO `users` (`id`, `firstname`, `lastname`, `email`, `phone`, `password_hash`, `is_deleted`) VALUES (44, 'Daphnee', 'Gutkowski', 'chaya25@example.com', '79363855459', 'b0acf9a6c41accc621a835aebf3b922ff126e4de', 0);
INSERT INTO `users` (`id`, `firstname`, `lastname`, `email`, `phone`, `password_hash`, `is_deleted`) VALUES (45, 'Jovanny', 'Fahey', 'samanta78@example.net', '79173463172', '78007608ad4810944db74e1ee4a5b36e738521bd', 0);
INSERT INTO `users` (`id`, `firstname`, `lastname`, `email`, `phone`, `password_hash`, `is_deleted`) VALUES (46, 'Amina', 'Dicki', 'eleonore.kub@example.com', '79277511603', '435b55541b6053dac0795b612f25dd5f319cf3a6', 0);
INSERT INTO `users` (`id`, `firstname`, `lastname`, `email`, `phone`, `password_hash`, `is_deleted`) VALUES (47, 'Emmett', 'Hintz', 'rohan.myles@example.org', '79559046096', 'ed1757f3f4fbf808479d66137288b8268122b17b', 0);
INSERT INTO `users` (`id`, `firstname`, `lastname`, `email`, `phone`, `password_hash`, `is_deleted`) VALUES (48, 'Brittany', 'Waters', 'goldner.bernardo@example.org', '79610081526', '497b4ab94e16dd2abe6715c401e6d798f3ee9696', 0);
INSERT INTO `users` (`id`, `firstname`, `lastname`, `email`, `phone`, `password_hash`, `is_deleted`) VALUES (49, 'Porter', 'Hane', 'lucie.bednar@example.net', '79261649893', 'ab8c7a2fbc43b4681e0033390ec6ceb0cfa8e6c5', 0);
INSERT INTO `users` (`id`, `firstname`, `lastname`, `email`, `phone`, `password_hash`, `is_deleted`) VALUES (50, 'Marian', 'Cormier', 'miracle.hickle@example.com', '79548173519', 'd1cfe937e2a1b1a80546c42daff89a12eccf930a', 0);
INSERT INTO `users` (`id`, `firstname`, `lastname`, `email`, `phone`, `password_hash`, `is_deleted`) VALUES (51, 'Clark', 'Blanda', 'blick.henry@example.com', '79470244722', '3130d6db9fa8e50ce9add8a4263cd8e879c80baf', 0);
INSERT INTO `users` (`id`, `firstname`, `lastname`, `email`, `phone`, `password_hash`, `is_deleted`) VALUES (52, 'Josefina', 'Zieme', 'virgie.dicki@example.net', '79041534173', '42971536f449d20def395d6d3a2f20b6ab9ba882', 0);
INSERT INTO `users` (`id`, `firstname`, `lastname`, `email`, `phone`, `password_hash`, `is_deleted`) VALUES (53, 'Leila', 'Kemmer', 'irma71@example.com', '79028363972', '80c3ffcc97751b2b5b0993a8514da3e5475507ab', 0);
INSERT INTO `users` (`id`, `firstname`, `lastname`, `email`, `phone`, `password_hash`, `is_deleted`) VALUES (54, 'Era', 'O\'Keefe', 'michale49@example.org', '79994758179', 'b19178562f128185dafbc1dfa647584117ceb369', 0);
INSERT INTO `users` (`id`, `firstname`, `lastname`, `email`, `phone`, `password_hash`, `is_deleted`) VALUES (55, 'Vena', 'Feeney', 'bwalsh@example.org', '79255012538', 'a00afd8471bf24c51401cf6eec002da3791f72eb', 0);
INSERT INTO `users` (`id`, `firstname`, `lastname`, `email`, `phone`, `password_hash`, `is_deleted`) VALUES (56, 'Jorge', 'Sporer', 'ucremin@example.net', '79399686879', 'c0f3b021d4e4bfe21d08385736a9c9eeae11d011', 0);
INSERT INTO `users` (`id`, `firstname`, `lastname`, `email`, `phone`, `password_hash`, `is_deleted`) VALUES (57, 'Josianne', 'Reynolds', 'larry.nienow@example.net', '79604936857', '18b42b3321ef0c2cd36620ac9ff62e882a6149ea', 0);
INSERT INTO `users` (`id`, `firstname`, `lastname`, `email`, `phone`, `password_hash`, `is_deleted`) VALUES (58, 'Scottie', 'Predovic', 'kcruickshank@example.org', '79004707624', '8fc8f3228e9ddef108421c6542062fc21633ec49', 0);
INSERT INTO `users` (`id`, `firstname`, `lastname`, `email`, `phone`, `password_hash`, `is_deleted`) VALUES (59, 'Briana', 'Grimes', 'jazmyne.huel@example.net', '79375925616', 'a06dfbed67c9c3e267afc6ce499866421792a70a', 0);
INSERT INTO `users` (`id`, `firstname`, `lastname`, `email`, `phone`, `password_hash`, `is_deleted`) VALUES (60, 'Alice', 'Reichert', 'kuhlman.keegan@example.net', '79002529426', '5d3be14851dc33bd211c50500770bfdbcbf1f9c0', 0);
INSERT INTO `users` (`id`, `firstname`, `lastname`, `email`, `phone`, `password_hash`, `is_deleted`) VALUES (61, 'Nathanial', 'Hamill', 'joan71@example.org', '79614430407', 'e137828c02abfdc6a8a49205392e572a1eeea655', 0);
INSERT INTO `users` (`id`, `firstname`, `lastname`, `email`, `phone`, `password_hash`, `is_deleted`) VALUES (62, 'Kathlyn', 'Nicolas', 'jmorissette@example.org', '79590939130', 'c9e4687c0adecb8967ce29dc3bcdc4c647ec7113', 0);
INSERT INTO `users` (`id`, `firstname`, `lastname`, `email`, `phone`, `password_hash`, `is_deleted`) VALUES (63, 'Dariana', 'Yost', 'jaycee.stark@example.net', '79300448625', '5c4da624d65e2ddad569f5f02dc68130b83847bc', 0);
INSERT INTO `users` (`id`, `firstname`, `lastname`, `email`, `phone`, `password_hash`, `is_deleted`) VALUES (64, 'Verlie', 'Raynor', 'reichel.yasmeen@example.org', '79995122270', '047667ca21892f937d1869adfeaba3e85c219058', 0);
INSERT INTO `users` (`id`, `firstname`, `lastname`, `email`, `phone`, `password_hash`, `is_deleted`) VALUES (65, 'Troy', 'Batz', 'rframi@example.com', '79028906207', 'a25048cdfddca85404651fef147d24fbd9bd9c04', 0);
INSERT INTO `users` (`id`, `firstname`, `lastname`, `email`, `phone`, `password_hash`, `is_deleted`) VALUES (66, 'Arielle', 'Kub', 'deonte19@example.net', '79793544787', '44882eab1c5c3c3915a11d784ac578ae289611b7', 0);
INSERT INTO `users` (`id`, `firstname`, `lastname`, `email`, `phone`, `password_hash`, `is_deleted`) VALUES (67, 'Athena', 'Baumbach', 'parker.schuster@example.org', '79534052431', 'a1a76dc76d84159bae3c89b9984196faf0945629', 0);
INSERT INTO `users` (`id`, `firstname`, `lastname`, `email`, `phone`, `password_hash`, `is_deleted`) VALUES (68, 'Lawson', 'Will', 'breitenberg.jon@example.com', '79824063452', '977662a0beb714b844a1deea6dbd52cefeed4669', 0);
INSERT INTO `users` (`id`, `firstname`, `lastname`, `email`, `phone`, `password_hash`, `is_deleted`) VALUES (69, 'Dereck', 'Medhurst', 'mnolan@example.com', '79708761290', 'c76a64ce9b8b1861dff1b8ae8f67391b6878a837', 0);
INSERT INTO `users` (`id`, `firstname`, `lastname`, `email`, `phone`, `password_hash`, `is_deleted`) VALUES (70, 'Erin', 'O\'Hara', 'rbradtke@example.net', '79044786033', 'fa96882684dc66897bae339647762322406a8c77', 0);
INSERT INTO `users` (`id`, `firstname`, `lastname`, `email`, `phone`, `password_hash`, `is_deleted`) VALUES (71, 'Milton', 'Towne', 'hcummings@example.com', '79825683284', '8b170d0449e7610e37335f294155f68b930ca417', 0);
INSERT INTO `users` (`id`, `firstname`, `lastname`, `email`, `phone`, `password_hash`, `is_deleted`) VALUES (72, 'Kaci', 'Rau', 'bessie.quitzon@example.net', '79518250394', '0ab89cec52a686a04ab734a963933efa7c2bad0c', 0);
INSERT INTO `users` (`id`, `firstname`, `lastname`, `email`, `phone`, `password_hash`, `is_deleted`) VALUES (73, 'Darian', 'Beatty', 'eichmann.amelia@example.org', '79547014738', '73283b524828b885d6ba14654f97ac276d3fc381', 0);
INSERT INTO `users` (`id`, `firstname`, `lastname`, `email`, `phone`, `password_hash`, `is_deleted`) VALUES (74, 'Elnora', 'Dibbert', 'elliott35@example.org', '79266328752', '7dda0031ff6413c2a043de732a3ca8ff24586ec8', 0);
INSERT INTO `users` (`id`, `firstname`, `lastname`, `email`, `phone`, `password_hash`, `is_deleted`) VALUES (75, 'Madilyn', 'Jacobs', 'reichel.ayla@example.com', '79514397794', 'e1994b211797549e5370717b457484ee884796f5', 0);
INSERT INTO `users` (`id`, `firstname`, `lastname`, `email`, `phone`, `password_hash`, `is_deleted`) VALUES (76, 'Bertram', 'Cremin', 'simonis.edyth@example.org', '79704408021', '10c5988861ca5a4e14cc0d898c8175a281f99ca8', 0);
INSERT INTO `users` (`id`, `firstname`, `lastname`, `email`, `phone`, `password_hash`, `is_deleted`) VALUES (77, 'Leanna', 'Kilback', 'jarrett.schuppe@example.net', '79320647622', 'd9ef351fa120b2492aa4a8514dde5c8e616cb248', 0);
INSERT INTO `users` (`id`, `firstname`, `lastname`, `email`, `phone`, `password_hash`, `is_deleted`) VALUES (78, 'Virginie', 'Schultz', 'adrain92@example.org', '79425618095', '64fde99066f007355ee380d9363452ae0a7e3439', 0);
INSERT INTO `users` (`id`, `firstname`, `lastname`, `email`, `phone`, `password_hash`, `is_deleted`) VALUES (79, 'Lea', 'Funk', 'chelsea.graham@example.org', '79242431397', 'f4391ddb44cd31ccbb30f1b6bf66506db08faa21', 0);
INSERT INTO `users` (`id`, `firstname`, `lastname`, `email`, `phone`, `password_hash`, `is_deleted`) VALUES (80, 'Selmer', 'Ledner', 'ajerde@example.org', '79430694319', 'b3cc4a7ca565e5d0e5ffa3e45b0a3b958df50e09', 0);
INSERT INTO `users` (`id`, `firstname`, `lastname`, `email`, `phone`, `password_hash`, `is_deleted`) VALUES (81, 'Austen', 'Bartoletti', 'hershel.bartell@example.com', '79590961260', '7d7b823f3b10d77ee79fb14c79516065718edcf8', 0);
INSERT INTO `users` (`id`, `firstname`, `lastname`, `email`, `phone`, `password_hash`, `is_deleted`) VALUES (82, 'Lavonne', 'Thiel', 'larson.mafalda@example.org', '79517232613', '347b7fff4e81b2634da35f3f3e161f7f3520ffda', 0);
INSERT INTO `users` (`id`, `firstname`, `lastname`, `email`, `phone`, `password_hash`, `is_deleted`) VALUES (83, 'Susanna', 'Harvey', 'tremblay.keira@example.net', '79506477360', '3e285078299677b8922b3416d04238d3b04cdbbf', 0);
INSERT INTO `users` (`id`, `firstname`, `lastname`, `email`, `phone`, `password_hash`, `is_deleted`) VALUES (84, 'Sonya', 'Yundt', 'hosinski@example.net', '79045902737', 'c8a0fa1283abc5f83073e7dbb8bfa985c88d8201', 0);
INSERT INTO `users` (`id`, `firstname`, `lastname`, `email`, `phone`, `password_hash`, `is_deleted`) VALUES (85, 'Sabryna', 'Luettgen', 'jordyn56@example.com', '79829168724', 'f978053195f7421bcf0e1075e73960ea60d341df', 0);
INSERT INTO `users` (`id`, `firstname`, `lastname`, `email`, `phone`, `password_hash`, `is_deleted`) VALUES (86, 'Clementine', 'Emmerich', 'ramon.cormier@example.com', '79996582020', 'a8ebba00f7c5ed09a6610b06431cde3e6695ba67', 0);
INSERT INTO `users` (`id`, `firstname`, `lastname`, `email`, `phone`, `password_hash`, `is_deleted`) VALUES (87, 'Skyla', 'Hoeger', 'luigi.jacobi@example.net', '79694581639', '53764b3aca89c54de484a1217c3d9af23f8996aa', 0);
INSERT INTO `users` (`id`, `firstname`, `lastname`, `email`, `phone`, `password_hash`, `is_deleted`) VALUES (88, 'Garrett', 'Becker', 'ruecker.sydnie@example.net', '79281252763', '93b574205f33f5551680d6c7fbe3fe3e5a64f9f9', 0);
INSERT INTO `users` (`id`, `firstname`, `lastname`, `email`, `phone`, `password_hash`, `is_deleted`) VALUES (89, 'Elvis', 'Graham', 'merl.hintz@example.net', '79186946253', 'fc36c19e24e12e424d858bc63fbd3dd015ec7aac', 0);
INSERT INTO `users` (`id`, `firstname`, `lastname`, `email`, `phone`, `password_hash`, `is_deleted`) VALUES (90, 'Kacey', 'Bruen', 'reilly.garrett@example.com', '79114319487', 'b9617002c2dfee63f044f15fad2acf830011c980', 0);
INSERT INTO `users` (`id`, `firstname`, `lastname`, `email`, `phone`, `password_hash`, `is_deleted`) VALUES (91, 'Aiden', 'Hartmann', 'valentine70@example.org', '79293178358', '2dec9205663dd28bfe57664e1f685de33ef4ad06', 0);
INSERT INTO `users` (`id`, `firstname`, `lastname`, `email`, `phone`, `password_hash`, `is_deleted`) VALUES (92, 'Margret', 'Kuhlman', 'blanche77@example.org', '79786416110', '2e43556c30df29dbd9003c49994a2a85eee2d21a', 0);
INSERT INTO `users` (`id`, `firstname`, `lastname`, `email`, `phone`, `password_hash`, `is_deleted`) VALUES (93, 'Brooke', 'Runolfsdottir', 'gracie.altenwerth@example.com', '79259990738', 'd0fcc881d022cd7d93424d61058e4f2e994832b5', 0);
INSERT INTO `users` (`id`, `firstname`, `lastname`, `email`, `phone`, `password_hash`, `is_deleted`) VALUES (94, 'Halie', 'Keeling', 'edmund08@example.org', '79747448671', 'f4b5c9523b2115331e3bf42c58563e7533731aaf', 0);
INSERT INTO `users` (`id`, `firstname`, `lastname`, `email`, `phone`, `password_hash`, `is_deleted`) VALUES (95, 'Andy', 'Bernhard', 'montana.wolf@example.org', '79453611801', 'c72d1de004452fd27d7c900048b1a6e96a45c007', 0);
INSERT INTO `users` (`id`, `firstname`, `lastname`, `email`, `phone`, `password_hash`, `is_deleted`) VALUES (96, 'Fatima', 'Quigley', 'rvon@example.net', '79238584626', '52781f9bd95adeed6c57f3a587a35fec0a5ef897', 0);
INSERT INTO `users` (`id`, `firstname`, `lastname`, `email`, `phone`, `password_hash`, `is_deleted`) VALUES (97, 'Francesco', 'Hamill', 'lynch.fred@example.net', '79318200389', 'e034043a8ecf377969fe59f89defdfd2c3df29e1', 0);
INSERT INTO `users` (`id`, `firstname`, `lastname`, `email`, `phone`, `password_hash`, `is_deleted`) VALUES (98, 'Cheyenne', 'Murphy', 'gunner.rolfson@example.net', '79580927359', '1c956e1516523d09015942a75d4a729ccc21f027', 0);
INSERT INTO `users` (`id`, `firstname`, `lastname`, `email`, `phone`, `password_hash`, `is_deleted`) VALUES (99, 'August', 'Green', 'anissa92@example.net', '79609427693', 'e1b332a11e5f9a5a75ea2a76a795ceb28d8c527d', 0);
INSERT INTO `users` (`id`, `firstname`, `lastname`, `email`, `phone`, `password_hash`, `is_deleted`) VALUES (100, 'Camila', 'Christiansen', 'tjaskolski@example.net', '79727532896', '031a439358402d5e8dcb97234a4e7cb79762493b', 0);



INSERT INTO `profiles` (`users_id`, `gender`, `birthday`, `location`, `created_at`) VALUES (1, 'f', '1971-02-09', '5907 Gerhard Radial Apt. 567\nHarmonyberg, MT 64948', '1971-06-24 11:31:56');
INSERT INTO `profiles` (`users_id`, `gender`, `birthday`, `location`, `created_at`) VALUES (2, 'm', '2018-07-11', '231 Walter Lakes\nNew Fern, AL 32610', '1996-08-05 15:42:07');
INSERT INTO `profiles` (`users_id`, `gender`, `birthday`, `location`, `created_at`) VALUES (3, 'm', '2015-02-22', '8354 Kirlin Bypass Suite 444\nO\'Reillyfort, TX 92092', '2002-12-04 01:26:06');
INSERT INTO `profiles` (`users_id`, `gender`, `birthday`, `location`, `created_at`) VALUES (4, 'x', '1984-03-09', '30309 Keyon Points Apt. 889\nMyraburgh, MN 06058', '2015-01-07 06:37:50');
INSERT INTO `profiles` (`users_id`, `gender`, `birthday`, `location`, `created_at`) VALUES (5, 'm', '2009-09-17', '19321 Prince Hill Suite 452\nTatyanaside, MA 50067-9056', '1991-12-17 09:30:58');
INSERT INTO `profiles` (`users_id`, `gender`, `birthday`, `location`, `created_at`) VALUES (6, 'm', '1992-08-31', '4668 Garth Fork Suite 797\nPort Eldoraview, WV 23208', '2006-07-15 00:12:43');
INSERT INTO `profiles` (`users_id`, `gender`, `birthday`, `location`, `created_at`) VALUES (7, 'f', '2007-08-31', '175 Konopelski Roads Suite 768\nLisastad, CA 74003', '1985-08-25 22:43:35');
INSERT INTO `profiles` (`users_id`, `gender`, `birthday`, `location`, `created_at`) VALUES (8, 'f', '1996-03-05', '25631 Stanton Tunnel\nMuellerhaven, KS 40974', '1976-02-04 11:39:26');
INSERT INTO `profiles` (`users_id`, `gender`, `birthday`, `location`, `created_at`) VALUES (9, 'x', '2011-08-17', '373 Rodriguez Mission Suite 436\nNew Aglaeborough, MA 19411-7735', '2000-07-30 20:59:44');
INSERT INTO `profiles` (`users_id`, `gender`, `birthday`, `location`, `created_at`) VALUES (10, 'm', '2018-06-14', '466 Sydney Skyway\nNorth Tellybury, OK 08680-2490', '1996-08-26 09:28:49');
INSERT INTO `profiles` (`users_id`, `gender`, `birthday`, `location`, `created_at`) VALUES (11, 'f', '1998-08-30', '0600 Schinner Ports\nSouth Ashlyhaven, VT 14766-1265', '1992-09-24 06:07:25');
INSERT INTO `profiles` (`users_id`, `gender`, `birthday`, `location`, `created_at`) VALUES (12, 'f', '1993-02-26', '7366 Keebler Camp\nWest Medaland, WA 18062', '1991-03-29 04:51:18');
INSERT INTO `profiles` (`users_id`, `gender`, `birthday`, `location`, `created_at`) VALUES (13, 'm', '2006-01-31', '13473 Xavier Burgs Apt. 083\nLabadieberg, DE 62935-3789', '1995-12-06 19:43:53');
INSERT INTO `profiles` (`users_id`, `gender`, `birthday`, `location`, `created_at`) VALUES (14, 'f', '2011-05-30', '658 Gleason Junction Apt. 615\nWest Harmon, DC 59882-8276', '2017-03-08 07:33:04');
INSERT INTO `profiles` (`users_id`, `gender`, `birthday`, `location`, `created_at`) VALUES (15, 'x', '2006-09-05', '1544 Ernser Divide\nAbelardofurt, WY 03844-3199', '1992-01-28 10:55:35');
INSERT INTO `profiles` (`users_id`, `gender`, `birthday`, `location`, `created_at`) VALUES (16, 'm', '1994-04-22', '0814 Meredith Orchard Suite 554\nNew Camillastad, HI 33571', '1977-02-18 16:09:11');
INSERT INTO `profiles` (`users_id`, `gender`, `birthday`, `location`, `created_at`) VALUES (17, 'm', '1977-05-10', '78278 Strosin Cove Suite 509\nEmmerichside, KY 73756', '1970-04-22 06:47:09');
INSERT INTO `profiles` (`users_id`, `gender`, `birthday`, `location`, `created_at`) VALUES (18, 'x', '2013-05-21', '598 Hagenes Turnpike Apt. 990\nPowlowskiburgh, MA 03647', '2011-08-31 20:14:37');
INSERT INTO `profiles` (`users_id`, `gender`, `birthday`, `location`, `created_at`) VALUES (19, 'f', '2008-02-17', '967 Maude Divide Suite 594\nLeopoldoside, ND 15038', '2012-03-16 09:56:04');
INSERT INTO `profiles` (`users_id`, `gender`, `birthday`, `location`, `created_at`) VALUES (20, 'x', '2004-04-21', '681 Dorthy Forges Suite 547\nLake Vidafurt, AL 78136', '2013-03-15 09:14:23');
INSERT INTO `profiles` (`users_id`, `gender`, `birthday`, `location`, `created_at`) VALUES (21, 'f', '2002-01-19', '388 Aufderhar Key\nJeffryland, CA 84384', '1996-11-08 15:42:33');
INSERT INTO `profiles` (`users_id`, `gender`, `birthday`, `location`, `created_at`) VALUES (22, 'm', '1981-01-29', '926 Jade Village\nNew Gertrudeville, CT 58923', '2014-11-22 08:15:10');
INSERT INTO `profiles` (`users_id`, `gender`, `birthday`, `location`, `created_at`) VALUES (23, 'm', '2004-07-03', '2358 Altenwerth Vista Apt. 930\nNorth Marquesmouth, AL 71175-0302', '1995-09-22 15:09:41');
INSERT INTO `profiles` (`users_id`, `gender`, `birthday`, `location`, `created_at`) VALUES (24, 'f', '2009-08-23', '3857 Schaden Locks Apt. 191\nNew Rhiannonville, TX 06962', '1993-05-16 01:53:44');
INSERT INTO `profiles` (`users_id`, `gender`, `birthday`, `location`, `created_at`) VALUES (25, 'f', '1993-09-12', '5280 Oberbrunner Mill Apt. 319\nWest Magdalenborough, ME 79059', '2010-09-22 19:11:08');
INSERT INTO `profiles` (`users_id`, `gender`, `birthday`, `location`, `created_at`) VALUES (26, 'm', '1986-09-24', '90590 Amalia Via\nEast Simeonside, OR 23631-2223', '1971-05-17 22:27:39');
INSERT INTO `profiles` (`users_id`, `gender`, `birthday`, `location`, `created_at`) VALUES (27, 'x', '2015-01-10', '41617 Dach Terrace\nKuhicshire, MN 23771-1359', '2016-04-03 05:15:15');
INSERT INTO `profiles` (`users_id`, `gender`, `birthday`, `location`, `created_at`) VALUES (28, 'f', '1992-01-22', '9192 Mohr Orchard Apt. 772\nHodkiewiczberg, AR 69260', '2002-03-28 12:36:16');
INSERT INTO `profiles` (`users_id`, `gender`, `birthday`, `location`, `created_at`) VALUES (29, 'x', '1987-07-06', '3904 Hudson Mountain\nSonialand, NE 72976-3916', '2018-05-06 18:02:40');
INSERT INTO `profiles` (`users_id`, `gender`, `birthday`, `location`, `created_at`) VALUES (30, 'm', '1971-05-14', '5725 Samara Greens\nAlannaport, TN 16070', '1970-09-30 04:17:18');
INSERT INTO `profiles` (`users_id`, `gender`, `birthday`, `location`, `created_at`) VALUES (31, 'm', '1985-01-09', '640 Daphnee Station Apt. 497\nAnibalbury, MS 66717-8019', '2015-06-21 17:37:31');
INSERT INTO `profiles` (`users_id`, `gender`, `birthday`, `location`, `created_at`) VALUES (32, 'm', '1984-07-05', '85489 Kub Causeway Apt. 468\nJohnpaulfurt, GA 19194-6988', '2003-12-04 03:53:35');
INSERT INTO `profiles` (`users_id`, `gender`, `birthday`, `location`, `created_at`) VALUES (33, 'x', '2002-01-30', '153 Bernhard Union Suite 969\nNew Clay, WY 29399-7210', '1984-03-30 09:30:01');
INSERT INTO `profiles` (`users_id`, `gender`, `birthday`, `location`, `created_at`) VALUES (34, 'm', '1976-10-25', '615 Lynn Spur\nNew Ruben, CT 55827-5656', '2013-07-17 12:49:03');
INSERT INTO `profiles` (`users_id`, `gender`, `birthday`, `location`, `created_at`) VALUES (35, 'm', '1984-05-25', '1692 Carolyn Mountain\nLake Robbiechester, AL 90661', '1982-01-26 18:17:42');
INSERT INTO `profiles` (`users_id`, `gender`, `birthday`, `location`, `created_at`) VALUES (36, 'm', '2015-10-26', '525 Mitchell Greens Suite 414\nNew Ken, SD 79923', '2006-07-10 02:17:19');
INSERT INTO `profiles` (`users_id`, `gender`, `birthday`, `location`, `created_at`) VALUES (37, 'f', '1980-08-18', '0567 Alessandro Lights\nAdelberthaven, ME 42753', '1997-12-29 01:15:07');
INSERT INTO `profiles` (`users_id`, `gender`, `birthday`, `location`, `created_at`) VALUES (38, 'm', '1987-06-01', '2294 Hackett Mountain Suite 744\nPort Jackson, ND 40739', '1978-08-11 14:36:59');
INSERT INTO `profiles` (`users_id`, `gender`, `birthday`, `location`, `created_at`) VALUES (39, 'f', '1976-03-13', '85036 Wiegand Crossing Suite 292\nSpencerland, FL 76493-6006', '1976-02-12 21:28:04');
INSERT INTO `profiles` (`users_id`, `gender`, `birthday`, `location`, `created_at`) VALUES (40, 'x', '1997-03-11', '9648 Alaina Island\nJanamouth, VT 32043-8167', '2005-11-10 05:00:01');
INSERT INTO `profiles` (`users_id`, `gender`, `birthday`, `location`, `created_at`) VALUES (41, 'x', '2020-12-24', '37117 Nolan Port\nNorth Eliaschester, NV 19983-9922', '1970-11-20 23:20:18');
INSERT INTO `profiles` (`users_id`, `gender`, `birthday`, `location`, `created_at`) VALUES (42, 'f', '2014-04-01', '44395 McGlynn Light Apt. 285\nWilliamsonton, DE 89012', '2000-03-19 00:12:31');
INSERT INTO `profiles` (`users_id`, `gender`, `birthday`, `location`, `created_at`) VALUES (43, 'm', '2004-01-07', '408 Hirthe Lodge Suite 363\nWillport, ID 27325-7600', '2011-07-09 10:23:01');
INSERT INTO `profiles` (`users_id`, `gender`, `birthday`, `location`, `created_at`) VALUES (44, 'f', '1977-01-14', '52069 O\'Conner Forges Apt. 382\nEast Armando, UT 18741-1416', '1996-02-01 19:50:00');
INSERT INTO `profiles` (`users_id`, `gender`, `birthday`, `location`, `created_at`) VALUES (45, 'x', '2000-10-08', '51051 Geo Mountains\nSouth Chaya, MT 22882', '1970-07-04 06:41:05');
INSERT INTO `profiles` (`users_id`, `gender`, `birthday`, `location`, `created_at`) VALUES (46, 'f', '2003-08-09', '59707 Solon Plain\nWaynemouth, ID 36986-1612', '2014-08-09 09:04:40');
INSERT INTO `profiles` (`users_id`, `gender`, `birthday`, `location`, `created_at`) VALUES (47, 'x', '2007-04-05', '3827 Eino Manor Suite 728\nNedraburgh, AK 03602-4240', '2010-07-22 17:33:24');
INSERT INTO `profiles` (`users_id`, `gender`, `birthday`, `location`, `created_at`) VALUES (48, 'm', '2000-11-25', '203 Becker Trace\nNew Murphyland, TX 29061-4075', '2003-05-21 16:58:18');
INSERT INTO `profiles` (`users_id`, `gender`, `birthday`, `location`, `created_at`) VALUES (49, 'f', '1986-10-26', '99972 Troy Stravenue\nEast Lennatown, IN 47214-9912', '1993-08-23 07:03:00');
INSERT INTO `profiles` (`users_id`, `gender`, `birthday`, `location`, `created_at`) VALUES (50, 'f', '2010-02-15', '5779 Dave Vista Suite 517\nKristinmouth, SC 89915-8320', '1973-11-26 21:12:32');
INSERT INTO `profiles` (`users_id`, `gender`, `birthday`, `location`, `created_at`) VALUES (51, 'f', '1987-11-14', '75697 Reichert Shores Suite 127\nWest Sabina, DE 15034-1778', '1970-04-10 18:07:20');
INSERT INTO `profiles` (`users_id`, `gender`, `birthday`, `location`, `created_at`) VALUES (52, 'm', '1997-01-14', '071 Raven Drives Suite 260\nKaiaview, OR 10516', '1997-10-18 07:07:12');
INSERT INTO `profiles` (`users_id`, `gender`, `birthday`, `location`, `created_at`) VALUES (53, 'm', '1974-09-14', '797 Renner Dam Apt. 031\nBeierland, NY 65878-1970', '1978-06-29 23:40:46');
INSERT INTO `profiles` (`users_id`, `gender`, `birthday`, `location`, `created_at`) VALUES (54, 'm', '1980-06-16', '7908 Shania Summit Apt. 115\nPatriciaview, MS 43676-9800', '1973-12-28 17:45:01');
INSERT INTO `profiles` (`users_id`, `gender`, `birthday`, `location`, `created_at`) VALUES (55, 'm', '1995-07-06', '0779 Schumm Keys\nFlorencioberg, OK 73639', '1989-02-01 03:22:32');
INSERT INTO `profiles` (`users_id`, `gender`, `birthday`, `location`, `created_at`) VALUES (56, 'f', '1978-07-30', '418 Muriel Station Suite 915\nHartmanntown, NH 71518-0479', '1990-09-08 20:03:57');
INSERT INTO `profiles` (`users_id`, `gender`, `birthday`, `location`, `created_at`) VALUES (57, 'x', '1972-01-14', '542 Cali Shores Suite 290\nDarestad, UT 56063', '2019-07-28 18:47:14');
INSERT INTO `profiles` (`users_id`, `gender`, `birthday`, `location`, `created_at`) VALUES (58, 'f', '2008-08-29', '9619 Klocko Meadow Apt. 057\nMcKenzieport, CA 47549', '2019-11-09 04:05:15');
INSERT INTO `profiles` (`users_id`, `gender`, `birthday`, `location`, `created_at`) VALUES (59, 'f', '1983-08-19', '1199 Lavonne Plains Suite 332\nRamonaton, NC 41435-7230', '1974-05-05 10:02:53');
INSERT INTO `profiles` (`users_id`, `gender`, `birthday`, `location`, `created_at`) VALUES (60, 'm', '1980-08-28', '1262 Wiegand Ways Apt. 153\nNorth Loniemouth, KS 99235', '1985-10-30 08:13:49');
INSERT INTO `profiles` (`users_id`, `gender`, `birthday`, `location`, `created_at`) VALUES (61, 'f', '2006-12-04', '97205 Hermann Lake\nMillsbury, WY 23704-0660', '2007-02-24 06:51:41');
INSERT INTO `profiles` (`users_id`, `gender`, `birthday`, `location`, `created_at`) VALUES (62, 'f', '1994-12-18', '75766 Medhurst Lakes Suite 101\nNedburgh, SC 08324', '2001-07-12 14:54:55');
INSERT INTO `profiles` (`users_id`, `gender`, `birthday`, `location`, `created_at`) VALUES (63, 'm', '1997-10-18', '25996 Yost Island Apt. 090\nQuentinchester, UT 58021-6027', '2013-07-21 16:49:38');
INSERT INTO `profiles` (`users_id`, `gender`, `birthday`, `location`, `created_at`) VALUES (64, 'm', '1990-10-01', '828 Pagac Mews Apt. 344\nEast Luzborough, RI 37640-1237', '1986-06-11 06:05:06');
INSERT INTO `profiles` (`users_id`, `gender`, `birthday`, `location`, `created_at`) VALUES (65, 'm', '1989-07-28', '63800 Beer Row\nWest Juwanland, WY 55774-3348', '2015-03-04 12:52:59');
INSERT INTO `profiles` (`users_id`, `gender`, `birthday`, `location`, `created_at`) VALUES (66, 'x', '1999-09-22', '031 White Path\nEast Bryce, CA 44487-0031', '1985-03-29 00:56:33');
INSERT INTO `profiles` (`users_id`, `gender`, `birthday`, `location`, `created_at`) VALUES (67, 'm', '2010-08-12', '11424 Millie Port Suite 934\nMorartown, CA 62521', '1970-01-08 17:30:29');
INSERT INTO `profiles` (`users_id`, `gender`, `birthday`, `location`, `created_at`) VALUES (68, 'm', '2009-12-19', '3683 Ottis Islands\nMcLaughlinbury, DE 80418', '2006-10-21 19:30:36');
INSERT INTO `profiles` (`users_id`, `gender`, `birthday`, `location`, `created_at`) VALUES (69, 'x', '1990-08-08', '41881 Garth Forges\nPort Reva, OH 58211', '2019-12-28 16:09:29');
INSERT INTO `profiles` (`users_id`, `gender`, `birthday`, `location`, `created_at`) VALUES (70, 'f', '1986-12-18', '3120 Abernathy Field Suite 378\nPort Waltonbury, SD 59637-0796', '2002-04-17 19:28:54');
INSERT INTO `profiles` (`users_id`, `gender`, `birthday`, `location`, `created_at`) VALUES (71, 'x', '2000-09-28', '27424 Effertz Stream Apt. 392\nMargeborough, MA 28029-3044', '1991-08-11 09:21:24');
INSERT INTO `profiles` (`users_id`, `gender`, `birthday`, `location`, `created_at`) VALUES (72, 'f', '1971-05-25', '950 Mills Islands\nMcKenzieview, WY 04611', '1989-12-27 10:21:55');
INSERT INTO `profiles` (`users_id`, `gender`, `birthday`, `location`, `created_at`) VALUES (73, 'm', '1981-06-16', '723 Keely Mission\nBrentstad, NY 43309-5090', '1987-07-25 10:45:24');
INSERT INTO `profiles` (`users_id`, `gender`, `birthday`, `location`, `created_at`) VALUES (74, 'x', '1989-06-11', '907 Frami Tunnel\nPort Olafberg, MT 27750-3182', '2005-07-31 05:22:33');
INSERT INTO `profiles` (`users_id`, `gender`, `birthday`, `location`, `created_at`) VALUES (75, 'm', '2006-02-05', '62159 Lehner Trace Suite 099\nJovanibury, MT 37816', '1996-11-20 03:49:48');
INSERT INTO `profiles` (`users_id`, `gender`, `birthday`, `location`, `created_at`) VALUES (76, 'f', '1983-08-23', '007 Kuhn Village\nWest Naomiburgh, AK 54447', '1999-08-27 13:58:29');
INSERT INTO `profiles` (`users_id`, `gender`, `birthday`, `location`, `created_at`) VALUES (77, 'x', '2010-12-21', '008 Adeline Haven Suite 850\nNyasiaside, ND 49885-8364', '2002-10-23 02:14:36');
INSERT INTO `profiles` (`users_id`, `gender`, `birthday`, `location`, `created_at`) VALUES (78, 'f', '2012-01-27', '72766 Purdy Row\nNorth Kaylahport, OR 53625', '2019-12-26 21:01:10');
INSERT INTO `profiles` (`users_id`, `gender`, `birthday`, `location`, `created_at`) VALUES (79, 'm', '1988-05-30', '030 Rachael Port\nWest Candacemouth, NJ 25305', '1988-08-07 17:13:47');
INSERT INTO `profiles` (`users_id`, `gender`, `birthday`, `location`, `created_at`) VALUES (80, 'f', '2011-06-24', '89683 Amely Prairie Suite 971\nSouth Shadmouth, PA 04263-0553', '1975-06-14 21:50:22');
INSERT INTO `profiles` (`users_id`, `gender`, `birthday`, `location`, `created_at`) VALUES (81, 'f', '1977-03-14', '6596 Keeling Forge Suite 879\nGusikowskichester, OH 97025', '2011-03-09 15:18:32');
INSERT INTO `profiles` (`users_id`, `gender`, `birthday`, `location`, `created_at`) VALUES (82, 'x', '2020-08-19', '779 Davis Inlet Apt. 202\nEast Tara, ND 06264', '1971-04-15 10:53:37');
INSERT INTO `profiles` (`users_id`, `gender`, `birthday`, `location`, `created_at`) VALUES (83, 'x', '1985-03-02', '04597 Leannon Pines Suite 435\nPagacville, NC 59050', '2014-02-19 04:30:14');
INSERT INTO `profiles` (`users_id`, `gender`, `birthday`, `location`, `created_at`) VALUES (84, 'm', '2018-02-14', '5984 Hallie Ranch Apt. 080\nJaylinport, VA 11638', '1983-03-05 17:09:16');
INSERT INTO `profiles` (`users_id`, `gender`, `birthday`, `location`, `created_at`) VALUES (85, 'x', '1981-08-17', '317 Kayley Way Apt. 645\nWest Julio, MT 95641', '2010-07-15 11:16:22');
INSERT INTO `profiles` (`users_id`, `gender`, `birthday`, `location`, `created_at`) VALUES (86, 'x', '2011-08-25', '56966 Corkery Lakes Suite 522\nSouth Stanfordview, KY 44749', '1983-04-01 01:20:16');
INSERT INTO `profiles` (`users_id`, `gender`, `birthday`, `location`, `created_at`) VALUES (87, 'f', '2003-04-26', '10548 Johns Haven Apt. 605\nAbagailborough, CO 97303', '1976-09-30 18:48:42');
INSERT INTO `profiles` (`users_id`, `gender`, `birthday`, `location`, `created_at`) VALUES (88, 'm', '2015-05-20', '76486 Beer Springs\nSouth Jailyn, TX 04712-7886', '1979-11-06 22:39:25');
INSERT INTO `profiles` (`users_id`, `gender`, `birthday`, `location`, `created_at`) VALUES (89, 'x', '1987-08-17', '59080 Wiegand Terrace\nWest Lexieberg, IA 12725', '2012-11-30 00:53:29');
INSERT INTO `profiles` (`users_id`, `gender`, `birthday`, `location`, `created_at`) VALUES (90, 'm', '2006-08-12', '5470 Avery Vista Suite 126\nGleasonstad, DE 93505', '1988-06-05 00:53:52');
INSERT INTO `profiles` (`users_id`, `gender`, `birthday`, `location`, `created_at`) VALUES (91, 'x', '1996-02-11', '8485 Corene Springs\nNew Calistamouth, SC 58640-0116', '2004-08-29 00:48:12');
INSERT INTO `profiles` (`users_id`, `gender`, `birthday`, `location`, `created_at`) VALUES (92, 'f', '2012-12-04', '21590 Christiansen Knoll Apt. 239\nFritschview, AK 70823', '2012-09-21 13:29:38');
INSERT INTO `profiles` (`users_id`, `gender`, `birthday`, `location`, `created_at`) VALUES (93, 'm', '1993-09-07', '45278 Kirsten Plaza\nNew Hoyt, TN 75711', '1999-09-28 18:43:28');
INSERT INTO `profiles` (`users_id`, `gender`, `birthday`, `location`, `created_at`) VALUES (94, 'x', '1976-02-15', '5732 Kyle Lights Apt. 857\nGleichnerbury, OR 30704-6986', '2012-11-14 19:37:38');
INSERT INTO `profiles` (`users_id`, `gender`, `birthday`, `location`, `created_at`) VALUES (95, 'm', '1976-12-26', '9640 Wolf Mall Apt. 953\nNew Twilahaven, CO 92951-0186', '2010-04-19 21:38:19');
INSERT INTO `profiles` (`users_id`, `gender`, `birthday`, `location`, `created_at`) VALUES (96, 'f', '1997-06-13', '06081 Dennis Expressway Suite 823\nLake Buddy, NM 18746', '2011-08-26 07:01:16');
INSERT INTO `profiles` (`users_id`, `gender`, `birthday`, `location`, `created_at`) VALUES (97, 'x', '2018-08-18', '13978 Stanley Court Suite 444\nNorth Sisterfort, CO 97846-2060', '1974-11-26 07:15:16');
INSERT INTO `profiles` (`users_id`, `gender`, `birthday`, `location`, `created_at`) VALUES (98, 'x', '1990-06-03', '75717 Bayer Common\nEast Delfinahaven, RI 01454-0293', '2008-07-26 03:24:28');
INSERT INTO `profiles` (`users_id`, `gender`, `birthday`, `location`, `created_at`) VALUES (99, 'f', '2000-04-12', '6654 Conor Harbor\nReyborough, NJ 99556', '1991-05-12 00:04:16');
INSERT INTO `profiles` (`users_id`, `gender`, `birthday`, `location`, `created_at`) VALUES (100, 'm', '2009-11-29', '54992 Agustina Centers Apt. 857\nAlizehaven, SD 68953', '1994-12-09 13:11:45');
   
       
INSERT INTO `photo_albums` (`id`, `name`, `decs`, `user_id`) VALUES (1, 'sed', NULL, 1);
INSERT INTO `photo_albums` (`id`, `name`, `decs`, `user_id`) VALUES (2, 'quia', NULL, 2);
INSERT INTO `photo_albums` (`id`, `name`, `decs`, `user_id`) VALUES (3, 'quod', NULL, 3);
INSERT INTO `photo_albums` (`id`, `name`, `decs`, `user_id`) VALUES (4, 'veritatis', NULL, 4);
INSERT INTO `photo_albums` (`id`, `name`, `decs`, `user_id`) VALUES (5, 'deserunt', NULL, 5);
INSERT INTO `photo_albums` (`id`, `name`, `decs`, `user_id`) VALUES (6, 'voluptas', NULL, 6);
INSERT INTO `photo_albums` (`id`, `name`, `decs`, `user_id`) VALUES (7, 'blanditiis', NULL, 7);
INSERT INTO `photo_albums` (`id`, `name`, `decs`, `user_id`) VALUES (8, 'commodi', NULL, 8);
INSERT INTO `photo_albums` (`id`, `name`, `decs`, `user_id`) VALUES (9, 'sapiente', NULL, 9);
INSERT INTO `photo_albums` (`id`, `name`, `decs`, `user_id`) VALUES (10, 'minus', NULL, 10);
INSERT INTO `photo_albums` (`id`, `name`, `decs`, `user_id`) VALUES (11, 'repudiandae', NULL, 11);
INSERT INTO `photo_albums` (`id`, `name`, `decs`, `user_id`) VALUES (12, 'quam', NULL, 12);
INSERT INTO `photo_albums` (`id`, `name`, `decs`, `user_id`) VALUES (13, 'consequatur', NULL, 13);
INSERT INTO `photo_albums` (`id`, `name`, `decs`, `user_id`) VALUES (14, 'quae', NULL, 14);
INSERT INTO `photo_albums` (`id`, `name`, `decs`, `user_id`) VALUES (15, 'commodi', NULL, 15);
INSERT INTO `photo_albums` (`id`, `name`, `decs`, `user_id`) VALUES (16, 'aliquam', NULL, 16);
INSERT INTO `photo_albums` (`id`, `name`, `decs`, `user_id`) VALUES (17, 'id', NULL, 17);
INSERT INTO `photo_albums` (`id`, `name`, `decs`, `user_id`) VALUES (18, 'consectetur', NULL, 18);
INSERT INTO `photo_albums` (`id`, `name`, `decs`, `user_id`) VALUES (19, 'aut', NULL, 19);
INSERT INTO `photo_albums` (`id`, `name`, `decs`, `user_id`) VALUES (20, 'ex', NULL, 20);
INSERT INTO `photo_albums` (`id`, `name`, `decs`, `user_id`) VALUES (21, 'autem', NULL, 21);
INSERT INTO `photo_albums` (`id`, `name`, `decs`, `user_id`) VALUES (22, 'minima', NULL, 22);
INSERT INTO `photo_albums` (`id`, `name`, `decs`, `user_id`) VALUES (23, 'quasi', NULL, 23);
INSERT INTO `photo_albums` (`id`, `name`, `decs`, `user_id`) VALUES (24, 'voluptas', NULL, 24);
INSERT INTO `photo_albums` (`id`, `name`, `decs`, `user_id`) VALUES (25, 'quia', NULL, 25);
INSERT INTO `photo_albums` (`id`, `name`, `decs`, `user_id`) VALUES (26, 'quae', NULL, 26);
INSERT INTO `photo_albums` (`id`, `name`, `decs`, `user_id`) VALUES (27, 'asperiores', NULL, 27);
INSERT INTO `photo_albums` (`id`, `name`, `decs`, `user_id`) VALUES (28, 'repudiandae', NULL, 28);
INSERT INTO `photo_albums` (`id`, `name`, `decs`, `user_id`) VALUES (29, 'quo', NULL, 29);
INSERT INTO `photo_albums` (`id`, `name`, `decs`, `user_id`) VALUES (30, 'rerum', NULL, 30);
INSERT INTO `photo_albums` (`id`, `name`, `decs`, `user_id`) VALUES (31, 'ut', NULL, 31);
INSERT INTO `photo_albums` (`id`, `name`, `decs`, `user_id`) VALUES (32, 'est', NULL, 32);
INSERT INTO `photo_albums` (`id`, `name`, `decs`, `user_id`) VALUES (33, 'veritatis', NULL, 33);
INSERT INTO `photo_albums` (`id`, `name`, `decs`, `user_id`) VALUES (34, 'optio', NULL, 34);
INSERT INTO `photo_albums` (`id`, `name`, `decs`, `user_id`) VALUES (35, 'sed', NULL, 35);
INSERT INTO `photo_albums` (`id`, `name`, `decs`, `user_id`) VALUES (36, 'eos', NULL, 36);
INSERT INTO `photo_albums` (`id`, `name`, `decs`, `user_id`) VALUES (37, 'non', NULL, 37);
INSERT INTO `photo_albums` (`id`, `name`, `decs`, `user_id`) VALUES (38, 'ut', NULL, 38);
INSERT INTO `photo_albums` (`id`, `name`, `decs`, `user_id`) VALUES (39, 'modi', NULL, 39);
INSERT INTO `photo_albums` (`id`, `name`, `decs`, `user_id`) VALUES (40, 'error', NULL, 40);
INSERT INTO `photo_albums` (`id`, `name`, `decs`, `user_id`) VALUES (41, 'sunt', NULL, 41);
INSERT INTO `photo_albums` (`id`, `name`, `decs`, `user_id`) VALUES (42, 'quam', NULL, 42);
INSERT INTO `photo_albums` (`id`, `name`, `decs`, `user_id`) VALUES (43, 'nam', NULL, 43);
INSERT INTO `photo_albums` (`id`, `name`, `decs`, `user_id`) VALUES (44, 'eos', NULL, 44);
INSERT INTO `photo_albums` (`id`, `name`, `decs`, `user_id`) VALUES (45, 'nisi', NULL, 45);
INSERT INTO `photo_albums` (`id`, `name`, `decs`, `user_id`) VALUES (46, 'asperiores', NULL, 46);
INSERT INTO `photo_albums` (`id`, `name`, `decs`, `user_id`) VALUES (47, 'hic', NULL, 47);
INSERT INTO `photo_albums` (`id`, `name`, `decs`, `user_id`) VALUES (48, 'quas', NULL, 48);
INSERT INTO `photo_albums` (`id`, `name`, `decs`, `user_id`) VALUES (49, 'cumque', NULL, 49);
INSERT INTO `photo_albums` (`id`, `name`, `decs`, `user_id`) VALUES (50, 'velit', NULL, 50);
INSERT INTO `photo_albums` (`id`, `name`, `decs`, `user_id`) VALUES (51, 'numquam', NULL, 51);
INSERT INTO `photo_albums` (`id`, `name`, `decs`, `user_id`) VALUES (52, 'voluptas', NULL, 52);
INSERT INTO `photo_albums` (`id`, `name`, `decs`, `user_id`) VALUES (53, 'quidem', NULL, 53);
INSERT INTO `photo_albums` (`id`, `name`, `decs`, `user_id`) VALUES (54, 'est', NULL, 54);
INSERT INTO `photo_albums` (`id`, `name`, `decs`, `user_id`) VALUES (55, 'et', NULL, 55);
INSERT INTO `photo_albums` (`id`, `name`, `decs`, `user_id`) VALUES (56, 'molestiae', NULL, 56);
INSERT INTO `photo_albums` (`id`, `name`, `decs`, `user_id`) VALUES (57, 'veniam', NULL, 57);
INSERT INTO `photo_albums` (`id`, `name`, `decs`, `user_id`) VALUES (58, 'enim', NULL, 58);
INSERT INTO `photo_albums` (`id`, `name`, `decs`, `user_id`) VALUES (59, 'a', NULL, 59);
INSERT INTO `photo_albums` (`id`, `name`, `decs`, `user_id`) VALUES (60, 'reiciendis', NULL, 60);
INSERT INTO `photo_albums` (`id`, `name`, `decs`, `user_id`) VALUES (61, 'aut', NULL, 61);
INSERT INTO `photo_albums` (`id`, `name`, `decs`, `user_id`) VALUES (62, 'quae', NULL, 62);
INSERT INTO `photo_albums` (`id`, `name`, `decs`, `user_id`) VALUES (63, 'alias', NULL, 63);
INSERT INTO `photo_albums` (`id`, `name`, `decs`, `user_id`) VALUES (64, 'accusantium', NULL, 64);
INSERT INTO `photo_albums` (`id`, `name`, `decs`, `user_id`) VALUES (65, 'molestiae', NULL, 65);
INSERT INTO `photo_albums` (`id`, `name`, `decs`, `user_id`) VALUES (66, 'ut', NULL, 66);
INSERT INTO `photo_albums` (`id`, `name`, `decs`, `user_id`) VALUES (67, 'totam', NULL, 67);
INSERT INTO `photo_albums` (`id`, `name`, `decs`, `user_id`) VALUES (68, 'aut', NULL, 68);
INSERT INTO `photo_albums` (`id`, `name`, `decs`, `user_id`) VALUES (69, 'laborum', NULL, 69);
INSERT INTO `photo_albums` (`id`, `name`, `decs`, `user_id`) VALUES (70, 'officiis', NULL, 70);
INSERT INTO `photo_albums` (`id`, `name`, `decs`, `user_id`) VALUES (71, 'dolor', NULL, 71);
INSERT INTO `photo_albums` (`id`, `name`, `decs`, `user_id`) VALUES (72, 'nobis', NULL, 72);
INSERT INTO `photo_albums` (`id`, `name`, `decs`, `user_id`) VALUES (73, 'doloremque', NULL, 73);
INSERT INTO `photo_albums` (`id`, `name`, `decs`, `user_id`) VALUES (74, 'nobis', NULL, 74);
INSERT INTO `photo_albums` (`id`, `name`, `decs`, `user_id`) VALUES (75, 'libero', NULL, 75);
INSERT INTO `photo_albums` (`id`, `name`, `decs`, `user_id`) VALUES (76, 'mollitia', NULL, 76);
INSERT INTO `photo_albums` (`id`, `name`, `decs`, `user_id`) VALUES (77, 'a', NULL, 77);
INSERT INTO `photo_albums` (`id`, `name`, `decs`, `user_id`) VALUES (78, 'excepturi', NULL, 78);
INSERT INTO `photo_albums` (`id`, `name`, `decs`, `user_id`) VALUES (79, 'ea', NULL, 79);
INSERT INTO `photo_albums` (`id`, `name`, `decs`, `user_id`) VALUES (80, 'id', NULL, 80);
INSERT INTO `photo_albums` (`id`, `name`, `decs`, `user_id`) VALUES (81, 'ea', NULL, 81);
INSERT INTO `photo_albums` (`id`, `name`, `decs`, `user_id`) VALUES (82, 'rerum', NULL, 82);
INSERT INTO `photo_albums` (`id`, `name`, `decs`, `user_id`) VALUES (83, 'qui', NULL, 83);
INSERT INTO `photo_albums` (`id`, `name`, `decs`, `user_id`) VALUES (84, 'neque', NULL, 84);
INSERT INTO `photo_albums` (`id`, `name`, `decs`, `user_id`) VALUES (85, 'est', NULL, 85);
INSERT INTO `photo_albums` (`id`, `name`, `decs`, `user_id`) VALUES (86, 'autem', NULL, 86);
INSERT INTO `photo_albums` (`id`, `name`, `decs`, `user_id`) VALUES (87, 'rem', NULL, 87);
INSERT INTO `photo_albums` (`id`, `name`, `decs`, `user_id`) VALUES (88, 'molestiae', NULL, 88);
INSERT INTO `photo_albums` (`id`, `name`, `decs`, `user_id`) VALUES (89, 'voluptatem', NULL, 89);
INSERT INTO `photo_albums` (`id`, `name`, `decs`, `user_id`) VALUES (90, 'deleniti', NULL, 90);
INSERT INTO `photo_albums` (`id`, `name`, `decs`, `user_id`) VALUES (91, 'quis', NULL, 91);
INSERT INTO `photo_albums` (`id`, `name`, `decs`, `user_id`) VALUES (92, 'omnis', NULL, 92);
INSERT INTO `photo_albums` (`id`, `name`, `decs`, `user_id`) VALUES (93, 'earum', NULL, 93);
INSERT INTO `photo_albums` (`id`, `name`, `decs`, `user_id`) VALUES (94, 'dicta', NULL, 94);
INSERT INTO `photo_albums` (`id`, `name`, `decs`, `user_id`) VALUES (95, 'quos', NULL, 95);
INSERT INTO `photo_albums` (`id`, `name`, `decs`, `user_id`) VALUES (96, 'omnis', NULL, 96);
INSERT INTO `photo_albums` (`id`, `name`, `decs`, `user_id`) VALUES (97, 'nostrum', NULL, 97);
INSERT INTO `photo_albums` (`id`, `name`, `decs`, `user_id`) VALUES (98, 'doloribus', NULL, 98);
INSERT INTO `photo_albums` (`id`, `name`, `decs`, `user_id`) VALUES (99, 'laboriosam', NULL, 99);
INSERT INTO `photo_albums` (`id`, `name`, `decs`, `user_id`) VALUES (100, 'expedita', NULL, 100);    
     
INSERT INTO `media_types` (`id`, `name`) VALUES (1, 'img');
INSERT INTO `media_types` (`id`, `name`) VALUES (2, 'video');
INSERT INTO `media_types` (`id`, `name`) VALUES (3, 'music');
INSERT INTO `media_types` (`id`, `name`) VALUES (4, 'text');

INSERT INTO `messages` (`id`, `from_user_id`, `to_user_id`, `text`, `created_at`) VALUES (1, 44, 23, 'Voluptates voluptas in molestiae enim eius magnam.', '1980-04-05 13:44:54');
INSERT INTO `messages` (`id`, `from_user_id`, `to_user_id`, `text`, `created_at`) VALUES (2, 5, 33, 'Voluptatem voluptatibus quo quia reiciendis nihil ratione.', '2012-03-11 20:48:50');
INSERT INTO `messages` (`id`, `from_user_id`, `to_user_id`, `text`, `created_at`) VALUES (3, 58, 1, 'Dolorum maiores quia eum nihil laboriosam non eveniet.', '1991-01-18 18:36:40');
INSERT INTO `messages` (`id`, `from_user_id`, `to_user_id`, `text`, `created_at`) VALUES (4, 70, 73, 'Accusantium ad sint eum.', '2001-12-15 04:54:49');
INSERT INTO `messages` (`id`, `from_user_id`, `to_user_id`, `text`, `created_at`) VALUES (5, 64, 39, 'Molestias ea doloribus repudiandae itaque ullam.', '2015-04-02 02:09:26');
INSERT INTO `messages` (`id`, `from_user_id`, `to_user_id`, `text`, `created_at`) VALUES (6, 43, 33, 'Atque qui in necessitatibus velit voluptas.', '1972-09-11 23:47:01');
INSERT INTO `messages` (`id`, `from_user_id`, `to_user_id`, `text`, `created_at`) VALUES (7, 2, 61, 'Ipsa minus est consequatur id voluptatum eum.', '1992-08-11 22:32:06');
INSERT INTO `messages` (`id`, `from_user_id`, `to_user_id`, `text`, `created_at`) VALUES (8, 4, 62, 'Et inventore occaecati dolor quis iusto enim ratione cum.', '2006-02-01 15:19:23');
INSERT INTO `messages` (`id`, `from_user_id`, `to_user_id`, `text`, `created_at`) VALUES (9, 68, 20, 'Aut ut doloribus consectetur cupiditate autem facilis sed aut.', '1983-09-21 23:24:00');
INSERT INTO `messages` (`id`, `from_user_id`, `to_user_id`, `text`, `created_at`) VALUES (10, 26, 21, 'Et perferendis recusandae delectus fugit.', '2001-10-31 03:14:50');
INSERT INTO `messages` (`id`, `from_user_id`, `to_user_id`, `text`, `created_at`) VALUES (11, 14, 52, 'Reprehenderit velit est dolorum dolor occaecati.', '1981-07-16 11:11:03');
INSERT INTO `messages` (`id`, `from_user_id`, `to_user_id`, `text`, `created_at`) VALUES (12, 45, 19, 'Incidunt voluptatem architecto quidem fugiat sed ut.', '2008-04-01 12:52:25');
INSERT INTO `messages` (`id`, `from_user_id`, `to_user_id`, `text`, `created_at`) VALUES (13, 81, 21, 'Voluptatum et pariatur et dolor et temporibus.', '2019-07-10 09:06:15');
INSERT INTO `messages` (`id`, `from_user_id`, `to_user_id`, `text`, `created_at`) VALUES (14, 76, 89, 'Ea architecto voluptates quia.', '2001-01-04 13:11:39');
INSERT INTO `messages` (`id`, `from_user_id`, `to_user_id`, `text`, `created_at`) VALUES (15, 2, 88, 'Aut in quia dolorem maxime omnis officiis aut.', '1991-08-28 03:00:25');
INSERT INTO `messages` (`id`, `from_user_id`, `to_user_id`, `text`, `created_at`) VALUES (16, 4, 46, 'Voluptatum temporibus sit quas quos fugiat iure sequi.', '2005-05-24 01:52:43');
INSERT INTO `messages` (`id`, `from_user_id`, `to_user_id`, `text`, `created_at`) VALUES (17, 10, 8, 'Quibusdam dolor voluptatem deleniti molestiae cumque voluptatem et.', '1971-09-03 14:29:50');
INSERT INTO `messages` (`id`, `from_user_id`, `to_user_id`, `text`, `created_at`) VALUES (18, 79, 68, 'Quasi nam veniam ut dolor.', '1994-04-17 16:59:01');
INSERT INTO `messages` (`id`, `from_user_id`, `to_user_id`, `text`, `created_at`) VALUES (19, 9, 49, 'Qui et velit quae quibusdam enim deleniti porro.', '2007-10-22 11:08:07');
INSERT INTO `messages` (`id`, `from_user_id`, `to_user_id`, `text`, `created_at`) VALUES (20, 41, 72, 'Perspiciatis magni autem veritatis ad est aut similique.', '2000-07-24 00:33:36');
INSERT INTO `messages` (`id`, `from_user_id`, `to_user_id`, `text`, `created_at`) VALUES (21, 87, 84, 'Error qui mollitia et rem deleniti mollitia eum.', '1980-08-09 11:54:26');
INSERT INTO `messages` (`id`, `from_user_id`, `to_user_id`, `text`, `created_at`) VALUES (22, 5, 89, 'Magni nesciunt aliquam aut cumque et et voluptas.', '2002-03-17 11:21:57');
INSERT INTO `messages` (`id`, `from_user_id`, `to_user_id`, `text`, `created_at`) VALUES (23, 44, 9, 'Pariatur voluptatem sed et dicta.', '1976-10-31 18:53:50');
INSERT INTO `messages` (`id`, `from_user_id`, `to_user_id`, `text`, `created_at`) VALUES (24, 50, 12, 'Pariatur ut autem et perferendis.', '2004-06-25 05:16:32');
INSERT INTO `messages` (`id`, `from_user_id`, `to_user_id`, `text`, `created_at`) VALUES (25, 28, 76, 'Quibusdam quaerat laborum dolorum deleniti officia qui.', '2018-01-13 17:05:46');
INSERT INTO `messages` (`id`, `from_user_id`, `to_user_id`, `text`, `created_at`) VALUES (26, 32, 41, 'Esse eos dignissimos incidunt vel dolor praesentium.', '1973-06-21 17:14:02');
INSERT INTO `messages` (`id`, `from_user_id`, `to_user_id`, `text`, `created_at`) VALUES (27, 28, 77, 'Deserunt quae sapiente quo ut ipsam.', '1975-06-05 03:34:26');
INSERT INTO `messages` (`id`, `from_user_id`, `to_user_id`, `text`, `created_at`) VALUES (28, 60, 9, 'Ea earum nesciunt ipsa in reprehenderit tempora non.', '2013-07-27 20:51:33');
INSERT INTO `messages` (`id`, `from_user_id`, `to_user_id`, `text`, `created_at`) VALUES (29, 97, 35, 'Aut amet et in sint.', '1997-05-21 17:15:33');
INSERT INTO `messages` (`id`, `from_user_id`, `to_user_id`, `text`, `created_at`) VALUES (30, 97, 99, 'Nemo hic eum error mollitia.', '1999-07-09 05:01:47');
INSERT INTO `messages` (`id`, `from_user_id`, `to_user_id`, `text`, `created_at`) VALUES (31, 22, 100, 'Ut cum id vel illo eveniet magni non.', '2012-08-05 21:35:06');
INSERT INTO `messages` (`id`, `from_user_id`, `to_user_id`, `text`, `created_at`) VALUES (32, 45, 32, 'Dolorum quia id et aliquid non et aut.', '2015-08-20 08:14:08');
INSERT INTO `messages` (`id`, `from_user_id`, `to_user_id`, `text`, `created_at`) VALUES (33, 8, 23, 'Alias id aut et sit.', '2003-04-14 20:35:56');
INSERT INTO `messages` (`id`, `from_user_id`, `to_user_id`, `text`, `created_at`) VALUES (34, 100, 16, 'Quibusdam voluptatem vitae delectus sed enim ducimus.', '2014-05-21 10:41:05');
INSERT INTO `messages` (`id`, `from_user_id`, `to_user_id`, `text`, `created_at`) VALUES (35, 72, 41, 'Eveniet saepe voluptatum eligendi et aut.', '2014-11-24 12:00:56');
INSERT INTO `messages` (`id`, `from_user_id`, `to_user_id`, `text`, `created_at`) VALUES (36, 88, 59, 'Voluptas non rerum vero nostrum saepe vel ut.', '1980-10-01 23:04:40');
INSERT INTO `messages` (`id`, `from_user_id`, `to_user_id`, `text`, `created_at`) VALUES (37, 24, 92, 'Repellendus quam omnis eos soluta et sint.', '1993-10-05 21:43:30');
INSERT INTO `messages` (`id`, `from_user_id`, `to_user_id`, `text`, `created_at`) VALUES (38, 47, 67, 'Dolorem veniam sed quia ea.', '1998-03-01 07:15:21');
INSERT INTO `messages` (`id`, `from_user_id`, `to_user_id`, `text`, `created_at`) VALUES (39, 100, 97, 'Quasi ipsa veritatis qui veritatis ullam dolores.', '2006-06-26 00:10:47');
INSERT INTO `messages` (`id`, `from_user_id`, `to_user_id`, `text`, `created_at`) VALUES (40, 78, 27, 'Consequatur non suscipit aut quis.', '1985-05-25 22:53:00');
INSERT INTO `messages` (`id`, `from_user_id`, `to_user_id`, `text`, `created_at`) VALUES (41, 73, 10, 'Debitis minus sint commodi omnis sint assumenda et.', '2018-04-04 08:33:40');
INSERT INTO `messages` (`id`, `from_user_id`, `to_user_id`, `text`, `created_at`) VALUES (42, 68, 1, 'Dolorum exercitationem ut voluptates maxime culpa.', '2005-10-07 19:02:03');
INSERT INTO `messages` (`id`, `from_user_id`, `to_user_id`, `text`, `created_at`) VALUES (43, 87, 27, 'Velit et esse at non.', '1980-10-29 07:49:20');
INSERT INTO `messages` (`id`, `from_user_id`, `to_user_id`, `text`, `created_at`) VALUES (44, 9, 83, 'Consequuntur cum praesentium exercitationem repudiandae corrupti.', '2010-03-25 12:41:07');
INSERT INTO `messages` (`id`, `from_user_id`, `to_user_id`, `text`, `created_at`) VALUES (45, 62, 5, 'Non fuga quisquam perferendis et sed commodi vero similique.', '1991-09-01 02:00:50');
INSERT INTO `messages` (`id`, `from_user_id`, `to_user_id`, `text`, `created_at`) VALUES (46, 82, 84, 'Quas quidem possimus accusamus eius.', '1981-07-29 07:17:26');
INSERT INTO `messages` (`id`, `from_user_id`, `to_user_id`, `text`, `created_at`) VALUES (47, 5, 26, 'Mollitia perspiciatis tempore consectetur in qui.', '1996-01-06 02:01:23');
INSERT INTO `messages` (`id`, `from_user_id`, `to_user_id`, `text`, `created_at`) VALUES (48, 16, 12, 'Dolor eveniet ipsa voluptate earum.', '2012-06-21 16:52:45');
INSERT INTO `messages` (`id`, `from_user_id`, `to_user_id`, `text`, `created_at`) VALUES (49, 49, 16, 'Ex dolor officia eum ut quisquam.', '1972-11-23 10:15:38');
INSERT INTO `messages` (`id`, `from_user_id`, `to_user_id`, `text`, `created_at`) VALUES (50, 28, 20, 'Illum repudiandae soluta officiis ut iste.', '2001-09-08 15:52:46');
INSERT INTO `messages` (`id`, `from_user_id`, `to_user_id`, `text`, `created_at`) VALUES (51, 56, 15, 'Velit voluptatem voluptatem quisquam rerum.', '2004-03-12 00:47:28');
INSERT INTO `messages` (`id`, `from_user_id`, `to_user_id`, `text`, `created_at`) VALUES (52, 78, 80, 'Cupiditate sint qui vitae et.', '1993-10-10 22:16:31');
INSERT INTO `messages` (`id`, `from_user_id`, `to_user_id`, `text`, `created_at`) VALUES (53, 6, 25, 'Velit quia enim id sit.', '1970-08-15 20:14:18');
INSERT INTO `messages` (`id`, `from_user_id`, `to_user_id`, `text`, `created_at`) VALUES (54, 46, 5, 'Id aut fugiat ut.', '1979-07-27 01:32:08');
INSERT INTO `messages` (`id`, `from_user_id`, `to_user_id`, `text`, `created_at`) VALUES (55, 22, 24, 'Repellat et in excepturi aliquam sed ut ipsum.', '2010-12-23 08:10:20');
INSERT INTO `messages` (`id`, `from_user_id`, `to_user_id`, `text`, `created_at`) VALUES (56, 32, 95, 'Et tempora quisquam accusamus similique nostrum consectetur unde.', '1978-04-04 11:33:04');
INSERT INTO `messages` (`id`, `from_user_id`, `to_user_id`, `text`, `created_at`) VALUES (57, 34, 100, 'Reiciendis minima nihil aut sit suscipit reiciendis earum.', '2007-07-29 07:11:04');
INSERT INTO `messages` (`id`, `from_user_id`, `to_user_id`, `text`, `created_at`) VALUES (58, 95, 20, 'Et assumenda ut atque natus.', '2017-11-02 01:50:13');
INSERT INTO `messages` (`id`, `from_user_id`, `to_user_id`, `text`, `created_at`) VALUES (59, 27, 3, 'Vero atque suscipit eius iure deserunt eum culpa.', '1973-11-09 07:06:31');
INSERT INTO `messages` (`id`, `from_user_id`, `to_user_id`, `text`, `created_at`) VALUES (60, 3, 89, 'Libero eum eaque et et et autem id.', '2002-05-06 06:47:23');
INSERT INTO `messages` (`id`, `from_user_id`, `to_user_id`, `text`, `created_at`) VALUES (61, 8, 84, 'Pariatur dolorem quaerat nihil facere autem doloremque quia.', '1995-08-10 19:49:06');
INSERT INTO `messages` (`id`, `from_user_id`, `to_user_id`, `text`, `created_at`) VALUES (62, 73, 12, 'Ut quia reprehenderit numquam distinctio voluptate.', '1981-09-30 03:21:43');
INSERT INTO `messages` (`id`, `from_user_id`, `to_user_id`, `text`, `created_at`) VALUES (63, 10, 89, 'Omnis consequatur neque labore est cum vero.', '2013-08-07 20:41:05');
INSERT INTO `messages` (`id`, `from_user_id`, `to_user_id`, `text`, `created_at`) VALUES (64, 24, 59, 'Omnis enim culpa magni quia.', '1985-04-25 02:20:46');
INSERT INTO `messages` (`id`, `from_user_id`, `to_user_id`, `text`, `created_at`) VALUES (65, 4, 52, 'Rerum eum nobis id voluptatem placeat ut et.', '2017-01-02 15:35:00');
INSERT INTO `messages` (`id`, `from_user_id`, `to_user_id`, `text`, `created_at`) VALUES (66, 78, 60, 'Qui facilis molestiae et qui dolores ipsam vero.', '1993-09-04 02:00:12');
INSERT INTO `messages` (`id`, `from_user_id`, `to_user_id`, `text`, `created_at`) VALUES (67, 66, 56, 'Perspiciatis et consequatur qui amet.', '1978-04-30 18:16:30');
INSERT INTO `messages` (`id`, `from_user_id`, `to_user_id`, `text`, `created_at`) VALUES (68, 39, 71, 'Laudantium provident aliquam illo similique distinctio.', '1981-08-05 02:00:14');
INSERT INTO `messages` (`id`, `from_user_id`, `to_user_id`, `text`, `created_at`) VALUES (69, 81, 85, 'Nulla qui sunt nulla quod voluptatem optio.', '1986-02-08 15:45:21');
INSERT INTO `messages` (`id`, `from_user_id`, `to_user_id`, `text`, `created_at`) VALUES (70, 76, 2, 'Nemo nihil exercitationem deserunt quibusdam et modi.', '2012-03-09 05:35:43');
INSERT INTO `messages` (`id`, `from_user_id`, `to_user_id`, `text`, `created_at`) VALUES (71, 9, 8, 'Consequatur adipisci qui expedita deleniti perferendis explicabo cumque.', '1995-02-02 17:21:16');
INSERT INTO `messages` (`id`, `from_user_id`, `to_user_id`, `text`, `created_at`) VALUES (72, 96, 42, 'Dolore minima quibusdam pariatur fuga aut inventore.', '2016-07-06 15:25:32');
INSERT INTO `messages` (`id`, `from_user_id`, `to_user_id`, `text`, `created_at`) VALUES (73, 8, 91, 'Sed aut saepe et magni corporis temporibus est.', '1987-08-27 21:39:22');
INSERT INTO `messages` (`id`, `from_user_id`, `to_user_id`, `text`, `created_at`) VALUES (74, 62, 34, 'Doloribus aliquid eum totam dolor doloribus.', '2000-10-05 16:35:11');
INSERT INTO `messages` (`id`, `from_user_id`, `to_user_id`, `text`, `created_at`) VALUES (75, 93, 65, 'Itaque molestias quae laboriosam quia beatae quis est.', '2017-11-06 08:12:08');
INSERT INTO `messages` (`id`, `from_user_id`, `to_user_id`, `text`, `created_at`) VALUES (76, 23, 100, 'Dolorum dignissimos cupiditate dolore aliquid debitis illum.', '2014-05-25 03:26:36');
INSERT INTO `messages` (`id`, `from_user_id`, `to_user_id`, `text`, `created_at`) VALUES (77, 48, 95, 'Dolorem exercitationem architecto ab mollitia voluptatem hic.', '2011-05-26 00:52:30');
INSERT INTO `messages` (`id`, `from_user_id`, `to_user_id`, `text`, `created_at`) VALUES (78, 12, 58, 'Minus ex aperiam doloremque non.', '1999-01-15 00:12:18');
INSERT INTO `messages` (`id`, `from_user_id`, `to_user_id`, `text`, `created_at`) VALUES (79, 84, 35, 'Ut fugit et sit.', '2007-02-01 17:54:40');
INSERT INTO `messages` (`id`, `from_user_id`, `to_user_id`, `text`, `created_at`) VALUES (80, 16, 88, 'Repellendus temporibus et odit et laudantium dolores repellendus quod.', '2017-11-04 23:32:13');
INSERT INTO `messages` (`id`, `from_user_id`, `to_user_id`, `text`, `created_at`) VALUES (81, 86, 94, 'Quibusdam qui quis corporis aperiam.', '1977-09-12 21:24:48');
INSERT INTO `messages` (`id`, `from_user_id`, `to_user_id`, `text`, `created_at`) VALUES (82, 47, 52, 'Labore asperiores aut et vel minima.', '1992-09-02 02:55:04');
INSERT INTO `messages` (`id`, `from_user_id`, `to_user_id`, `text`, `created_at`) VALUES (83, 49, 86, 'Vero sint sint est facere ut.', '2013-10-30 03:12:20');
INSERT INTO `messages` (`id`, `from_user_id`, `to_user_id`, `text`, `created_at`) VALUES (84, 23, 30, 'Quae sint a voluptatem.', '2016-02-24 12:52:48');
INSERT INTO `messages` (`id`, `from_user_id`, `to_user_id`, `text`, `created_at`) VALUES (85, 70, 99, 'Mollitia dolorem quis quia distinctio et omnis.', '1988-08-11 00:07:38');
INSERT INTO `messages` (`id`, `from_user_id`, `to_user_id`, `text`, `created_at`) VALUES (86, 32, 79, 'Et fugiat vel ipsam ut eaque labore.', '1978-04-03 08:43:30');
INSERT INTO `messages` (`id`, `from_user_id`, `to_user_id`, `text`, `created_at`) VALUES (87, 6, 27, 'Repellendus debitis accusantium culpa laborum odio at.', '1980-11-22 02:15:20');
INSERT INTO `messages` (`id`, `from_user_id`, `to_user_id`, `text`, `created_at`) VALUES (88, 20, 13, 'Dolores magni omnis eveniet laudantium repudiandae deserunt.', '1976-08-15 05:32:47');
INSERT INTO `messages` (`id`, `from_user_id`, `to_user_id`, `text`, `created_at`) VALUES (89, 17, 82, 'Vero ut ratione quia.', '1979-09-20 13:29:40');
INSERT INTO `messages` (`id`, `from_user_id`, `to_user_id`, `text`, `created_at`) VALUES (90, 47, 10, 'Aut occaecati ea dolorem est aut accusantium.', '2012-05-08 07:28:27');
INSERT INTO `messages` (`id`, `from_user_id`, `to_user_id`, `text`, `created_at`) VALUES (91, 46, 69, 'Ab libero qui perferendis ut saepe ut et molestias.', '2005-11-23 04:30:32');
INSERT INTO `messages` (`id`, `from_user_id`, `to_user_id`, `text`, `created_at`) VALUES (92, 9, 94, 'Voluptatem assumenda sed esse asperiores aperiam laborum.', '1996-11-11 19:53:52');
INSERT INTO `messages` (`id`, `from_user_id`, `to_user_id`, `text`, `created_at`) VALUES (93, 64, 21, 'Quo et est maiores quos dolorem.', '2012-07-06 00:32:48');
INSERT INTO `messages` (`id`, `from_user_id`, `to_user_id`, `text`, `created_at`) VALUES (94, 51, 47, 'Accusamus est qui optio quia rerum.', '1986-09-27 02:51:26');
INSERT INTO `messages` (`id`, `from_user_id`, `to_user_id`, `text`, `created_at`) VALUES (95, 56, 66, 'Rem maxime quae sed distinctio repellendus.', '1997-02-20 03:45:42');
INSERT INTO `messages` (`id`, `from_user_id`, `to_user_id`, `text`, `created_at`) VALUES (96, 34, 42, 'Voluptas debitis est cumque quidem totam et.', '2005-06-18 11:58:48');
INSERT INTO `messages` (`id`, `from_user_id`, `to_user_id`, `text`, `created_at`) VALUES (97, 59, 81, 'Non corrupti ipsam saepe dignissimos voluptatum.', '1983-08-14 03:13:57');
INSERT INTO `messages` (`id`, `from_user_id`, `to_user_id`, `text`, `created_at`) VALUES (98, 93, 8, 'Impedit quia in tempore porro nemo dolores.', '2010-06-25 21:28:30');
INSERT INTO `messages` (`id`, `from_user_id`, `to_user_id`, `text`, `created_at`) VALUES (99, 66, 16, 'Molestias quisquam temporibus enim repellendus nihil.', '2007-06-30 09:02:43');
INSERT INTO `messages` (`id`, `from_user_id`, `to_user_id`, `text`, `created_at`) VALUES (100, 37, 36, 'Sed ullam aut sunt et et consectetur nihil.', '2002-06-23 19:49:54');
      
          

INSERT INTO `media` (`id`, `media_type_id`, `text`, `file`, `size`, `metadata`) VALUES (1, 2, 'Sed facere rerum explicabo eius. Corporis enim quo vel nulla. Vel voluptas officia temporibus laborum odit quam.', NULL, 87523, NULL);
INSERT INTO `media` (`id`, `media_type_id`, `text`, `file`, `size`, `metadata`) VALUES (2, 3, 'Quasi aspernatur mollitia sint modi. Repudiandae numquam harum sit ullam vel neque. Sit eveniet mollitia quasi ipsa vel placeat eum et. Quia qui quia aut sed unde ullam.', NULL, 8976, NULL);
INSERT INTO `media` (`id`, `media_type_id`, `text`, `file`, `size`, `metadata`) VALUES (3, 3, 'Incidunt qui iure et accusamus ut tempora. A at quae quia dolor sed vitae.', NULL, 2, NULL);
INSERT INTO `media` (`id`, `media_type_id`, `text`, `file`, `size`, `metadata`) VALUES (4, 3, 'Enim atque dolorem eaque et reprehenderit autem. Cumque eos eligendi ex consequatur.\nSit fuga perferendis eveniet suscipit. Nesciunt esse sit veniam est eos consectetur. Amet totam odio est dolores.', NULL, 302789, NULL);
INSERT INTO `media` (`id`, `media_type_id`, `text`, `file`, `size`, `metadata`) VALUES (5, 4, 'Culpa qui corporis quo sit. Et voluptas rerum quisquam omnis id. Dolor ut nihil vero soluta qui.', NULL, 494270, NULL);
INSERT INTO `media` (`id`, `media_type_id`, `text`, `file`, `size`, `metadata`) VALUES (6, 3, 'Et officiis non in quisquam vel ut rerum. Minus porro eum vel laudantium et vel. Ab autem eaque quaerat molestiae voluptatem.', NULL, 11, NULL);
INSERT INTO `media` (`id`, `media_type_id`, `text`, `file`, `size`, `metadata`) VALUES (7, 3, 'Consequatur a est rerum nobis ipsam eos. Et incidunt dicta quisquam aut.', NULL, 642995, NULL);
INSERT INTO `media` (`id`, `media_type_id`, `text`, `file`, `size`, `metadata`) VALUES (8, 4, 'Rerum totam libero distinctio fuga rerum at. Officia et reprehenderit tenetur eos molestiae quia. Voluptatibus perferendis voluptatem sit aut. Sit voluptatem est nihil et et sequi sit.', NULL, 86564255, NULL);
INSERT INTO `media` (`id`, `media_type_id`, `text`, `file`, `size`, `metadata`) VALUES (9, 2, 'Tenetur quas occaecati ipsa vel. Ea doloremque excepturi et quam. Nostrum illum ut et voluptas.', NULL, 5896889, NULL);
INSERT INTO `media` (`id`, `media_type_id`, `text`, `file`, `size`, `metadata`) VALUES (10, 4, 'Est qui sit debitis vero accusamus dolore. Est necessitatibus eos non sunt. Totam ea repellat placeat voluptatem minus. Occaecati autem voluptatum nostrum vel quo accusamus dolorum repudiandae.', NULL, 6, NULL);
INSERT INTO `media` (`id`, `media_type_id`, `text`, `file`, `size`, `metadata`) VALUES (11, 1, 'Eum inventore temporibus vero sequi vel sint perspiciatis excepturi. Beatae quo aliquid ut voluptatem nam dolore error. Pariatur est autem autem voluptas quidem quas sit.', NULL, 25233, NULL);
INSERT INTO `media` (`id`, `media_type_id`, `text`, `file`, `size`, `metadata`) VALUES (12, 1, 'Nostrum temporibus aliquid laboriosam quia autem qui culpa. Fuga est omnis architecto. Eaque tempore a eos impedit quia vel.', NULL, 346, NULL);
INSERT INTO `media` (`id`, `media_type_id`, `text`, `file`, `size`, `metadata`) VALUES (13, 2, 'Qui maxime delectus repellat nobis. Ipsum atque odit commodi aut aut aut. Ut quo ea at omnis facilis quo enim.', NULL, 19, NULL);
INSERT INTO `media` (`id`, `media_type_id`, `text`, `file`, `size`, `metadata`) VALUES (14, 4, 'Ea sapiente quae aut nisi est soluta ab. Tempora rerum voluptas sed consequuntur. Culpa illo impedit neque quis fuga suscipit.', NULL, 38, NULL);
INSERT INTO `media` (`id`, `media_type_id`, `text`, `file`, `size`, `metadata`) VALUES (15, 2, 'Sunt ea accusantium est laboriosam omnis consequuntur optio assumenda. Ratione labore consequuntur dolor. Rerum itaque minima vel ut. Id similique quam exercitationem laudantium.', NULL, 4, NULL);
INSERT INTO `media` (`id`, `media_type_id`, `text`, `file`, `size`, `metadata`) VALUES (16, 1, 'Quia non soluta rem corrupti dicta. Eum asperiores provident consequuntur aliquam nostrum. Similique quis perspiciatis quia.', NULL, 965, NULL);
INSERT INTO `media` (`id`, `media_type_id`, `text`, `file`, `size`, `metadata`) VALUES (17, 2, 'Qui corrupti sit vel qui facere. Exercitationem rerum minus ab iusto corrupti nihil. Est laborum deserunt occaecati aperiam vel. Et quaerat eos iste asperiores.', NULL, 4852, NULL);
INSERT INTO `media` (`id`, `media_type_id`, `text`, `file`, `size`, `metadata`) VALUES (18, 4, 'Laudantium dolorem aliquam rerum occaecati ea. Ratione libero veniam praesentium praesentium laborum. Quo occaecati iste eum qui eos accusantium consectetur.', NULL, 861, NULL);
INSERT INTO `media` (`id`, `media_type_id`, `text`, `file`, `size`, `metadata`) VALUES (19, 3, 'Laboriosam ex ab numquam sed vero. Eum accusamus omnis ipsam quam autem non. Placeat nesciunt et laboriosam deserunt tempora. Suscipit adipisci consequuntur accusantium.', NULL, 18670481, NULL);
INSERT INTO `media` (`id`, `media_type_id`, `text`, `file`, `size`, `metadata`) VALUES (20, 1, 'Dolore dolor veniam provident ut enim quam. Quam laboriosam consequuntur nostrum voluptate quibusdam officia. Et excepturi quas itaque ut voluptas animi cumque.', NULL, 288968, NULL);
INSERT INTO `media` (`id`, `media_type_id`, `text`, `file`, `size`, `metadata`) VALUES (21, 1, 'Voluptas iste nam occaecati non autem non. Excepturi esse atque eum dolore est laboriosam ipsam. Voluptatibus voluptas et qui quia aliquam voluptates omnis. Et et at est voluptatibus.', NULL, 30850494, NULL);
INSERT INTO `media` (`id`, `media_type_id`, `text`, `file`, `size`, `metadata`) VALUES (22, 3, 'Molestias porro perferendis eum aspernatur voluptatem autem a debitis. Cupiditate autem amet esse suscipit.', NULL, 19, NULL);
INSERT INTO `media` (`id`, `media_type_id`, `text`, `file`, `size`, `metadata`) VALUES (23, 4, 'Et sed inventore harum optio adipisci voluptas quia error. Commodi quaerat qui et. Natus natus enim voluptatum amet rerum occaecati. Autem ea sapiente aperiam quisquam recusandae cum.', NULL, 5, NULL);
INSERT INTO `media` (`id`, `media_type_id`, `text`, `file`, `size`, `metadata`) VALUES (24, 3, 'Sit est sed voluptas rerum repellendus est amet. Tenetur non facilis quis cumque neque a quia. Amet reiciendis voluptatem nihil.', NULL, 29411, NULL);
INSERT INTO `media` (`id`, `media_type_id`, `text`, `file`, `size`, `metadata`) VALUES (25, 2, 'Voluptatum quis cum qui nesciunt. Fuga atque fugit omnis qui earum est. Et voluptas possimus minus architecto repellat similique omnis. Voluptatem facere minima et qui.', NULL, 0, NULL);
INSERT INTO `media` (`id`, `media_type_id`, `text`, `file`, `size`, `metadata`) VALUES (26, 4, 'Provident aut quia veritatis animi. Ut nisi error sit id nostrum id.', NULL, 2, NULL);
INSERT INTO `media` (`id`, `media_type_id`, `text`, `file`, `size`, `metadata`) VALUES (27, 3, 'Est ex veniam quibusdam vero et. Harum aut officiis ipsum vero vel. Et mollitia libero atque sit. Dignissimos soluta eius nihil.', NULL, 3307, NULL);
INSERT INTO `media` (`id`, `media_type_id`, `text`, `file`, `size`, `metadata`) VALUES (28, 4, 'Aperiam libero ad et inventore exercitationem natus. Necessitatibus fugit at totam earum. Qui rerum ea qui et quidem doloremque et recusandae.', NULL, 4022482, NULL);
INSERT INTO `media` (`id`, `media_type_id`, `text`, `file`, `size`, `metadata`) VALUES (29, 3, 'Earum et consectetur voluptates vero. Nihil omnis sunt qui eius quisquam. Et possimus omnis id qui voluptatem. Est quibusdam non omnis quo.', NULL, 50811, NULL);
INSERT INTO `media` (`id`, `media_type_id`, `text`, `file`, `size`, `metadata`) VALUES (30, 3, 'Cum quia sunt eveniet laboriosam enim architecto aliquid fuga. Consequatur sed amet itaque quod. Ratione distinctio corporis totam maiores aperiam odit.', NULL, 762388958, NULL);
INSERT INTO `media` (`id`, `media_type_id`, `text`, `file`, `size`, `metadata`) VALUES (31, 4, 'Architecto quod quia aut delectus dolores nostrum. Ratione et necessitatibus sed vero. Ut suscipit ducimus dolore et nesciunt. Officiis est corporis neque aut architecto rem quaerat.', NULL, 1, NULL);
INSERT INTO `media` (`id`, `media_type_id`, `text`, `file`, `size`, `metadata`) VALUES (32, 1, 'Eligendi aut impedit ipsam dolor ad. Cumque error quis impedit illo exercitationem. Eligendi rerum voluptatem voluptatem vitae earum placeat asperiores.', NULL, 3737, NULL);
INSERT INTO `media` (`id`, `media_type_id`, `text`, `file`, `size`, `metadata`) VALUES (33, 1, 'Incidunt repellat atque delectus quod eos praesentium. Quod ut consequuntur eligendi soluta eligendi qui aut. Placeat numquam debitis porro alias et quo. Ullam perspiciatis blanditiis magni illum.', NULL, 2, NULL);
INSERT INTO `media` (`id`, `media_type_id`, `text`, `file`, `size`, `metadata`) VALUES (34, 2, 'Sequi quia maiores autem laboriosam doloremque. Voluptate est et at adipisci quisquam quia eos et. Sit et quos error.', NULL, 7310, NULL);
INSERT INTO `media` (`id`, `media_type_id`, `text`, `file`, `size`, `metadata`) VALUES (35, 3, 'In unde quia voluptas amet. Tempore quis nulla nemo voluptatum. Adipisci nostrum id molestias iure perferendis dolorem.', NULL, 3422762, NULL);
INSERT INTO `media` (`id`, `media_type_id`, `text`, `file`, `size`, `metadata`) VALUES (36, 1, 'Non quia voluptas nihil dolor numquam dolore. Rerum voluptatem et laboriosam nihil voluptatem possimus itaque.', NULL, 43909, NULL);
INSERT INTO `media` (`id`, `media_type_id`, `text`, `file`, `size`, `metadata`) VALUES (37, 1, 'Nihil consequatur laudantium ut. Est quis velit provident quo nemo qui dolores expedita. Veritatis est optio voluptas id aperiam.', NULL, 539, NULL);
INSERT INTO `media` (`id`, `media_type_id`, `text`, `file`, `size`, `metadata`) VALUES (38, 1, 'Vel tempore vel est laborum. Id magni rerum sit. Adipisci fugit quia quam repudiandae perspiciatis quia. Vel distinctio nihil amet vel sit et est.', NULL, 845, NULL);
INSERT INTO `media` (`id`, `media_type_id`, `text`, `file`, `size`, `metadata`) VALUES (39, 4, 'Deleniti asperiores neque cum. Earum reprehenderit eveniet id omnis quis delectus. Pariatur repudiandae occaecati nesciunt odio aspernatur vel cumque. Aspernatur pariatur omnis natus aliquam omnis.', NULL, 5390, NULL);
INSERT INTO `media` (`id`, `media_type_id`, `text`, `file`, `size`, `metadata`) VALUES (40, 2, 'Ea dolores est consequatur aut molestiae saepe exercitationem. Soluta voluptatum tempore iure. Eum eveniet laboriosam qui.', NULL, 498398192, NULL);
INSERT INTO `media` (`id`, `media_type_id`, `text`, `file`, `size`, `metadata`) VALUES (41, 4, 'Dolor aspernatur recusandae voluptatem occaecati suscipit optio et. Expedita sapiente illo nam repellat eos alias fuga.', NULL, 31752559, NULL);
INSERT INTO `media` (`id`, `media_type_id`, `text`, `file`, `size`, `metadata`) VALUES (42, 1, 'Ut culpa minima consectetur pariatur et id ea. Deserunt sapiente non sint. Dolor unde hic esse qui dignissimos.', NULL, 39139, NULL);
INSERT INTO `media` (`id`, `media_type_id`, `text`, `file`, `size`, `metadata`) VALUES (43, 3, 'Est quasi sit libero provident consequatur eveniet reprehenderit. Deserunt amet distinctio dolores. Autem aliquid et aliquid quasi.', NULL, 5158, NULL);
INSERT INTO `media` (`id`, `media_type_id`, `text`, `file`, `size`, `metadata`) VALUES (44, 1, 'Omnis aut eos voluptas ex possimus qui expedita. Corporis totam aut dolore delectus qui possimus. Perspiciatis consequatur soluta non omnis repellat.', NULL, 99, NULL);
INSERT INTO `media` (`id`, `media_type_id`, `text`, `file`, `size`, `metadata`) VALUES (45, 1, 'Non quis sit minima maiores ea. Velit quos cupiditate qui omnis delectus sequi. Deleniti et asperiores qui dicta blanditiis et maxime.', NULL, 388297217, NULL);
INSERT INTO `media` (`id`, `media_type_id`, `text`, `file`, `size`, `metadata`) VALUES (46, 1, 'Tempore voluptatem nulla sed est perferendis. Quos rerum harum ipsam qui doloribus omnis consequatur. Deleniti porro ipsa labore.', NULL, 368292, NULL);
INSERT INTO `media` (`id`, `media_type_id`, `text`, `file`, `size`, `metadata`) VALUES (47, 1, 'Eum pariatur blanditiis asperiores. Nostrum neque totam ut. Quis nobis est optio aperiam voluptates ullam aut. Facilis commodi architecto est commodi.', NULL, 964644603, NULL);
INSERT INTO `media` (`id`, `media_type_id`, `text`, `file`, `size`, `metadata`) VALUES (48, 3, 'Nostrum sit beatae repellendus sit corrupti. Culpa aut quo modi inventore eligendi. Esse laudantium quia sed et eius necessitatibus. Voluptatem dolores sunt distinctio.', NULL, 552540279, NULL);
INSERT INTO `media` (`id`, `media_type_id`, `text`, `file`, `size`, `metadata`) VALUES (49, 1, 'Fugiat in in nesciunt error consectetur. Et rem consequatur nostrum architecto labore. Temporibus ut nobis reprehenderit. Ut minima ut tempore et. Tenetur dolores excepturi dolor sed dolorum et.', NULL, 8400542, NULL);
INSERT INTO `media` (`id`, `media_type_id`, `text`, `file`, `size`, `metadata`) VALUES (50, 4, 'Officiis velit sit distinctio sapiente. Ducimus assumenda quisquam in ipsam omnis sed suscipit. Qui maiores voluptatem quaerat.', NULL, 6805, NULL);
INSERT INTO `media` (`id`, `media_type_id`, `text`, `file`, `size`, `metadata`) VALUES (51, 3, 'Debitis cupiditate asperiores totam nemo. Beatae voluptatum iure quia dignissimos soluta in. Neque deleniti nisi consequatur odio expedita. Debitis odio et et animi quod nobis quod.', NULL, 0, NULL);
INSERT INTO `media` (`id`, `media_type_id`, `text`, `file`, `size`, `metadata`) VALUES (52, 1, 'Placeat quisquam beatae optio ab cupiditate asperiores error nulla. Reiciendis nihil ducimus et amet odio veritatis aspernatur atque. Unde animi dolorem odio ratione illo molestiae.', NULL, 978655, NULL);
INSERT INTO `media` (`id`, `media_type_id`, `text`, `file`, `size`, `metadata`) VALUES (53, 2, 'Fugiat sit id dolores aliquam mollitia. Praesentium magnam odio autem delectus fugit. Accusantium aut ab porro iste temporibus. Voluptatibus exercitationem delectus cupiditate aut aut soluta.', NULL, 25, NULL);
INSERT INTO `media` (`id`, `media_type_id`, `text`, `file`, `size`, `metadata`) VALUES (54, 2, 'Omnis nostrum laudantium deleniti. Ea assumenda possimus eveniet facere libero. Error ab quisquam ducimus dicta.', NULL, 87687, NULL);
INSERT INTO `media` (`id`, `media_type_id`, `text`, `file`, `size`, `metadata`) VALUES (55, 4, 'Est ipsa necessitatibus dignissimos est omnis. Dignissimos a omnis delectus ipsum dolorem deserunt eveniet. Voluptate omnis numquam dolorem libero voluptatibus consequatur quos.', NULL, 52073, NULL);
INSERT INTO `media` (`id`, `media_type_id`, `text`, `file`, `size`, `metadata`) VALUES (56, 3, 'Incidunt vel et consectetur nam suscipit occaecati consequuntur. Optio laborum dolorem ab error vitae nemo. Dolorum delectus omnis quibusdam.', NULL, 3920, NULL);
INSERT INTO `media` (`id`, `media_type_id`, `text`, `file`, `size`, `metadata`) VALUES (57, 1, 'Beatae iure id enim asperiores et velit non. Aliquam quas non quia aut ut. Harum accusamus ad autem.', NULL, 56727870, NULL);
INSERT INTO `media` (`id`, `media_type_id`, `text`, `file`, `size`, `metadata`) VALUES (58, 3, 'Necessitatibus consectetur qui minima beatae est culpa ut ipsa. Molestiae a mollitia velit accusamus. Quisquam ut labore qui omnis.', NULL, 801499335, NULL);
INSERT INTO `media` (`id`, `media_type_id`, `text`, `file`, `size`, `metadata`) VALUES (59, 3, 'Ab eius veritatis fuga error dolores non modi. Est eveniet sunt provident sapiente doloribus omnis eveniet voluptate. Culpa nihil ipsam dicta culpa dolor cum ea.', NULL, 2299, NULL);
INSERT INTO `media` (`id`, `media_type_id`, `text`, `file`, `size`, `metadata`) VALUES (60, 4, 'Enim at id non fugiat doloremque. Animi sit vitae error earum dolores ullam mollitia. Molestiae sed tenetur quo vel repellendus. Doloribus laborum nostrum autem quos ea.', NULL, 57, NULL);
INSERT INTO `media` (`id`, `media_type_id`, `text`, `file`, `size`, `metadata`) VALUES (61, 1, 'Laudantium voluptate molestias alias eum veniam. Eum sed voluptatem provident ut. Cum aspernatur est quia. Voluptatem et ab vel temporibus ipsa.', NULL, 692756, NULL);
INSERT INTO `media` (`id`, `media_type_id`, `text`, `file`, `size`, `metadata`) VALUES (62, 3, 'Est quo aperiam vitae praesentium ipsam. Veniam repellendus aspernatur illo. Et quisquam expedita expedita repellat et. Dolor commodi vel deserunt quis aut deserunt.', NULL, 0, NULL);
INSERT INTO `media` (`id`, `media_type_id`, `text`, `file`, `size`, `metadata`) VALUES (63, 4, 'Praesentium omnis saepe rem. Et qui maiores atque quidem iste est dolores. Est ipsam voluptatem nisi doloribus voluptate dolorem voluptate.', NULL, 9, NULL);
INSERT INTO `media` (`id`, `media_type_id`, `text`, `file`, `size`, `metadata`) VALUES (64, 1, 'Alias unde nisi nam incidunt eum. Quis nulla error autem nihil dolor nam qui. Et repellat sint aspernatur asperiores maiores omnis consequatur eum.', NULL, 979536, NULL);
INSERT INTO `media` (`id`, `media_type_id`, `text`, `file`, `size`, `metadata`) VALUES (65, 4, 'Numquam et aspernatur qui et ut enim asperiores in. Ut aperiam et atque ipsam. Nisi qui sunt qui cumque. Necessitatibus totam consequuntur aut voluptatem asperiores.', NULL, 98, NULL);
INSERT INTO `media` (`id`, `media_type_id`, `text`, `file`, `size`, `metadata`) VALUES (66, 2, 'Molestias cum odit nihil eum repellat. Aut cumque excepturi non id et amet dolor ducimus. Consequatur fugit id ut vel laudantium.', NULL, 201, NULL);
INSERT INTO `media` (`id`, `media_type_id`, `text`, `file`, `size`, `metadata`) VALUES (67, 2, 'Quos laboriosam qui odit. Et cupiditate harum quaerat.', NULL, 114733378, NULL);
INSERT INTO `media` (`id`, `media_type_id`, `text`, `file`, `size`, `metadata`) VALUES (68, 1, 'Ea sed impedit qui repellat laudantium numquam non possimus. Quae ex fuga vel magnam. Voluptas ea quis aut. Ipsam incidunt et placeat et dolorem quae.', NULL, 67, NULL);
INSERT INTO `media` (`id`, `media_type_id`, `text`, `file`, `size`, `metadata`) VALUES (69, 2, 'Ut nesciunt dolores excepturi magni et libero qui. Quia incidunt voluptatem voluptates et voluptate accusamus. Delectus nihil aut dolor voluptatum consequatur qui.', NULL, 1, NULL);
INSERT INTO `media` (`id`, `media_type_id`, `text`, `file`, `size`, `metadata`) VALUES (70, 2, 'Ipsam voluptatum et enim et voluptates magni. Tenetur doloremque eligendi impedit quia. Ea ad eligendi natus sapiente. Incidunt quia quod voluptatum aut.', NULL, 2309836, NULL);
INSERT INTO `media` (`id`, `media_type_id`, `text`, `file`, `size`, `metadata`) VALUES (71, 3, 'Esse praesentium totam ipsum quia. Autem similique autem ratione sed pariatur minus. Veniam accusamus porro cumque voluptates. Nisi officiis magni eum velit et iure.', NULL, 9, NULL);
INSERT INTO `media` (`id`, `media_type_id`, `text`, `file`, `size`, `metadata`) VALUES (72, 1, 'Eveniet dolores et corrupti atque magni. Enim ea ut autem accusamus. Beatae enim sint fugit iure omnis magnam.', NULL, 0, NULL);
INSERT INTO `media` (`id`, `media_type_id`, `text`, `file`, `size`, `metadata`) VALUES (73, 2, 'Consequatur error quia iure recusandae quia quos. Quidem laboriosam explicabo aut voluptatem harum perferendis accusantium. Vel minus ducimus fuga corporis consequatur quia quas.', NULL, 61070, NULL);
INSERT INTO `media` (`id`, `media_type_id`, `text`, `file`, `size`, `metadata`) VALUES (74, 2, 'Ullam et mollitia eum. Modi molestiae deleniti dolore.', NULL, 0, NULL);
INSERT INTO `media` (`id`, `media_type_id`, `text`, `file`, `size`, `metadata`) VALUES (75, 2, 'Deserunt beatae eveniet nesciunt quae nisi dignissimos rem. Molestias blanditiis placeat eum porro rem dignissimos. Tenetur culpa et illo aut est qui.', NULL, 59471, NULL);
INSERT INTO `media` (`id`, `media_type_id`, `text`, `file`, `size`, `metadata`) VALUES (76, 3, 'Accusantium rerum delectus sit dolorem consequatur numquam optio. Dolorem iste saepe et et ex optio saepe. Quasi molestiae quis veniam atque. Id esse aut expedita aspernatur doloremque.', NULL, 0, NULL);
INSERT INTO `media` (`id`, `media_type_id`, `text`, `file`, `size`, `metadata`) VALUES (77, 2, 'Eum laudantium magnam eius fugiat et saepe. Porro aliquam omnis ut velit. Praesentium et sit officia qui.', NULL, 6817621, NULL);
INSERT INTO `media` (`id`, `media_type_id`, `text`, `file`, `size`, `metadata`) VALUES (78, 3, 'Commodi in est omnis cupiditate. Occaecati aut sed id et ea dicta magnam. Ut accusantium culpa voluptas vel est sit placeat velit. Molestiae ut nulla magni eligendi est ut.', NULL, 34, NULL);
INSERT INTO `media` (`id`, `media_type_id`, `text`, `file`, `size`, `metadata`) VALUES (79, 1, 'Fugiat necessitatibus ratione accusamus quia. Autem nobis ducimus placeat magnam consequatur temporibus aut aut. Ut quia similique voluptas aut.', NULL, 69220868, NULL);
INSERT INTO `media` (`id`, `media_type_id`, `text`, `file`, `size`, `metadata`) VALUES (80, 3, 'Blanditiis quis saepe accusantium quaerat. Labore qui est quas sunt sint eos. Quia tenetur velit ea ex.', NULL, 75221035, NULL);
INSERT INTO `media` (`id`, `media_type_id`, `text`, `file`, `size`, `metadata`) VALUES (81, 2, 'Dolor sed velit consequatur recusandae nam est at. Dolor et dolore qui tenetur iste consequuntur. Sint nisi accusantium tempore maxime explicabo.', NULL, 4651, NULL);
INSERT INTO `media` (`id`, `media_type_id`, `text`, `file`, `size`, `metadata`) VALUES (82, 3, 'Earum aperiam quia aut quis eum molestias. Ipsam voluptatem dolorum non assumenda modi officiis veritatis. Aut velit aut cumque blanditiis iste aperiam recusandae. Sed est quo nihil maiores adipisci.', NULL, 137, NULL);
INSERT INTO `media` (`id`, `media_type_id`, `text`, `file`, `size`, `metadata`) VALUES (83, 4, 'Hic inventore rem impedit suscipit nobis. Ut aut quasi delectus dolor. Earum consectetur sint ab voluptatum. Tempore molestiae officiis tenetur excepturi fugit est labore eum.', NULL, 585365374, NULL);
INSERT INTO `media` (`id`, `media_type_id`, `text`, `file`, `size`, `metadata`) VALUES (84, 4, 'Delectus autem ut nesciunt. Mollitia id eveniet accusantium id. Quae vel non ea asperiores vero voluptatem perferendis. Est fugit repudiandae aut.', NULL, 9959, NULL);
INSERT INTO `media` (`id`, `media_type_id`, `text`, `file`, `size`, `metadata`) VALUES (85, 1, 'Qui molestias rerum aut iusto. Odit delectus fugit facilis maiores quibusdam inventore ducimus ut. Eos voluptatibus odit voluptas officia deserunt. Veniam facere aut provident unde sunt rerum est.', NULL, 47698, NULL);
INSERT INTO `media` (`id`, `media_type_id`, `text`, `file`, `size`, `metadata`) VALUES (86, 4, 'Alias eveniet et ipsum ea et. Expedita consequatur sed est dolores. Aut numquam dignissimos quisquam consequatur quae amet quia quidem.', NULL, 0, NULL);
INSERT INTO `media` (`id`, `media_type_id`, `text`, `file`, `size`, `metadata`) VALUES (87, 3, 'Dolore esse harum nisi ipsam unde tenetur molestiae rem. Atque dolorum maxime reprehenderit ut. Et est deserunt adipisci aut quia rerum molestiae.', NULL, 745643524, NULL);
INSERT INTO `media` (`id`, `media_type_id`, `text`, `file`, `size`, `metadata`) VALUES (88, 2, 'Ex ipsam nihil et repellendus nemo. Aut occaecati ut provident. Et autem ut voluptatem. Est corporis suscipit corporis sunt aliquid.', NULL, 5, NULL);
INSERT INTO `media` (`id`, `media_type_id`, `text`, `file`, `size`, `metadata`) VALUES (89, 2, 'Sapiente et quas ab nulla. Velit repudiandae quo sit impedit quibusdam et. Soluta debitis quo aspernatur molestias nesciunt optio qui. Cupiditate et a sit accusamus quam.', NULL, 0, NULL);
INSERT INTO `media` (`id`, `media_type_id`, `text`, `file`, `size`, `metadata`) VALUES (90, 1, 'Sint rerum assumenda accusantium dolorum ad sunt aut. Dolorem dolores odit maxime omnis qui recusandae. Ut reprehenderit veritatis accusantium sed voluptatem nesciunt.', NULL, 3, NULL);
INSERT INTO `media` (`id`, `media_type_id`, `text`, `file`, `size`, `metadata`) VALUES (91, 1, 'Dolor nisi voluptas veniam nihil repudiandae occaecati est. Rem commodi fugit et laborum architecto eius sint molestias. Fuga harum minima eos eaque non officiis voluptatem sint.', NULL, 84, NULL);
INSERT INTO `media` (`id`, `media_type_id`, `text`, `file`, `size`, `metadata`) VALUES (92, 2, 'In excepturi perspiciatis itaque totam quas laborum aperiam. Quidem doloribus ut quasi. Consequuntur inventore quam qui et quo repellat. Quo atque similique aut quibusdam voluptatem.', NULL, 67, NULL);
INSERT INTO `media` (`id`, `media_type_id`, `text`, `file`, `size`, `metadata`) VALUES (93, 3, 'Qui dolor non quisquam et maiores voluptas fuga atque. Velit amet autem veritatis molestiae nobis voluptas. Tempora est et fugit voluptas eum eos. Non nihil quisquam quo tenetur.', NULL, 7568965, NULL);
INSERT INTO `media` (`id`, `media_type_id`, `text`, `file`, `size`, `metadata`) VALUES (94, 4, 'Et quaerat inventore eveniet aliquid eum reiciendis nam. Veniam quod maiores modi. Accusantium voluptas recusandae aut dicta.', NULL, 0, NULL);
INSERT INTO `media` (`id`, `media_type_id`, `text`, `file`, `size`, `metadata`) VALUES (95, 3, 'Voluptatem molestiae delectus qui facilis vel. Molestiae sunt provident nam et architecto possimus. Quasi quia ullam fugit placeat possimus voluptatibus.', NULL, 838, NULL);
INSERT INTO `media` (`id`, `media_type_id`, `text`, `file`, `size`, `metadata`) VALUES (96, 3, 'Tempora deserunt iusto similique perspiciatis sit. Dolorem animi qui et sed id. Consequatur officia nihil qui ea voluptas. Laudantium eveniet occaecati error dolore laboriosam.', NULL, 819, NULL);
INSERT INTO `media` (`id`, `media_type_id`, `text`, `file`, `size`, `metadata`) VALUES (97, 1, 'Provident tempora qui rerum suscipit. Dolores quaerat quia earum porro distinctio deleniti architecto. Aut aliquam voluptatum velit pariatur itaque. Culpa et quibusdam est velit ut nihil.', NULL, 719920315, NULL);
INSERT INTO `media` (`id`, `media_type_id`, `text`, `file`, `size`, `metadata`) VALUES (98, 4, 'Nemo eum incidunt voluptates cumque. Fugit quod praesentium quia perspiciatis iste saepe. Pariatur in velit voluptatibus.', NULL, 0, NULL);
INSERT INTO `media` (`id`, `media_type_id`, `text`, `file`, `size`, `metadata`) VALUES (99, 3, 'A omnis reiciendis molestiae occaecati beatae. Tenetur repellat voluptatem quae dolorum quod qui laborum. Maxime asperiores corrupti consectetur aliquam laborum dolor ut.', NULL, 9, NULL);
INSERT INTO `media` (`id`, `media_type_id`, `text`, `file`, `size`, `metadata`) VALUES (100, 2, 'Voluptates accusamus praesentium facilis facilis quos perspiciatis. Occaecati sunt est provident similique iste qui sit. Et consequuntur est eligendi necessitatibus aut.', NULL, 1193623, NULL);    
      
INSERT INTO `communities` (`id`, `name`, `admin_id`) VALUES (1, 'voluptatibus', 97);
INSERT INTO `communities` (`id`, `name`, `admin_id`) VALUES (2, 'voluptates', 40);
INSERT INTO `communities` (`id`, `name`, `admin_id`) VALUES (3, 'voluptates', 39);
INSERT INTO `communities` (`id`, `name`, `admin_id`) VALUES (4, 'est', 11);
INSERT INTO `communities` (`id`, `name`, `admin_id`) VALUES (5, 'magnam', 5);
INSERT INTO `communities` (`id`, `name`, `admin_id`) VALUES (6, 'quas', 75);
INSERT INTO `communities` (`id`, `name`, `admin_id`) VALUES (7, 'vel', 99);
INSERT INTO `communities` (`id`, `name`, `admin_id`) VALUES (8, 'ducimus', 17);
INSERT INTO `communities` (`id`, `name`, `admin_id`) VALUES (9, 'earum', 76);
INSERT INTO `communities` (`id`, `name`, `admin_id`) VALUES (10, 'id', 70);     
     
INSERT INTO `friend_requests` (`from_user_id`, `to_user_id`, `status`) VALUES (1, 43, 0);
INSERT INTO `friend_requests` (`from_user_id`, `to_user_id`, `status`) VALUES (3, 13, 0);
INSERT INTO `friend_requests` (`from_user_id`, `to_user_id`, `status`) VALUES (3, 37, 0);
INSERT INTO `friend_requests` (`from_user_id`, `to_user_id`, `status`) VALUES (4, 36, 0);
INSERT INTO `friend_requests` (`from_user_id`, `to_user_id`, `status`) VALUES (4, 56, 0);
INSERT INTO `friend_requests` (`from_user_id`, `to_user_id`, `status`) VALUES (7, 25, 0);
INSERT INTO `friend_requests` (`from_user_id`, `to_user_id`, `status`) VALUES (7, 90, 0);
INSERT INTO `friend_requests` (`from_user_id`, `to_user_id`, `status`) VALUES (8, 62, 0);
INSERT INTO `friend_requests` (`from_user_id`, `to_user_id`, `status`) VALUES (8, 76, 0);
INSERT INTO `friend_requests` (`from_user_id`, `to_user_id`, `status`) VALUES (10, 14, 0);
INSERT INTO `friend_requests` (`from_user_id`, `to_user_id`, `status`) VALUES (11, 41, 0);
INSERT INTO `friend_requests` (`from_user_id`, `to_user_id`, `status`) VALUES (11, 63, 0);
INSERT INTO `friend_requests` (`from_user_id`, `to_user_id`, `status`) VALUES (11, 66, 0);
INSERT INTO `friend_requests` (`from_user_id`, `to_user_id`, `status`) VALUES (12, 1, 0);
INSERT INTO `friend_requests` (`from_user_id`, `to_user_id`, `status`) VALUES (12, 13, 0);
INSERT INTO `friend_requests` (`from_user_id`, `to_user_id`, `status`) VALUES (12, 33, 0);
INSERT INTO `friend_requests` (`from_user_id`, `to_user_id`, `status`) VALUES (14, 22, 0);
INSERT INTO `friend_requests` (`from_user_id`, `to_user_id`, `status`) VALUES (15, 97, 0);
INSERT INTO `friend_requests` (`from_user_id`, `to_user_id`, `status`) VALUES (15, 99, 0);
INSERT INTO `friend_requests` (`from_user_id`, `to_user_id`, `status`) VALUES (16, 16, 0);
INSERT INTO `friend_requests` (`from_user_id`, `to_user_id`, `status`) VALUES (16, 27, 0);
INSERT INTO `friend_requests` (`from_user_id`, `to_user_id`, `status`) VALUES (17, 58, 0);
INSERT INTO `friend_requests` (`from_user_id`, `to_user_id`, `status`) VALUES (17, 66, 0);
INSERT INTO `friend_requests` (`from_user_id`, `to_user_id`, `status`) VALUES (17, 73, 0);
INSERT INTO `friend_requests` (`from_user_id`, `to_user_id`, `status`) VALUES (18, 89, 0);
INSERT INTO `friend_requests` (`from_user_id`, `to_user_id`, `status`) VALUES (20, 18, 0);
INSERT INTO `friend_requests` (`from_user_id`, `to_user_id`, `status`) VALUES (20, 39, 0);
INSERT INTO `friend_requests` (`from_user_id`, `to_user_id`, `status`) VALUES (21, 27, 0);
INSERT INTO `friend_requests` (`from_user_id`, `to_user_id`, `status`) VALUES (22, 22, 0);
INSERT INTO `friend_requests` (`from_user_id`, `to_user_id`, `status`) VALUES (23, 93, 0);
INSERT INTO `friend_requests` (`from_user_id`, `to_user_id`, `status`) VALUES (26, 8, 0);
INSERT INTO `friend_requests` (`from_user_id`, `to_user_id`, `status`) VALUES (27, 50, 0);
INSERT INTO `friend_requests` (`from_user_id`, `to_user_id`, `status`) VALUES (29, 80, 0);
INSERT INTO `friend_requests` (`from_user_id`, `to_user_id`, `status`) VALUES (29, 93, 0);
INSERT INTO `friend_requests` (`from_user_id`, `to_user_id`, `status`) VALUES (30, 72, 0);
INSERT INTO `friend_requests` (`from_user_id`, `to_user_id`, `status`) VALUES (31, 84, 0);
INSERT INTO `friend_requests` (`from_user_id`, `to_user_id`, `status`) VALUES (32, 51, 0);
INSERT INTO `friend_requests` (`from_user_id`, `to_user_id`, `status`) VALUES (34, 20, 0);
INSERT INTO `friend_requests` (`from_user_id`, `to_user_id`, `status`) VALUES (34, 94, 0);
INSERT INTO `friend_requests` (`from_user_id`, `to_user_id`, `status`) VALUES (38, 44, 0);
INSERT INTO `friend_requests` (`from_user_id`, `to_user_id`, `status`) VALUES (38, 54, 0);
INSERT INTO `friend_requests` (`from_user_id`, `to_user_id`, `status`) VALUES (39, 51, 0);
INSERT INTO `friend_requests` (`from_user_id`, `to_user_id`, `status`) VALUES (39, 63, 0);
INSERT INTO `friend_requests` (`from_user_id`, `to_user_id`, `status`) VALUES (42, 23, 0);
INSERT INTO `friend_requests` (`from_user_id`, `to_user_id`, `status`) VALUES (43, 20, 0);
INSERT INTO `friend_requests` (`from_user_id`, `to_user_id`, `status`) VALUES (43, 42, 0);
INSERT INTO `friend_requests` (`from_user_id`, `to_user_id`, `status`) VALUES (44, 96, 0);
INSERT INTO `friend_requests` (`from_user_id`, `to_user_id`, `status`) VALUES (45, 37, 0);
INSERT INTO `friend_requests` (`from_user_id`, `to_user_id`, `status`) VALUES (46, 17, 0);
INSERT INTO `friend_requests` (`from_user_id`, `to_user_id`, `status`) VALUES (46, 42, 0);
INSERT INTO `friend_requests` (`from_user_id`, `to_user_id`, `status`) VALUES (46, 43, 0);
INSERT INTO `friend_requests` (`from_user_id`, `to_user_id`, `status`) VALUES (49, 51, 0);
INSERT INTO `friend_requests` (`from_user_id`, `to_user_id`, `status`) VALUES (52, 51, 0);
INSERT INTO `friend_requests` (`from_user_id`, `to_user_id`, `status`) VALUES (52, 67, 0);
INSERT INTO `friend_requests` (`from_user_id`, `to_user_id`, `status`) VALUES (52, 71, 0);
INSERT INTO `friend_requests` (`from_user_id`, `to_user_id`, `status`) VALUES (55, 1, 0);
INSERT INTO `friend_requests` (`from_user_id`, `to_user_id`, `status`) VALUES (55, 42, 0);
INSERT INTO `friend_requests` (`from_user_id`, `to_user_id`, `status`) VALUES (57, 41, 0);
INSERT INTO `friend_requests` (`from_user_id`, `to_user_id`, `status`) VALUES (57, 43, 0);
INSERT INTO `friend_requests` (`from_user_id`, `to_user_id`, `status`) VALUES (59, 75, 0);
INSERT INTO `friend_requests` (`from_user_id`, `to_user_id`, `status`) VALUES (61, 100, 0);
INSERT INTO `friend_requests` (`from_user_id`, `to_user_id`, `status`) VALUES (62, 69, 0);
INSERT INTO `friend_requests` (`from_user_id`, `to_user_id`, `status`) VALUES (62, 95, 0);
INSERT INTO `friend_requests` (`from_user_id`, `to_user_id`, `status`) VALUES (63, 69, 0);
INSERT INTO `friend_requests` (`from_user_id`, `to_user_id`, `status`) VALUES (63, 86, 0);
INSERT INTO `friend_requests` (`from_user_id`, `to_user_id`, `status`) VALUES (64, 11, 0);
INSERT INTO `friend_requests` (`from_user_id`, `to_user_id`, `status`) VALUES (65, 13, 0);
INSERT INTO `friend_requests` (`from_user_id`, `to_user_id`, `status`) VALUES (67, 43, 0);
INSERT INTO `friend_requests` (`from_user_id`, `to_user_id`, `status`) VALUES (70, 57, 0);
INSERT INTO `friend_requests` (`from_user_id`, `to_user_id`, `status`) VALUES (73, 30, 0);
INSERT INTO `friend_requests` (`from_user_id`, `to_user_id`, `status`) VALUES (74, 87, 0);
INSERT INTO `friend_requests` (`from_user_id`, `to_user_id`, `status`) VALUES (75, 31, 0);
INSERT INTO `friend_requests` (`from_user_id`, `to_user_id`, `status`) VALUES (77, 28, 0);
INSERT INTO `friend_requests` (`from_user_id`, `to_user_id`, `status`) VALUES (79, 10, 0);
INSERT INTO `friend_requests` (`from_user_id`, `to_user_id`, `status`) VALUES (79, 33, 0);
INSERT INTO `friend_requests` (`from_user_id`, `to_user_id`, `status`) VALUES (80, 6, 0);
INSERT INTO `friend_requests` (`from_user_id`, `to_user_id`, `status`) VALUES (80, 19, 0);
INSERT INTO `friend_requests` (`from_user_id`, `to_user_id`, `status`) VALUES (80, 81, 0);
INSERT INTO `friend_requests` (`from_user_id`, `to_user_id`, `status`) VALUES (80, 83, 0);
INSERT INTO `friend_requests` (`from_user_id`, `to_user_id`, `status`) VALUES (81, 92, 0);
INSERT INTO `friend_requests` (`from_user_id`, `to_user_id`, `status`) VALUES (81, 95, 0);
INSERT INTO `friend_requests` (`from_user_id`, `to_user_id`, `status`) VALUES (82, 28, 0);
INSERT INTO `friend_requests` (`from_user_id`, `to_user_id`, `status`) VALUES (82, 79, 0);
INSERT INTO `friend_requests` (`from_user_id`, `to_user_id`, `status`) VALUES (83, 12, 0);
INSERT INTO `friend_requests` (`from_user_id`, `to_user_id`, `status`) VALUES (83, 96, 0);
INSERT INTO `friend_requests` (`from_user_id`, `to_user_id`, `status`) VALUES (84, 34, 0);
INSERT INTO `friend_requests` (`from_user_id`, `to_user_id`, `status`) VALUES (84, 42, 0);
INSERT INTO `friend_requests` (`from_user_id`, `to_user_id`, `status`) VALUES (88, 86, 0);
INSERT INTO `friend_requests` (`from_user_id`, `to_user_id`, `status`) VALUES (88, 96, 0);
INSERT INTO `friend_requests` (`from_user_id`, `to_user_id`, `status`) VALUES (91, 15, 0);
INSERT INTO `friend_requests` (`from_user_id`, `to_user_id`, `status`) VALUES (91, 54, 0);
INSERT INTO `friend_requests` (`from_user_id`, `to_user_id`, `status`) VALUES (91, 56, 0);
INSERT INTO `friend_requests` (`from_user_id`, `to_user_id`, `status`) VALUES (94, 89, 0);
INSERT INTO `friend_requests` (`from_user_id`, `to_user_id`, `status`) VALUES (97, 42, 0);
INSERT INTO `friend_requests` (`from_user_id`, `to_user_id`, `status`) VALUES (97, 43, 0);
INSERT INTO `friend_requests` (`from_user_id`, `to_user_id`, `status`) VALUES (98, 25, 0);
INSERT INTO `friend_requests` (`from_user_id`, `to_user_id`, `status`) VALUES (98, 62, 0);
INSERT INTO `friend_requests` (`from_user_id`, `to_user_id`, `status`) VALUES (99, 2, 0);
INSERT INTO `friend_requests` (`from_user_id`, `to_user_id`, `status`) VALUES (100, 76, 0);     
     
INSERT INTO `photos` (`id`, `album_id`, `media_id`) VALUES (1, 83, 83);
INSERT INTO `photos` (`id`, `album_id`, `media_id`) VALUES (2, 92, 92);
INSERT INTO `photos` (`id`, `album_id`, `media_id`) VALUES (3, 59, 59);
INSERT INTO `photos` (`id`, `album_id`, `media_id`) VALUES (4, 62, 62);
INSERT INTO `photos` (`id`, `album_id`, `media_id`) VALUES (5, 80, 80);
INSERT INTO `photos` (`id`, `album_id`, `media_id`) VALUES (6, 14, 14);
INSERT INTO `photos` (`id`, `album_id`, `media_id`) VALUES (7, 99, 99);
INSERT INTO `photos` (`id`, `album_id`, `media_id`) VALUES (8, 20, 20);
INSERT INTO `photos` (`id`, `album_id`, `media_id`) VALUES (9, 63, 63);
INSERT INTO `photos` (`id`, `album_id`, `media_id`) VALUES (10, 39, 39);
INSERT INTO `photos` (`id`, `album_id`, `media_id`) VALUES (11, 26, 26);
INSERT INTO `photos` (`id`, `album_id`, `media_id`) VALUES (12, 67, 67);
INSERT INTO `photos` (`id`, `album_id`, `media_id`) VALUES (13, 36, 36);
INSERT INTO `photos` (`id`, `album_id`, `media_id`) VALUES (14, 35, 35);
INSERT INTO `photos` (`id`, `album_id`, `media_id`) VALUES (15, 32, 32);
INSERT INTO `photos` (`id`, `album_id`, `media_id`) VALUES (16, 72, 72);
INSERT INTO `photos` (`id`, `album_id`, `media_id`) VALUES (17, 75, 75);
INSERT INTO `photos` (`id`, `album_id`, `media_id`) VALUES (18, 16, 16);
INSERT INTO `photos` (`id`, `album_id`, `media_id`) VALUES (19, 6, 6);
INSERT INTO `photos` (`id`, `album_id`, `media_id`) VALUES (20, 70, 70);
INSERT INTO `photos` (`id`, `album_id`, `media_id`) VALUES (21, 13, 13);
INSERT INTO `photos` (`id`, `album_id`, `media_id`) VALUES (22, 42, 42);
INSERT INTO `photos` (`id`, `album_id`, `media_id`) VALUES (23, 88, 88);
INSERT INTO `photos` (`id`, `album_id`, `media_id`) VALUES (24, 9, 9);
INSERT INTO `photos` (`id`, `album_id`, `media_id`) VALUES (25, 56, 56);
INSERT INTO `photos` (`id`, `album_id`, `media_id`) VALUES (26, 50, 50);
INSERT INTO `photos` (`id`, `album_id`, `media_id`) VALUES (27, 96, 96);
INSERT INTO `photos` (`id`, `album_id`, `media_id`) VALUES (28, 15, 15);
INSERT INTO `photos` (`id`, `album_id`, `media_id`) VALUES (29, 18, 18);
INSERT INTO `photos` (`id`, `album_id`, `media_id`) VALUES (30, 34, 34);
INSERT INTO `photos` (`id`, `album_id`, `media_id`) VALUES (31, 44, 44);
INSERT INTO `photos` (`id`, `album_id`, `media_id`) VALUES (32, 86, 86);
INSERT INTO `photos` (`id`, `album_id`, `media_id`) VALUES (33, 87, 87);
INSERT INTO `photos` (`id`, `album_id`, `media_id`) VALUES (34, 95, 95);
INSERT INTO `photos` (`id`, `album_id`, `media_id`) VALUES (35, 77, 77);
INSERT INTO `photos` (`id`, `album_id`, `media_id`) VALUES (36, 97, 97);
INSERT INTO `photos` (`id`, `album_id`, `media_id`) VALUES (37, 29, 29);
INSERT INTO `photos` (`id`, `album_id`, `media_id`) VALUES (38, 4, 4);
INSERT INTO `photos` (`id`, `album_id`, `media_id`) VALUES (39, 85, 85);
INSERT INTO `photos` (`id`, `album_id`, `media_id`) VALUES (40, 21, 21);
INSERT INTO `photos` (`id`, `album_id`, `media_id`) VALUES (41, 68, 68);
INSERT INTO `photos` (`id`, `album_id`, `media_id`) VALUES (42, 45, 45);
INSERT INTO `photos` (`id`, `album_id`, `media_id`) VALUES (43, 43, 43);
INSERT INTO `photos` (`id`, `album_id`, `media_id`) VALUES (44, 31, 31);
INSERT INTO `photos` (`id`, `album_id`, `media_id`) VALUES (45, 3, 3);
INSERT INTO `photos` (`id`, `album_id`, `media_id`) VALUES (46, 17, 17);
INSERT INTO `photos` (`id`, `album_id`, `media_id`) VALUES (47, 98, 98);
INSERT INTO `photos` (`id`, `album_id`, `media_id`) VALUES (48, 66, 66);
INSERT INTO `photos` (`id`, `album_id`, `media_id`) VALUES (49, 55, 55);
INSERT INTO `photos` (`id`, `album_id`, `media_id`) VALUES (50, 61, 61);
INSERT INTO `photos` (`id`, `album_id`, `media_id`) VALUES (51, 58, 58);
INSERT INTO `photos` (`id`, `album_id`, `media_id`) VALUES (52, 53, 53);
INSERT INTO `photos` (`id`, `album_id`, `media_id`) VALUES (53, 22, 22);
INSERT INTO `photos` (`id`, `album_id`, `media_id`) VALUES (54, 81, 81);
INSERT INTO `photos` (`id`, `album_id`, `media_id`) VALUES (55, 2, 2);
INSERT INTO `photos` (`id`, `album_id`, `media_id`) VALUES (56, 82, 82);
INSERT INTO `photos` (`id`, `album_id`, `media_id`) VALUES (57, 69, 69);
INSERT INTO `photos` (`id`, `album_id`, `media_id`) VALUES (58, 54, 54);
INSERT INTO `photos` (`id`, `album_id`, `media_id`) VALUES (59, 78, 78);
INSERT INTO `photos` (`id`, `album_id`, `media_id`) VALUES (60, 100, 100);
INSERT INTO `photos` (`id`, `album_id`, `media_id`) VALUES (61, 12, 12);
INSERT INTO `photos` (`id`, `album_id`, `media_id`) VALUES (62, 47, 47);
INSERT INTO `photos` (`id`, `album_id`, `media_id`) VALUES (63, 33, 33);
INSERT INTO `photos` (`id`, `album_id`, `media_id`) VALUES (64, 30, 30);
INSERT INTO `photos` (`id`, `album_id`, `media_id`) VALUES (65, 73, 73);
INSERT INTO `photos` (`id`, `album_id`, `media_id`) VALUES (66, 24, 24);
INSERT INTO `photos` (`id`, `album_id`, `media_id`) VALUES (67, 65, 65);
INSERT INTO `photos` (`id`, `album_id`, `media_id`) VALUES (68, 46, 46);
INSERT INTO `photos` (`id`, `album_id`, `media_id`) VALUES (69, 8, 8);
INSERT INTO `photos` (`id`, `album_id`, `media_id`) VALUES (70, 79, 79);
INSERT INTO `photos` (`id`, `album_id`, `media_id`) VALUES (71, 48, 48);
INSERT INTO `photos` (`id`, `album_id`, `media_id`) VALUES (72, 64, 64);
INSERT INTO `photos` (`id`, `album_id`, `media_id`) VALUES (73, 90, 90);
INSERT INTO `photos` (`id`, `album_id`, `media_id`) VALUES (74, 5, 5);
INSERT INTO `photos` (`id`, `album_id`, `media_id`) VALUES (75, 74, 74);
INSERT INTO `photos` (`id`, `album_id`, `media_id`) VALUES (76, 19, 19);
INSERT INTO `photos` (`id`, `album_id`, `media_id`) VALUES (77, 51, 51);
INSERT INTO `photos` (`id`, `album_id`, `media_id`) VALUES (78, 60, 60);
INSERT INTO `photos` (`id`, `album_id`, `media_id`) VALUES (79, 10, 10);
INSERT INTO `photos` (`id`, `album_id`, `media_id`) VALUES (80, 40, 40);
INSERT INTO `photos` (`id`, `album_id`, `media_id`) VALUES (81, 94, 94);
INSERT INTO `photos` (`id`, `album_id`, `media_id`) VALUES (82, 76, 76);
INSERT INTO `photos` (`id`, `album_id`, `media_id`) VALUES (83, 7, 7);
INSERT INTO `photos` (`id`, `album_id`, `media_id`) VALUES (84, 38, 38);
INSERT INTO `photos` (`id`, `album_id`, `media_id`) VALUES (85, 37, 37);
INSERT INTO `photos` (`id`, `album_id`, `media_id`) VALUES (86, 52, 52);
INSERT INTO `photos` (`id`, `album_id`, `media_id`) VALUES (87, 1, 1);
INSERT INTO `photos` (`id`, `album_id`, `media_id`) VALUES (88, 93, 93);
INSERT INTO `photos` (`id`, `album_id`, `media_id`) VALUES (89, 91, 91);
INSERT INTO `photos` (`id`, `album_id`, `media_id`) VALUES (90, 41, 41);
INSERT INTO `photos` (`id`, `album_id`, `media_id`) VALUES (91, 84, 84);
INSERT INTO `photos` (`id`, `album_id`, `media_id`) VALUES (92, 71, 71);
INSERT INTO `photos` (`id`, `album_id`, `media_id`) VALUES (93, 57, 57);
INSERT INTO `photos` (`id`, `album_id`, `media_id`) VALUES (94, 27, 27);
INSERT INTO `photos` (`id`, `album_id`, `media_id`) VALUES (95, 49, 49);
INSERT INTO `photos` (`id`, `album_id`, `media_id`) VALUES (96, 11, 11);
INSERT INTO `photos` (`id`, `album_id`, `media_id`) VALUES (97, 89, 89);
INSERT INTO `photos` (`id`, `album_id`, `media_id`) VALUES (98, 23, 23);
INSERT INTO `photos` (`id`, `album_id`, `media_id`) VALUES (99, 25, 25);
INSERT INTO `photos` (`id`, `album_id`, `media_id`) VALUES (100, 28, 28);     
      
INSERT INTO `users_communities` (`community_id`, `user_id`) VALUES (1, 5);
INSERT INTO `users_communities` (`community_id`, `user_id`) VALUES (1, 13);
INSERT INTO `users_communities` (`community_id`, `user_id`) VALUES (1, 23);
INSERT INTO `users_communities` (`community_id`, `user_id`) VALUES (1, 36);
INSERT INTO `users_communities` (`community_id`, `user_id`) VALUES (1, 39);
INSERT INTO `users_communities` (`community_id`, `user_id`) VALUES (1, 49);
INSERT INTO `users_communities` (`community_id`, `user_id`) VALUES (1, 51);
INSERT INTO `users_communities` (`community_id`, `user_id`) VALUES (1, 55);
INSERT INTO `users_communities` (`community_id`, `user_id`) VALUES (1, 66);
INSERT INTO `users_communities` (`community_id`, `user_id`) VALUES (1, 69);
INSERT INTO `users_communities` (`community_id`, `user_id`) VALUES (2, 7);
INSERT INTO `users_communities` (`community_id`, `user_id`) VALUES (2, 21);
INSERT INTO `users_communities` (`community_id`, `user_id`) VALUES (2, 44);
INSERT INTO `users_communities` (`community_id`, `user_id`) VALUES (2, 54);
INSERT INTO `users_communities` (`community_id`, `user_id`) VALUES (2, 67);
INSERT INTO `users_communities` (`community_id`, `user_id`) VALUES (2, 90);
INSERT INTO `users_communities` (`community_id`, `user_id`) VALUES (2, 93);
INSERT INTO `users_communities` (`community_id`, `user_id`) VALUES (3, 5);
INSERT INTO `users_communities` (`community_id`, `user_id`) VALUES (3, 13);
INSERT INTO `users_communities` (`community_id`, `user_id`) VALUES (3, 21);
INSERT INTO `users_communities` (`community_id`, `user_id`) VALUES (3, 29);
INSERT INTO `users_communities` (`community_id`, `user_id`) VALUES (3, 32);
INSERT INTO `users_communities` (`community_id`, `user_id`) VALUES (3, 51);
INSERT INTO `users_communities` (`community_id`, `user_id`) VALUES (3, 53);
INSERT INTO `users_communities` (`community_id`, `user_id`) VALUES (3, 65);
INSERT INTO `users_communities` (`community_id`, `user_id`) VALUES (3, 87);
INSERT INTO `users_communities` (`community_id`, `user_id`) VALUES (4, 18);
INSERT INTO `users_communities` (`community_id`, `user_id`) VALUES (4, 20);
INSERT INTO `users_communities` (`community_id`, `user_id`) VALUES (4, 24);
INSERT INTO `users_communities` (`community_id`, `user_id`) VALUES (4, 32);
INSERT INTO `users_communities` (`community_id`, `user_id`) VALUES (4, 53);
INSERT INTO `users_communities` (`community_id`, `user_id`) VALUES (4, 62);
INSERT INTO `users_communities` (`community_id`, `user_id`) VALUES (4, 68);
INSERT INTO `users_communities` (`community_id`, `user_id`) VALUES (4, 71);
INSERT INTO `users_communities` (`community_id`, `user_id`) VALUES (4, 80);
INSERT INTO `users_communities` (`community_id`, `user_id`) VALUES (4, 91);
INSERT INTO `users_communities` (`community_id`, `user_id`) VALUES (5, 6);
INSERT INTO `users_communities` (`community_id`, `user_id`) VALUES (5, 7);
INSERT INTO `users_communities` (`community_id`, `user_id`) VALUES (5, 9);
INSERT INTO `users_communities` (`community_id`, `user_id`) VALUES (5, 10);
INSERT INTO `users_communities` (`community_id`, `user_id`) VALUES (5, 22);
INSERT INTO `users_communities` (`community_id`, `user_id`) VALUES (5, 56);
INSERT INTO `users_communities` (`community_id`, `user_id`) VALUES (5, 60);
INSERT INTO `users_communities` (`community_id`, `user_id`) VALUES (5, 82);
INSERT INTO `users_communities` (`community_id`, `user_id`) VALUES (5, 91);
INSERT INTO `users_communities` (`community_id`, `user_id`) VALUES (5, 94);
INSERT INTO `users_communities` (`community_id`, `user_id`) VALUES (5, 96);
INSERT INTO `users_communities` (`community_id`, `user_id`) VALUES (6, 17);
INSERT INTO `users_communities` (`community_id`, `user_id`) VALUES (6, 18);
INSERT INTO `users_communities` (`community_id`, `user_id`) VALUES (6, 22);
INSERT INTO `users_communities` (`community_id`, `user_id`) VALUES (6, 23);
INSERT INTO `users_communities` (`community_id`, `user_id`) VALUES (6, 27);
INSERT INTO `users_communities` (`community_id`, `user_id`) VALUES (6, 30);
INSERT INTO `users_communities` (`community_id`, `user_id`) VALUES (6, 43);
INSERT INTO `users_communities` (`community_id`, `user_id`) VALUES (6, 47);
INSERT INTO `users_communities` (`community_id`, `user_id`) VALUES (6, 65);
INSERT INTO `users_communities` (`community_id`, `user_id`) VALUES (6, 69);
INSERT INTO `users_communities` (`community_id`, `user_id`) VALUES (6, 70);
INSERT INTO `users_communities` (`community_id`, `user_id`) VALUES (6, 79);
INSERT INTO `users_communities` (`community_id`, `user_id`) VALUES (6, 86);
INSERT INTO `users_communities` (`community_id`, `user_id`) VALUES (6, 98);
INSERT INTO `users_communities` (`community_id`, `user_id`) VALUES (6, 99);
INSERT INTO `users_communities` (`community_id`, `user_id`) VALUES (7, 20);
INSERT INTO `users_communities` (`community_id`, `user_id`) VALUES (7, 22);
INSERT INTO `users_communities` (`community_id`, `user_id`) VALUES (7, 23);
INSERT INTO `users_communities` (`community_id`, `user_id`) VALUES (7, 30);
INSERT INTO `users_communities` (`community_id`, `user_id`) VALUES (7, 38);
INSERT INTO `users_communities` (`community_id`, `user_id`) VALUES (7, 60);
INSERT INTO `users_communities` (`community_id`, `user_id`) VALUES (7, 87);
INSERT INTO `users_communities` (`community_id`, `user_id`) VALUES (7, 93);
INSERT INTO `users_communities` (`community_id`, `user_id`) VALUES (8, 22);
INSERT INTO `users_communities` (`community_id`, `user_id`) VALUES (8, 30);
INSERT INTO `users_communities` (`community_id`, `user_id`) VALUES (8, 38);
INSERT INTO `users_communities` (`community_id`, `user_id`) VALUES (8, 47);
INSERT INTO `users_communities` (`community_id`, `user_id`) VALUES (8, 80);
INSERT INTO `users_communities` (`community_id`, `user_id`) VALUES (8, 89);
INSERT INTO `users_communities` (`community_id`, `user_id`) VALUES (8, 99);
INSERT INTO `users_communities` (`community_id`, `user_id`) VALUES (9, 9);
INSERT INTO `users_communities` (`community_id`, `user_id`) VALUES (9, 13);
INSERT INTO `users_communities` (`community_id`, `user_id`) VALUES (9, 20);
INSERT INTO `users_communities` (`community_id`, `user_id`) VALUES (9, 27);
INSERT INTO `users_communities` (`community_id`, `user_id`) VALUES (9, 39);
INSERT INTO `users_communities` (`community_id`, `user_id`) VALUES (9, 42);
INSERT INTO `users_communities` (`community_id`, `user_id`) VALUES (9, 56);
INSERT INTO `users_communities` (`community_id`, `user_id`) VALUES (9, 70);
INSERT INTO `users_communities` (`community_id`, `user_id`) VALUES (9, 76);
INSERT INTO `users_communities` (`community_id`, `user_id`) VALUES (9, 85);
INSERT INTO `users_communities` (`community_id`, `user_id`) VALUES (9, 93);
INSERT INTO `users_communities` (`community_id`, `user_id`) VALUES (10, 9);
INSERT INTO `users_communities` (`community_id`, `user_id`) VALUES (10, 25);
INSERT INTO `users_communities` (`community_id`, `user_id`) VALUES (10, 33);
INSERT INTO `users_communities` (`community_id`, `user_id`) VALUES (10, 55);
INSERT INTO `users_communities` (`community_id`, `user_id`) VALUES (10, 70);
INSERT INTO `users_communities` (`community_id`, `user_id`) VALUES (10, 81);
INSERT INTO `users_communities` (`community_id`, `user_id`) VALUES (10, 87);
INSERT INTO `users_communities` (`community_id`, `user_id`) VALUES (10, 90);
INSERT INTO `users_communities` (`community_id`, `user_id`) VALUES (10, 99);    
         
